time/total_timesteps,train/policy_loss,train/n_updates,train/entropy_loss,rollout/ep_rew_mean,train/explained_variance,train/learning_rate,time/fps,time/time_elapsed,rollout/ep_len_mean,train/value_loss,time/iterations
500,1.8408985137939453,99,-0.6927070021629333,24.36842105263158,-0.15141916275024414,0.0007,1306,0,24.36842105263158,9.547243118286133,100
1000,1.8201080560684204,199,-0.6747890114784241,27.38888888888889,-0.006971240043640137,0.0007,1309,0,27.38888888888889,7.522369384765625,200
1500,1.8545916080474854,299,-0.6716223955154419,27.2,0.06420516967773438,0.0007,1272,1,27.2,6.05798864364624,300
2000,1.4409767389297485,399,-0.6805369257926941,27.859154929577464,0.0054784417152404785,0.0007,1305,1,27.859154929577464,6.195670127868652,400
2500,1.0452396869659424,499,-0.6252089738845825,29.070588235294117,-0.0013043880462646484,0.0007,1336,1,29.070588235294117,5.587860107421875,500
3000,1.153139591217041,599,-0.6422526836395264,32.41304347826087,-0.00037550926208496094,0.0007,1353,2,32.41304347826087,4.972795486450195,600
3500,1.3803050518035889,699,-0.5267744064331055,35.2,0.015310883522033691,0.0007,1355,2,35.2,4.3856682777404785,700
4000,1.1128699779510498,799,-0.599574863910675,39.88659793814433,0.006026268005371094,0.0007,1273,3,39.88659793814433,3.726746082305908,800
4500,1.0990616083145142,899,-0.5565611124038696,43.56565656565657,-0.0005025863647460938,0.0007,1136,3,43.56565656565657,3.236021041870117,900
5000,0.9038251042366028,999,-0.551913857460022,48.72,-0.00018393993377685547,0.0007,1156,4,48.72,2.7599337100982666,1000
5500,0.8119304776191711,1099,-0.5853238105773926,52.74,0.0003604292869567871,0.0007,1169,4,52.74,2.3157734870910645,1100
6000,0.7157558798789978,1199,-0.6056886911392212,57.51,2.2649765014648438e-05,0.0007,1087,5,57.51,1.9181276559829712,1200
6500,0.5229877233505249,1299,-0.6510511636734009,61.49,2.4497509002685547e-05,0.0007,1096,5,61.49,1.5500389337539673,1300
7000,0.48297667503356934,1399,-0.6288096904754639,65.65,-4.4465065002441406e-05,0.0007,1112,6,65.65,1.2275974750518799,1400
7500,0.40343576669692993,1499,-0.6564300656318665,69.55,-9.512901306152344e-05,0.0007,1123,6,69.55,0.9307332038879395,1500
8000,0.255875825881958,1599,-0.5723156929016113,73.07,3.6835670471191406e-05,0.0007,1131,7,73.07,0.6806470155715942,1600
8500,0.29576438665390015,1699,-0.5837443470954895,77.17,-1.5020370483398438e-05,0.0007,1146,7,77.17,0.4616539478302002,1700
9000,0.2655332386493683,1799,-0.6448386311531067,82.48,0.0002741217613220215,0.0007,1161,7,82.48,0.2883661389350891,1800
9500,0.1495361030101776,1899,-0.6383385062217712,86.27,-7.724761962890625e-05,0.0007,1172,8,86.27,0.15542833507061005,1900
10000,0.11764733493328094,1999,-0.6469680070877075,89.98,-6.103515625e-05,0.0007,1182,8,89.98,0.06293586641550064,2000
10500,0.050924092531204224,2099,-0.614399790763855,96.54,-0.00014197826385498047,0.0007,1195,8,96.54,0.011701800860464573,2100
11000,0.0037514190189540386,2199,-0.5893141031265259,100.93,0.0027268528938293457,0.0007,1146,9,100.93,0.00012517388677224517,2200
11500,0.0004703348968178034,2299,-0.6413604617118835,104.87,-0.00047266483306884766,0.0007,1156,9,104.87,1.5205238241833285e-06,2300
12000,-1.235399054166919e-06,2399,-0.5011358261108398,109.12,nan,0.0007,1115,10,109.12,1.396983917434369e-10,2400
12500,-1.3111280168232042e-05,2499,-0.5916711688041687,114.0,nan,0.0007,1079,11,114.0,1.0360963198507989e-09,2500
13000,-5.301487362885382e-06,2599,-0.4161527752876282,118.89,nan,0.0007,1049,12,118.89,2.9103830456733704e-10,2600
13500,4.94121832161909e-06,2699,-0.6351209878921509,123.64,nan,0.0007,1022,13,123.64,1.2805685678518586e-10,2700
14000,1.1345055099809542e-06,2799,-0.5558894872665405,128.43,nan,0.0007,998,14,128.43,6.984919587171845e-11,2800
14500,5.534703632292803e-06,2899,-0.59596186876297,133.22,nan,0.0007,977,14,133.22,2.2118910869561859e-10,2900
15000,5.4521296988241374e-06,2999,-0.6118406653404236,138.05,nan,0.0007,988,15,138.05,2.4447216473433286e-10,3000
15500,2.0993379621359054e-06,3099,-0.5395463705062866,142.13,nan,0.0007,996,15,142.13,2.3283064712331658e-11,3100
16000,1.0572361134109087e-05,3199,-0.4925318658351898,147.43,-2.271578788757324,0.0007,1006,15,147.43,6.6356733441352844e-09,3200
16500,1.4879822174407309e-06,3299,-0.3519636392593384,152.12,nan,0.0007,1014,16,152.12,2.3283064712331658e-11,3300
17000,2.464735757712333e-07,3399,-0.5409838557243347,156.97,nan,0.0007,1023,16,156.97,6.984919587171845e-11,3400
17500,2.0471591142268153e-06,3499,-0.5547215938568115,161.78,nan,0.0007,1032,16,161.78,1.0477378686868377e-10,3500
18000,4.89022704641684e-06,3599,-0.3607920706272125,166.65,nan,0.0007,1029,17,166.65,2.561137135703717e-10,3600
18500,-8.360218998859636e-06,3699,-0.36902478337287903,171.29,-4.320000171661377,0.0007,1010,18,171.29,6.402842700481415e-10,3700
19000,-53.779762268066406,3799,-0.6255806684494019,176.87,1.4066696166992188e-05,0.0007,993,19,176.87,9418.552734375,3800
19500,0.0005141791771166027,3899,-0.5476561784744263,180.72,-0.0009871721267700195,0.0007,978,19,180.72,1.04152127278212e-06,3900
20000,-4.004491711384617e-05,3999,-0.6199128031730652,182.64,-2.142857313156128,0.0007,964,20,182.64,4.9709343308279585e-09,4000
20500,1.8048831407213584e-05,4099,-0.5124674439430237,188.86,-0.4800001382827759,0.0007,973,21,188.86,6.286427489676782e-10,4100
21000,5.7647125686344225e-06,4199,-0.5520244240760803,192.29,nan,0.0007,982,21,192.29,3.958121053138086e-10,4200
21500,0.00010936880426015705,4299,-0.5323925018310547,197.84,-0.006479501724243164,0.0007,989,21,197.84,3.359746258979612e-08,4300
22000,-1.4281108633440454e-05,4399,-0.5557172298431396,201.37,nan,0.0007,997,22,201.37,8.614733926215479e-10,4400
22500,0.0005383482202887535,4499,-0.4682386517524719,207.22,0.03182327747344971,0.0007,1004,22,207.22,6.284332130235271e-07,4500
23000,3.1205705454340205e-05,4599,-0.6226571798324585,210.42,-5.279999732971191,0.0007,1011,22,210.42,8.288770558806391e-09,4600
23500,0.004596147686243057,4699,-0.43118610978126526,216.27,0.012852251529693604,0.0007,1013,23,216.27,4.0118175093084574e-05,4700
24000,0.0030140713788568974,4799,-0.5096797943115234,219.96,0.0037615299224853516,0.0007,1019,23,219.96,4.299495049053803e-05,4800
24500,-2.5005362033843994,4899,-0.5344292521476746,223.12,-0.5637402534484863,0.0007,1024,23,223.12,26.70465087890625,4900
25000,-5.087693214416504,4999,-0.5800554156303406,227.09,-102.04729461669922,0.0007,1009,24,227.09,507.7347717285156,5000
25500,-0.46375781297683716,5099,-0.5145220160484314,226.73,-17.264698028564453,0.0007,1015,25,226.73,2.6836209297180176,5100
26000,-1.4984220266342163,5199,-0.39728468656539917,216.29,0.27193135023117065,0.0007,1021,25,216.29,16.6713809967041,5200
26500,2.339095115661621,5299,-0.43582478165626526,210.56,-1.4334197044372559,0.0007,1027,25,210.56,33.766136169433594,5300
27000,0.24663765728473663,5399,-0.3644999563694,210.75,-8.772687911987305,0.0007,1032,26,210.75,0.7693647146224976,5400
27500,0.029038334265351295,5499,-0.34919852018356323,214.87,-7.807975769042969,0.0007,1038,26,214.87,0.0036744452081620693,5500
28000,-0.010638916864991188,5599,-0.3844965100288391,205.53,0.39345425367355347,0.0007,1044,26,205.53,0.0010144234402105212,5600
28500,-20.444805145263672,5699,-0.3983538746833801,121.23,-0.014054059982299805,0.0007,1049,27,121.23,9734.712890625,5700
29000,0.002035630401223898,5799,-0.3443830907344818,35.38,-41.10159683227539,0.0007,1054,27,35.38,0.007303651422262192,5800
29500,-22.711509704589844,5899,-0.24643158912658691,11.55,-0.0028281211853027344,0.0007,1052,28,11.55,3880.95263671875,5900
30000,0.006824184209108353,5999,-0.49837636947631836,12.26,-3.373652935028076,0.0007,1039,28,12.26,0.0002041347324848175,6000
30500,-23.249767303466797,6099,-0.3264243006706238,14.27,-0.001814126968383789,0.0007,1043,29,14.27,7540.2275390625,6100
31000,-30.908123016357422,6199,-0.37573114037513733,15.64,-0.0011935234069824219,0.0007,1048,29,15.64,7518.86474609375,6200
31500,0.001733716344460845,6299,-0.5141956210136414,18.48,-0.07453334331512451,0.0007,1053,29,18.48,9.526428584649693e-06,6300
32000,0.0011312561109662056,6399,-0.330188125371933,22.88,-0.013196825981140137,0.0007,1057,30,22.88,2.0561390101647703e-06,6400
32500,0.0003639117639977485,6499,-0.5983381271362305,27.64,-0.021652579307556152,0.0007,1060,30,27.64,6.906455496391573e-07,6500
33000,0.004227240104228258,6599,-0.5189223885536194,31.38,-0.03124690055847168,0.0007,1047,31,31.38,7.872760761529207e-05,6600
33500,0.003992859739810228,6699,-0.5955815315246582,35.47,-0.051879048347473145,0.0007,1035,32,35.47,0.00012266350677236915,6700
34000,0.0016612630570307374,6799,-0.4400281012058258,39.56,-0.0930337905883789,0.0007,1024,33,39.56,6.4450200625287835e-06,6800
34500,0.0010068663395941257,6899,-0.48605290055274963,43.64,0.612006664276123,0.0007,1014,34,43.64,3.4134602628910216e-06,6900
35000,0.0008380416547879577,6999,-0.5892778038978577,46.79,0.09030425548553467,0.0007,1012,34,46.79,4.5952156142448075e-06,7000
35500,0.0010766532504931092,7099,-0.4677746295928955,51.48,-0.07750844955444336,0.0007,1016,34,51.48,1.4229584849090315e-05,7100
36000,0.0013806462520733476,7199,-0.5256969928741455,54.98,0.006821274757385254,0.0007,1008,35,54.98,3.3114465622929856e-05,7200
36500,0.0013752508675679564,7299,-0.4364714026451111,58.9,0.24033528566360474,0.0007,1001,36,58.9,3.815942818619078e-06,7300
37000,0.0005278124008327723,7399,-0.5584478378295898,63.06,-0.07820141315460205,0.0007,993,37,63.06,3.1292554467654554e-06,7400
37500,0.0003401499998290092,7499,-0.45260459184646606,67.23,0.6208487153053284,0.0007,997,37,67.23,3.388966547390737e-07,7500
38000,8.948824688559398e-05,7599,-0.5742554068565369,72.23,-30.1648006439209,0.0007,1002,37,72.23,1.765321968605349e-07,7600
38500,0.00037158565828576684,7699,-0.546894907951355,74.88,-1.042621374130249,0.0007,1006,38,74.88,6.968504635551653e-07,7700
39000,-0.0003989551623817533,7799,-0.6462435722351074,79.23,-22.164705276489258,0.0007,1009,38,79.23,8.614850344201841e-07,7800
39500,-1.5386362065328285e-05,7899,-0.5909180641174316,83.95,-11539.5205078125,0.0007,1014,38,83.95,1.3486366015058593e-06,7900
40000,0.001895755180157721,7999,-0.3731737434864044,89.42,-1.569077968597412,0.0007,1018,39,89.42,4.940338112646714e-05,8000
40500,0.001600421965122223,8099,-0.4185482859611511,92.89,-22.79139518737793,0.0007,1021,39,92.89,7.719371751591098e-06,8100
41000,-0.0006639014463871717,8199,-0.5789063572883606,87.38,0.35720568895339966,0.0007,1025,39,87.38,1.4267279766499996e-06,8200
41500,0.0012761459220200777,8299,-0.46107736229896545,88.38,-35.92818069458008,0.0007,1028,40,88.38,2.9960961910546757e-05,8300
42000,0.0013011634582653642,8399,-0.5040794610977173,91.32,0.3966342806816101,0.0007,1032,40,91.32,1.5635927411494777e-05,8400
42500,0.001492269104346633,8499,-0.36010608077049255,93.02,-0.3777785301208496,0.0007,1036,40,93.02,8.439307748631109e-06,8500
43000,0.002498059766367078,8599,-0.4249734878540039,91.35,0.04205423593521118,0.0007,1041,41,91.35,5.5124179198173806e-05,8600
43500,0.004077867139130831,8699,-0.4485493302345276,87.51,-0.04952645301818848,0.0007,1043,41,87.51,0.0002845341805368662,8700
44000,-0.01455630548298359,8799,-0.46233120560646057,82.48,0.32850420475006104,0.0007,1038,42,82.48,0.003960495349019766,8800
44500,-19.90754508972168,8899,-0.35378894209861755,77.57,0.03139805793762207,0.0007,1031,43,77.57,6784.0576171875,8900
45000,0.021597210317850113,8999,-0.5365893840789795,75.12,0.27365899085998535,0.0007,1024,43,75.12,0.00735073396936059,9000
45500,0.005280816461890936,9099,-0.4961604177951813,74.51,0.704641580581665,0.0007,1025,44,74.51,0.0002601903397589922,9100
46000,0.0026819235645234585,9199,-0.5287891030311584,75.81,0.07465600967407227,0.0007,1023,44,75.81,0.00011297590390313417,9200
46500,-0.0003313736233394593,9299,-0.2942942678928375,77.99,0.7599043846130371,0.0007,1016,45,77.99,7.702072252868675e-06,9300
47000,0.0002989519271068275,9399,-0.48270320892333984,76.65,-1.8830327987670898,0.0007,1008,46,76.65,5.9014582802774385e-05,9400
47500,-0.41262784600257874,9499,-0.42878279089927673,76.03,-17.404691696166992,0.0007,1001,47,76.03,6.044713497161865,9500
48000,0.005560056306421757,9599,-0.28435665369033813,73.79,0.7994146943092346,0.0007,994,48,73.79,0.02220430038869381,9600
48500,-0.4099527895450592,9699,-0.32644224166870117,70.75,0.8651198148727417,0.0007,997,48,70.75,1.2875181436538696,9700
49000,0.33326292037963867,9799,-0.3652209937572479,64.94,0.8414474725723267,0.0007,1000,48,64.94,2.658418655395508,9800
49500,-0.663300096988678,9899,-0.30267128348350525,64.13,0.7901849746704102,0.0007,1003,49,64.13,1.4531192779541016,9900
50000,0.18545572459697723,9999,-0.2660863995552063,64.72,0.9218006730079651,0.0007,1006,49,64.72,0.1364172250032425,10000
50500,-0.11544620990753174,10099,-0.491655170917511,66.31,0.8034371137619019,0.0007,1008,50,66.31,0.1035553365945816,10100
51000,1.2245821952819824,10199,-0.36737629771232605,70.71,0.9315817356109619,0.0007,1011,50,70.71,2.166315793991089,10200
51500,-0.6322435140609741,10299,-0.26868104934692383,74.97,0.5947748422622681,0.0007,1005,51,74.97,1.2671064138412476,10300
52000,0.41047731041908264,10399,-0.4029114246368408,78.57,-2.039193868637085,0.0007,1007,51,78.57,1.0637198686599731,10400
52500,-0.006032365374267101,10499,-0.38477623462677,83.23,0.9927817583084106,0.0007,1001,52,83.23,0.005238762591034174,10500
53000,0.07913069427013397,10599,-0.5086339712142944,84.7,-2.2871973514556885,0.0007,1003,52,84.7,0.10790040343999863,10600
53500,0.1588400900363922,10699,-0.46465903520584106,89.47,-14.954155921936035,0.0007,1005,53,89.47,0.20185236632823944,10700
54000,0.014365012757480145,10799,-0.3562360405921936,94.16,-980.9319458007812,0.0007,1006,53,94.16,0.006737383548170328,10800
54500,-0.008154138922691345,10899,-0.5788953900337219,98.72,-38.94303894042969,0.0007,1008,54,98.72,0.0008629175717942417,10900
55000,0.008056925609707832,10999,-0.4216347336769104,103.47,-286.4017028808594,0.0007,1011,54,103.47,0.0025984104722738266,11000
55500,0.001524024293757975,11099,-0.5713623762130737,108.21,-1.8011865615844727,0.0007,1006,55,108.21,3.632285006460734e-05,11100
56000,-0.004792273975908756,11199,-0.2969821095466614,112.63,-0.12815165519714355,0.0007,1000,55,112.63,9.982958727050573e-05,11200
56500,-0.0013893510913476348,11299,-0.4756433963775635,116.98,-5.657571792602539,0.0007,1003,56,116.98,0.0004961281665600836,11300
57000,-0.009583927690982819,11399,-0.39704641699790955,121.69,-40.121185302734375,0.0007,1006,56,121.69,0.0007266488973982632,11400
57500,-0.003140263259410858,11499,-0.339302659034729,126.05,-5.45642614364624,0.0007,1009,56,126.05,0.00024172838311642408,11500
58000,-0.004211164079606533,11599,-0.3178672790527344,130.8,-71.53509521484375,0.0007,1011,57,130.8,0.0001471516879973933,11600
58500,-0.0002782137307804078,11699,-0.46874380111694336,135.16,-10.28498649597168,0.0007,1014,57,135.16,1.9538483684300445e-05,11700
59000,-0.007192661520093679,11799,-0.39075616002082825,139.37,-1.2002263069152832,0.0007,1017,57,139.37,0.00048390100710093975,11800
59500,-0.0011898876400664449,11899,-0.36868470907211304,143.74,-2.1264448165893555,0.0007,1021,58,143.74,1.5558989616692998e-05,11900
60000,-0.007029837463051081,11999,-0.45606422424316406,147.82,-3.134199619293213,0.0007,1023,58,147.82,8.058417733991519e-05,12000
60500,0.001073029008693993,12099,-0.3926929533481598,151.61,-78.78589630126953,0.0007,1026,58,151.61,3.852380905300379e-05,12100
61000,-0.0035238005220890045,12199,-0.2502615451812744,155.36,-81.43276977539062,0.0007,1028,59,155.36,0.003000192577019334,12200
61500,-0.010716716758906841,12299,-0.4168928265571594,155.78,-482.336669921875,0.0007,1032,59,155.78,0.0001543340622447431,12300
62000,-0.001115719205699861,12399,-0.4008713364601135,159.35,-195.7392578125,0.0007,1034,59,159.35,1.901700125017669e-05,12400
62500,-0.002914356766268611,12499,-0.49963122606277466,162.73,0.3886551260948181,0.0007,1035,60,162.73,6.590283010154963e-05,12500
63000,-0.004022869281470776,12599,-0.4663662910461426,166.33,-28.007322311401367,0.0007,1035,60,166.33,9.99742915155366e-05,12600
63500,0.0005410335725173354,12699,-0.2554000914096832,169.78,0.9345630407333374,0.0007,1038,61,169.78,1.5991157624739571e-06,12700
64000,0.00035645035677589476,12799,-0.42048341035842896,173.48,-6.702642440795898,0.0007,1040,61,173.48,5.7345487221027724e-06,12800
64500,-0.0004322555032558739,12899,-0.32380008697509766,176.92,-2.9087178707122803,0.0007,1043,61,176.92,1.2669782336161006e-05,12900
65000,-0.00015505155897699296,12999,-0.41893523931503296,180.71,-1552.7105712890625,0.0007,1046,62,180.71,0.0016190374735742807,13000
65500,-5.926702942815609e-05,13099,-0.47752851247787476,184.25,-1.5216138362884521,0.0007,1048,62,184.25,1.0969349659717409e-06,13100
66000,-0.0004095858021173626,13199,-0.4887729585170746,187.99,-54.02000045776367,0.0007,1051,62,187.99,1.3167154975235462e-06,13200
66500,0.0047642081044614315,13299,-0.2292824685573578,191.48,-33.891014099121094,0.0007,1054,63,191.48,3.679667133837938e-05,13300
67000,0.0023787161335349083,13399,-0.4637962281703949,195.17,-0.17101943492889404,0.0007,1049,63,195.17,0.00015431026986334473,13400
67500,-0.002184764016419649,13499,-0.486259400844574,199.3,-1088.1629638671875,0.0007,1052,64,199.3,2.961844438686967e-05,13500
68000,0.0032903372775763273,13599,-0.5072900056838989,203.34,-20.199039459228516,0.0007,1055,64,203.34,0.00017258482694160193,13600
68500,-0.0008854551124386489,13699,-0.4230235517024994,207.39,0.24805623292922974,0.0007,1058,64,207.39,1.0353745892643929e-05,13700
69000,-8.313320722663775e-05,13799,-0.34674686193466187,212.46,-4.0720977783203125,0.0007,1060,65,212.46,0.0001212237257277593,13800
69500,-0.0026007182896137238,13899,-0.36918678879737854,216.88,-27.682640075683594,0.0007,1063,65,216.88,5.5214295571204275e-05,13900
70000,-0.0010439574252814054,13999,-0.3754296600818634,221.43,-1.9602570533752441,0.0007,1066,65,221.43,9.150744517683052e-06,14000
70500,-0.000220688249100931,14099,-0.30414795875549316,226.21,0.40728479623794556,0.0007,1068,65,226.21,5.5849900491011795e-06,14100
71000,-0.0005642587202601135,14199,-0.2744166851043701,230.86,-4.316819190979004,0.0007,1071,66,230.86,6.663415206276113e-06,14200
71500,-6.772285996703431e-05,14299,-0.2505526840686798,235.39,-0.46438145637512207,0.0007,1074,66,235.39,5.013984718971187e-06,14300
72000,-0.00027604325441643596,14399,-0.3458993136882782,240.0,0.6559370756149292,0.0007,1076,66,240.0,6.693671366519993e-06,14400
72500,-0.0004935282049700618,14499,-0.24287724494934082,244.38,-44.35620880126953,0.0007,1079,67,244.38,0.000673749775160104,14500
73000,0.0023067998699843884,14599,-0.23333752155303955,248.88,-58.13276290893555,0.0007,1080,67,248.88,5.602153396466747e-05,14600
73500,-0.010311052203178406,14699,-0.5344408750534058,253.47,-6.748326778411865,0.0007,1082,67,253.47,0.0003096497675869614,14700
74000,-0.0019473445136100054,14799,-0.4069734513759613,255.45,-81.46346282958984,0.0007,1084,68,255.45,3.224178362870589e-05,14800
74500,-0.0007384623750112951,14899,-0.39075273275375366,260.13,-1694.5277099609375,0.0007,1086,68,260.13,5.97311873207218e-06,14900
75000,2.099597259075381e-05,14999,-0.21613550186157227,264.65,-2.4247119426727295,0.0007,1089,68,264.65,1.0210205800831318e-06,15000
75500,-0.000675696472171694,15099,-0.30294516682624817,269.26,-11.815288543701172,0.0007,1091,69,269.26,3.093290069955401e-05,15100
76000,-0.0012293598847463727,15199,-0.4110695719718933,273.85,-143.79786682128906,0.0007,1093,69,273.85,8.943525244831108e-06,15200
76500,-0.003331610234454274,15299,-0.40627598762512207,278.53,-615.5949096679688,0.0007,1087,70,278.53,4.644806176656857e-05,15300
77000,-0.00012240117939654738,15399,-0.17513920366764069,283.08,0.10041505098342896,0.0007,1088,70,283.08,8.36843355500605e-06,15400
77500,-0.0012290548766031861,15499,-0.35308602452278137,287.54,-15.36772346496582,0.0007,1090,71,287.54,2.5813316824496724e-05,15500
78000,-0.0005492729833349586,15599,-0.3810846209526062,292.1,-5.309078693389893,0.0007,1092,71,292.1,3.3351475394738372e-06,15600
78500,-0.0004326090565882623,15699,-0.39086127281188965,296.72,-49.23973846435547,0.0007,1093,71,296.72,2.754863771770033e-06,15700
79000,-0.0012962244218215346,15799,-0.2302490919828415,301.36,-15.446266174316406,0.0007,1095,72,301.36,2.880953161366051e-06,15800
79500,-0.0006512420950457454,15899,-0.39462926983833313,305.92,-2.943523645401001,0.0007,1089,72,305.92,4.3726759031414986e-06,15900
80000,-0.00024509389186277986,15999,-0.3653852939605713,310.45,-20.31188201904297,0.0007,1090,73,310.45,3.5634730011224747e-07,16000
80500,0.0003759629908017814,16099,-0.0785125344991684,314.96,-538.9620971679688,0.0007,1092,73,314.96,0.003934997599571943,16100
81000,-0.004144295118749142,16199,-0.32333850860595703,319.64,-10.269919395446777,0.0007,1093,74,319.64,0.0001200351252919063,16200
81500,-0.00019817231805063784,16299,-0.2448732852935791,324.12,-722.749755859375,0.0007,1095,74,324.12,1.0365654816268943e-05,16300
82000,-0.0005279493634589016,16399,-0.4112324118614197,328.68,-363.9073486328125,0.0007,1097,74,328.68,7.824308340786956e-06,16400
82500,-6.1940504565427545e-06,16499,-0.17709533870220184,333.15,-13.040875434875488,0.0007,1097,75,333.15,4.400499165058136e-07,16500
83000,-0.00015951954992488027,16599,-0.2809629738330841,337.74,-20.82513999938965,0.0007,1099,75,337.74,1.5640514448023168e-06,16600
83500,0.00034854660043492913,16699,-0.22456613183021545,342.15,-413.384521484375,0.0007,1099,75,342.15,1.48550143421744e-05,16700
84000,-0.007368630263954401,16799,-0.3510019779205322,346.64,-117.57990264892578,0.0007,1100,76,346.64,7.35706853447482e-05,16800
84500,-0.0005998524720780551,16899,-0.3702077269554138,351.12,-11.092308044433594,0.0007,1102,76,351.12,5.899032203160459e-06,16900
85000,-0.0002464161370880902,16999,-0.43537378311157227,355.75,-8.943257331848145,0.0007,1103,77,355.75,5.293986760079861e-07,17000
85500,4.3049898522440344e-05,17099,-0.608668327331543,360.06,-6.840937614440918,0.0007,1105,77,360.06,2.867658679406304e-07,17100
86000,-0.0007223179563879967,17199,-0.6297863721847534,364.3,-17.867704391479492,0.0007,1106,77,364.3,4.300207365304232e-06,17200
86500,7.120090594980866e-05,17299,-0.3243498206138611,367.16,-4497.3349609375,0.0007,1107,78,367.16,7.793761142238509e-06,17300
87000,-0.0007454298320226371,17399,-0.3738028109073639,371.63,-41.31142044067383,0.0007,1109,78,371.63,8.089630682661664e-06,17400
87500,0.00015688975690864027,17499,-0.21959562599658966,376.05,-2519.97119140625,0.0007,1110,78,376.05,1.4177081538946368e-05,17500
88000,0.00037925440119579434,17599,-0.22258739173412323,380.32,-98.99185180664062,0.0007,1112,79,380.32,1.3875612239644397e-05,17600
88500,0.00023538088134955615,17699,-0.18930183351039886,384.91,-293.9547119140625,0.0007,1113,79,384.91,1.0561966519162524e-05,17700
89000,-0.001131203374825418,17799,-0.3616222143173218,389.4,-2.2821009159088135,0.0007,1115,79,389.4,1.0757311429188121e-05,17800
89500,-2.4513245080015622e-05,17899,-0.27367275953292847,393.79,-20.899330139160156,0.0007,1116,80,393.79,1.3042706541455118e-06,17900
90000,-0.00035772108822129667,17999,-0.36250048875808716,398.21,-1.4911913871765137,0.0007,1118,80,398.21,2.081389567365477e-07,18000
90500,-0.0012081385357305408,18099,-0.3502964377403259,402.57,-11.026090621948242,0.0007,1119,80,402.57,7.358507900789846e-06,18100
91000,-0.001065339078195393,18199,-0.37882837653160095,406.87,-26.030038833618164,0.0007,1121,81,406.87,8.147221706167329e-06,18200
91500,-8.338764018844813e-05,18299,-0.31372296810150146,411.11,-45.75575256347656,0.0007,1122,81,411.11,6.027054268997745e-07,18300
92000,-0.00021760778327006847,18399,-0.20126716792583466,415.27,-150.25437927246094,0.0007,1124,81,415.27,2.094660942475457e-07,18400
92500,-0.00046911020763218403,18499,-0.3705384135246277,419.29,-6.072737693786621,0.0007,1119,82,419.29,5.798298161607818e-07,18500
93000,-0.00029401123174466193,18599,-0.2970298230648041,422.63,-1.1615815162658691,0.0007,1114,83,422.63,5.709938477593823e-07,18600
93500,-0.00039462820859625936,18699,-0.3166205585002899,424.85,-27.623249053955078,0.0007,1109,84,424.85,2.237001808680361e-06,18700
94000,0.0001282811863347888,18799,-0.19970056414604187,428.04,-114.8462142944336,0.0007,1110,84,428.04,1.8987105931955739e-06,18800
94500,0.0004654413496609777,18899,-0.2915377616882324,431.71,-1785.54541015625,0.0007,1111,84,431.71,1.1921243640244938e-05,18900
95000,-0.0007259859703481197,18999,-0.18977312743663788,435.6,-1.2928898334503174,0.0007,1112,85,435.6,1.2677744507527677e-06,19000
95500,0.000603640335611999,19099,-0.285126656293869,439.47,-6808.41943359375,0.0007,1114,85,439.47,9.672075975686312e-06,19100
96000,0.0006162531208246946,19199,-0.282744824886322,443.28,-87.62556457519531,0.0007,1114,86,443.28,1.2609304576471914e-05,19200
96500,-7.47126032365486e-05,19299,-0.2259480059146881,447.3,-5.474385738372803,0.0007,1116,86,447.3,7.140799311855517e-07,19300
97000,-0.0002196665882365778,19399,-0.37574702501296997,450.98,-1.8772869110107422,0.0007,1117,86,450.98,3.4084078492924164e-07,19400
97500,0.0008154550450854003,19499,-0.25978565216064453,454.71,-1035.531494140625,0.0007,1119,87,454.71,2.4361372197745368e-05,19500
98000,-7.218015525722876e-05,19599,-0.16911575198173523,458.0,-951.6094360351562,0.0007,1114,87,458.0,2.849788870662451e-06,19600
98500,-4.965325933881104e-05,19699,-0.2508712410926819,461.27,-2.525099277496338,0.0007,1109,88,461.27,2.502114568869729e-07,19700
99000,-0.000130164175061509,19799,-0.36433106660842896,461.27,-172.57586669921875,0.0007,1105,89,461.27,2.9106158194736054e-07,19800
99500,-3.59484511136543e-05,19899,-0.2085292786359787,464.63,0.5820974707603455,0.0007,1100,90,464.63,2.0634615793824196e-07,19900
100000,-6.345588917611167e-05,19999,-0.2641547620296478,464.63,-1010.9400634765625,0.0007,1096,91,464.63,3.4066616194650123e-07,20000
100500,0.0007671648636460304,20099,-0.09176521003246307,464.63,-51.604801177978516,0.0007,1094,91,464.63,1.9081403479503933e-06,20100
101000,-0.00020951889746356755,20199,-0.2620680332183838,464.63,-109.22882843017578,0.0007,1094,92,464.63,2.887914831717353e-07,20200
101500,-0.00010061456123366952,20299,-0.19327855110168457,464.63,-2.2590131759643555,0.0007,1095,92,464.63,8.962815911672806e-08,20300
102000,-7.202331471489742e-05,20399,-0.3224671185016632,464.63,-0.9234323501586914,0.0007,1091,93,464.63,7.727648920763386e-08,20400
102500,-0.00018837858806364238,20499,-0.37196868658065796,464.63,-4.190762519836426,0.0007,1087,94,464.63,5.932524800300598e-07,20500
103000,-0.0015816151862964034,20599,-0.2845119833946228,464.63,-5.09052038192749,0.0007,1088,94,464.63,6.727722939103842e-05,20600
103500,7.073175765981432e-06,20699,-0.1733706146478653,464.63,-75.6533203125,0.0007,1090,94,464.63,1.031323364486525e-07,20700
104000,-4.460010586626595e-06,20799,-0.22178292274475098,464.63,0.6589899063110352,0.0007,1090,95,464.63,3.3061950954760277e-09,20800
104500,-5.67213210160844e-05,20899,-0.24559888243675232,464.63,-4.226998805999756,0.0007,1091,95,464.63,3.0499649028570275e-07,20900
105000,-0.00038129655877128243,20999,-0.3200455605983734,464.63,-1.576500654220581,0.0007,1092,96,464.63,6.520655233543948e-07,21000
105500,0.00013501994544640183,21099,-0.26329129934310913,464.63,-30.82635498046875,0.0007,1092,96,464.63,8.0731695106806e-07,21100
106000,-6.145305178506533e-06,21199,-0.27406802773475647,464.63,-6.329351902008057,0.0007,1093,96,464.63,8.959439696809568e-07,21200
106500,-7.80061527621001e-05,21299,-0.29057031869888306,464.63,-24.37213706970215,0.0007,1094,97,464.63,4.0587036664874176e-07,21300
107000,2.1650077997037442e-06,21399,-0.22129087150096893,464.63,-213.1935577392578,0.0007,1095,97,464.63,1.6135163605213165e-07,21400
107500,-0.00012224541569594294,21499,-0.2916329801082611,464.63,-0.18927347660064697,0.0007,1097,97,464.63,1.4631078215643356e-07,21500
108000,-6.165116064948961e-05,21599,-0.33344748616218567,465.47,-3.4966235160827637,0.0007,1098,98,465.47,9.727664007641579e-08,21600
108500,-5.216252611717209e-05,21699,-0.25932759046554565,470.07,-73.50769805908203,0.0007,1099,98,470.07,2.2852328029898672e-08,21700
109000,6.851929356344044e-05,21799,-0.35688725113868713,474.8,-13.520516395568848,0.0007,1100,99,474.8,8.906936272978783e-07,21800
109500,2.183480501116719e-05,21899,-0.09848511964082718,478.96,-6.767214298248291,0.0007,1101,99,478.96,1.8924940832221182e-06,21900
110000,-3.463331449893303e-05,21999,-0.27731528878211975,478.96,-9.112939834594727,0.0007,1103,99,478.96,7.128110013354672e-08,22000
110500,-0.00015201761561911553,22099,-0.34160757064819336,478.96,-13.792792320251465,0.0007,1104,100,478.96,1.6463454244330933e-07,22100
111000,-0.00013826227223034948,22199,-0.36203867197036743,478.96,-4.368321418762207,0.0007,1105,100,478.96,2.3738247989513184e-07,22200
111500,-0.00022165136761032045,22299,-0.36641359329223633,478.96,-0.420987606048584,0.0007,1106,100,478.96,8.640810733595572e-07,22300
112000,-0.0005142734735272825,22399,-0.22555255889892578,478.96,-14.073041915893555,0.0007,1107,101,478.96,2.5033043129951693e-05,22400
112500,-0.0004909950075671077,22499,-0.31560665369033813,478.96,-113.59999084472656,0.0007,1108,101,478.96,3.763358051855903e-07,22500
113000,-8.651556709082797e-05,22599,-0.353545218706131,478.96,-7.902912139892578,0.0007,1109,101,478.96,1.1448283032677864e-07,22600
113500,-0.00033019695547409356,22699,-0.3626471757888794,478.96,-0.2701995372772217,0.0007,1110,102,478.96,2.402183554295334e-06,22700
114000,-6.728713196935132e-05,22799,-0.28597787022590637,478.96,-0.7001487016677856,0.0007,1111,102,478.96,1.1278316236484898e-07,22800
114500,0.00013955807662568986,22899,-0.3259499669075012,478.96,-6.875246524810791,0.0007,1107,103,478.96,2.892769316531485e-06,22900
115000,-0.00012251368025317788,22999,-0.3155719041824341,478.96,-1.975609540939331,0.0007,1103,104,478.96,1.1695082946516777e-07,23000
115500,-4.9481615860713646e-05,23099,-0.30862540006637573,478.96,-1.8139832019805908,0.0007,1104,104,478.96,3.1441450687452743e-07,23100
116000,-0.00011798464402090758,23199,-0.3945370018482208,478.96,-88.86087799072266,0.0007,1105,104,478.96,1.0723015009261871e-07,23200
116500,-0.00019051681738346815,23299,-0.3677617907524109,478.96,-1.9166088104248047,0.0007,1106,105,478.96,2.794317026655335e-07,23300
117000,-2.9617662221426144e-05,23399,-0.27987563610076904,478.96,-111.26667022705078,0.0007,1107,105,478.96,4.508765272248638e-08,23400
117500,9.681163646746427e-06,23499,-0.18541668355464935,481.81,-2.23213267326355,0.0007,1108,105,481.81,2.951244937321462e-07,23500
118000,-0.00012017509288853034,23599,-0.24612148106098175,486.46,-6.988063812255859,0.0007,1110,106,486.46,1.4280666960075905e-07,23600
118500,-0.00013099024363327771,23699,-0.26330453157424927,491.34,-0.04073929786682129,0.0007,1111,106,491.34,1.8093153357767733e-06,23700
119000,-0.00017700513126328588,23799,-0.3535192310810089,491.34,-0.7908236980438232,0.0007,1112,106,491.34,7.586204446852207e-07,23800
119500,-0.0001448473340133205,23899,-0.3030734360218048,491.34,-0.5861614942550659,0.0007,1113,107,491.34,2.507353258351941e-07,23900
120000,1.781164428393822e-05,23999,-0.07992424815893173,491.34,-39.328643798828125,0.0007,1110,108,491.34,2.1711457520723343e-07,24000
120500,-1.148887076851679e-05,24099,-0.06700444966554642,491.34,-0.48997533321380615,0.0007,1106,108,491.34,9.123468771576881e-07,24100
121000,-0.00024117976136039943,24199,-0.16046348214149475,491.34,-5.324799060821533,0.0007,1103,109,491.34,1.1861557425163483e-07,24200
121500,-2.2914158762432635e-05,24299,-0.15781262516975403,491.34,-2.6079487800598145,0.0007,1104,110,491.34,9.27946501860788e-08,24300
122000,-0.00011113412620034069,24399,-0.2521665096282959,491.34,-20.18025779724121,0.0007,1105,110,491.34,2.3277243599295616e-07,24400
122500,-0.000160506708198227,24499,-0.3644038736820221,491.34,-3.551884174346924,0.0007,1106,110,491.34,3.484543356080394e-07,24500
123000,-5.0952552555827424e-05,24599,-0.33421817421913147,491.34,-14.80615234375,0.0007,1107,111,491.34,4.3201726640518245e-08,24600
123500,-3.3595024433452636e-05,24699,-0.15228068828582764,493.88,-0.8187727928161621,0.0007,1108,111,493.88,6.834277996858873e-07,24700
124000,-0.0002390103618381545,24799,-0.29212039709091187,493.88,-0.02849888801574707,0.0007,1109,111,493.88,2.285290975123644e-06,24800
124500,0.0001489130809204653,24899,-0.18723469972610474,493.88,-0.5657148361206055,0.0007,1111,112,493.88,1.5846220549065038e-06,24900
125000,-3.249710789532401e-05,24999,-0.08569149672985077,493.88,-0.18335771560668945,0.0007,1107,112,493.88,4.401174464874202e-06,25000
125500,8.581773727200925e-06,25099,-0.044023431837558746,493.88,0.0940018892288208,0.0007,1104,113,493.88,1.5596626781189116e-06,25100
126000,7.46905425330624e-06,25199,-0.25122055411338806,493.88,-0.212549090385437,0.0007,1106,113,493.88,4.831235855817795e-09,25200
126500,-1.7717271475703456e-05,25299,-0.13056135177612305,493.88,-9.476990699768066,0.0007,1103,114,493.88,1.7371493754581024e-07,25300
127000,-8.946684101829305e-05,25399,-0.29989057779312134,493.88,-6.453888416290283,0.0007,1100,115,493.88,1.3203825233176758e-07,25400
127500,0.00012241932563483715,25499,-0.2029387503862381,493.88,-0.38896191120147705,0.0007,1097,116,493.88,2.7248868263995973e-06,25500
128000,4.997556607122533e-05,25599,-0.14061811566352844,493.88,-142.0377197265625,0.0007,1094,116,493.88,2.891989367981296e-07,25600
128500,2.5362885935464874e-05,25699,-0.07923801243305206,493.88,-14.288922309875488,0.0007,1091,117,493.88,2.0957435481250286e-05,25700
129000,-5.240143582341261e-05,25799,-0.27854353189468384,493.88,-0.5293023586273193,0.0007,1092,118,493.88,1.5023397281765938e-07,25800
129500,-0.0002539322595112026,25899,-0.37464970350265503,493.88,-0.3472740650177002,0.0007,1093,118,493.88,1.1423602472859784e-06,25900
130000,-0.0028004422783851624,25999,-0.14207769930362701,493.88,-0.30227482318878174,0.0007,1090,119,493.88,4.4812682062911335e-06,26000
130500,-2.4104265321511775e-05,26099,-0.11243598163127899,493.88,0.03541398048400879,0.0007,1092,119,493.88,9.698211442810134e-07,26100
131000,2.9772656489512883e-05,26199,-0.23426982760429382,498.44,-25.952688217163086,0.0007,1093,119,498.44,3.165449129483022e-07,26200
131500,-3.170753916492686e-05,26299,-0.11441449075937271,498.44,0.0639600157737732,0.0007,1095,120,498.44,2.7995556592941284e-06,26300
132000,-0.0005309280240908265,26399,-0.16926531493663788,498.44,-1.0362565517425537,0.0007,1096,120,498.44,1.1732220173144015e-06,26400
132500,-8.6156178440433e-06,26499,-0.05615485832095146,498.44,0.1780916452407837,0.0007,1093,121,498.44,8.683418855071068e-07,26500
133000,-2.321250576642342e-05,26599,-0.34045472741127014,498.44,-10.631112098693848,0.0007,1090,121,498.44,1.2374949065474539e-08,26600
133500,-0.00022260281548369676,26699,-0.2066066712141037,498.44,0.391374409198761,0.0007,1087,122,498.44,3.422959764520783e-07,26700
134000,-0.00026126037118956447,26799,-0.2332872450351715,498.44,0.3006444573402405,0.0007,1085,123,498.44,1.631293002901657e-06,26800
134500,-0.00039440550608560443,26899,-0.0870712548494339,498.44,0.12081152200698853,0.0007,1082,124,498.44,2.491287887096405e-07,26900
135000,2.9609984267153777e-05,26999,-0.24231071770191193,498.44,-58.2581787109375,0.0007,1079,125,498.44,3.796303715830618e-08,27000
135500,-0.00012177645839983597,27099,-0.3053615987300873,498.44,-4.6658406257629395,0.0007,1076,125,498.44,1.9709113985300064e-07,27100
136000,-0.0003553413553163409,27199,-0.19671253859996796,498.44,-0.6532880067825317,0.0007,1073,126,498.44,4.799920247933187e-07,27200
136500,-0.0002959332778118551,27299,-0.3566623628139496,500.0,-0.16991662979125977,0.0007,1070,127,500.0,1.5476019825655385e-06,27300
137000,-2.8792006560252048e-05,27399,-0.20880015194416046,500.0,0.06913357973098755,0.0007,1067,128,500.0,2.391403484125476e-07,27400
137500,3.4565098758321255e-05,27499,-0.1789846122264862,500.0,-0.2572190761566162,0.0007,1064,129,500.0,4.7259965185730834e-07,27500
138000,0.00033440280822105706,27599,-0.2825372815132141,500.0,0.3263603448867798,0.0007,1062,129,500.0,4.6927016228437424e-07,27600
138500,-0.00016846547077875584,27699,-0.21052761375904083,500.0,-0.21654033660888672,0.0007,1060,130,500.0,8.675071512698196e-06,27700
139000,3.523207124089822e-05,27799,-0.2245897352695465,500.0,0.14273858070373535,0.0007,1061,130,500.0,1.581618533919027e-07,27800
139500,-6.380597915267572e-05,27899,-0.19970466196537018,500.0,0.4761873483657837,0.0007,1061,131,500.0,1.0604387625789968e-06,27900
140000,-7.621914119226858e-05,27999,-0.24787744879722595,500.0,0.2837451696395874,0.0007,1062,131,500.0,4.1688326746225357e-07,28000
140500,-9.547994704917073e-05,28099,-0.30370908975601196,500.0,0.002155125141143799,0.0007,1063,132,500.0,5.92810124544485e-07,28100
141000,2.9121791158104315e-05,28199,-0.28697675466537476,500.0,-5.1631999015808105,0.0007,1064,132,500.0,5.202600661391443e-08,28200
141500,-0.00011347370309522375,28299,-0.3435233235359192,500.0,-0.17911219596862793,0.0007,1065,132,500.0,2.0680018053553795e-07,28300
142000,4.871444616583176e-05,28399,-0.31629428267478943,500.0,-0.9677852392196655,0.0007,1065,133,500.0,9.567011005628956e-08,28400
142500,-4.021803761133924e-06,28499,-0.17936928570270538,500.0,-29.22856903076172,0.0007,1066,133,500.0,3.504101186990738e-08,28500
143000,0.00010840998584171757,28599,-0.25490349531173706,500.0,0.2845149040222168,0.0007,1067,133,500.0,3.2173701924875786e-07,28600
143500,-1.3942224086349597e-06,28699,-0.057161640375852585,500.0,-1.6560001373291016,0.0007,1067,134,500.0,1.6111879830305043e-08,28700
144000,1.8627873942023143e-05,28799,-0.1301536113023758,500.0,0.340549111366272,0.0007,1067,134,500.0,2.470216600158892e-07,28800
144500,-0.00037143827648833394,28899,-0.30965763330459595,500.0,-0.6684560775756836,0.0007,1068,135,500.0,8.85897293301241e-07,28900
145000,1.078692548617255e-06,28999,-0.1653718650341034,500.0,0.142500102519989,0.0007,1067,135,500.0,3.981404095299013e-09,29000
145500,1.397836058458779e-06,29099,-0.059161681681871414,500.0,-9.830180168151855,0.0007,1068,136,500.0,1.7236452265478874e-07,29100
146000,-0.0002605129557196051,29199,-0.2559276223182678,500.0,-0.08749926090240479,0.0007,1068,136,500.0,9.877024922388955e-07,29200
146500,-3.369431738065032e-07,29299,-0.24249155819416046,500.0,-0.9168000221252441,0.0007,1069,136,500.0,1.4528632519272833e-08,29300
147000,-3.5408017993177054e-06,29399,-0.12321503460407257,500.0,-0.40779221057891846,0.0007,1070,137,500.0,1.9441358745098114e-08,29400
147500,4.872994395554997e-06,29499,-0.16797395050525665,500.0,0.2627507448196411,0.0007,1070,137,500.0,3.6682468618209896e-08,29500
148000,3.944910531572532e-06,29599,-0.30004769563674927,500.0,-26.1200008392334,0.0007,1071,138,500.0,1.617008749121851e-08,29600
148500,-0.0001644092408241704,29699,-0.2192433625459671,500.0,-0.06471943855285645,0.0007,1072,138,500.0,3.195658791810274e-06,29700
149000,-0.00011023187835235149,29799,-0.32495734095573425,500.0,-0.7905223369598389,0.0007,1073,138,500.0,2.2645107833341171e-07,29800
149500,0.00024022375873755664,29899,-0.20707814395427704,500.0,-0.37616467475891113,0.0007,1073,139,500.0,7.299706226149283e-07,29900
150000,5.239729580353014e-05,29999,-0.257124125957489,500.0,-1.2572424411773682,0.0007,1074,139,500.0,8.533243089914322e-08,30000
150500,3.544086212059483e-06,30099,-0.09274628013372421,500.0,-0.21467888355255127,0.0007,1075,139,500.0,3.9848963240274315e-08,30100
151000,3.7589827115880325e-05,30199,-0.17797687649726868,500.0,0.11728614568710327,0.0007,1076,140,500.0,4.5229680267766526e-07,30200
151500,0.00011434312909841537,30299,-0.2149125039577484,500.0,0.08252137899398804,0.0007,1077,140,500.0,9.76060960056202e-07,30300
152000,-0.00021278407075442374,30399,-0.3549852967262268,500.0,-0.37875688076019287,0.0007,1078,140,500.0,7.636263035237789e-07,30400
152500,1.1380847126929439e-06,30499,-0.23738059401512146,495.44,-164.43112182617188,0.0007,1076,141,495.44,4.028901514629979e-07,30500
153000,-0.00011364455713192001,30599,-0.25274309515953064,495.44,-5.400000095367432,0.0007,1077,142,495.44,4.524830785612721e-07,30600
153500,-1.1258054655627348e-05,30699,-0.3478838801383972,495.44,-17.600000381469727,0.0007,1078,142,495.44,8.661300121559634e-09,30700
154000,1.0509775165701285e-05,30799,-0.21226949989795685,495.44,-1355.0,0.0007,1078,142,495.44,3.260793235426718e-08,30800
154500,-1.9843722839141265e-05,30899,-0.13972748816013336,495.44,0.10674411058425903,0.0007,1079,143,495.44,4.166969915786467e-07,30900
155000,-6.472480890806764e-06,30999,-0.15794256329536438,495.44,0.15599340200424194,0.0007,1080,143,495.44,3.677559945458597e-08,31000
155500,3.5941939131589606e-05,31099,-0.1658063679933548,495.44,-0.44276857376098633,0.0007,1077,144,495.44,3.1744130524202774e-07,31100
156000,0.00010673232463886961,31199,-0.20803236961364746,495.44,-0.35987770557403564,0.0007,1078,144,495.44,9.373645184496127e-07,31200
156500,1.937756678671576e-05,31299,-0.16147801280021667,495.44,-0.02488553524017334,0.0007,1079,144,495.44,1.9341241852544044e-07,31300
157000,-2.0764320652233437e-05,31399,-0.28146958351135254,495.44,-2.188800096511841,0.0007,1076,145,495.44,1.0512303916243582e-08,31400
157500,-0.00043129059486091137,31499,-0.12637299299240112,495.44,-0.05295073986053467,0.0007,1077,146,495.44,1.3660174147389625e-07,31500
158000,1.5317988300012075e-06,31599,-0.037546589970588684,495.44,-0.33205950260162354,0.0007,1078,146,495.44,7.346970676280762e-08,31600
158500,0.0002712443529162556,31699,-0.19789309799671173,495.44,0.14655828475952148,0.0007,1079,146,495.44,9.475043043494225e-07,31700
159000,-2.0624021999537945e-05,31799,-0.2549952566623688,495.44,0.11140501499176025,0.0007,1080,147,495.44,1.792795956134796e-08,31800
159500,4.423614154802635e-05,31899,-0.20811524987220764,495.44,-0.004841804504394531,0.0007,1080,147,495.44,3.587454671105661e-07,31900
160000,7.977125642355531e-05,31999,-0.2244236022233963,495.44,0.007381558418273926,0.0007,1081,147,495.44,2.1812388695252594e-06,32000
160500,1.4251988886826439e-06,32099,-0.021093513816595078,495.44,0.4001086354255676,0.0007,1082,148,495.44,2.1209707767866348e-07,32100
161000,1.87507648661267e-05,32199,-0.09612789005041122,495.44,0.05057036876678467,0.0007,1083,148,495.44,1.1216849316042499e-06,32200
161500,2.37128142543952e-06,32299,-0.07970559597015381,495.44,0.021991729736328125,0.0007,1084,148,495.44,3.863824460381693e-08,32300
162000,7.305361941689625e-05,32399,-0.21812310814857483,495.44,-2.5048890113830566,0.0007,1085,149,495.44,8.264323980711197e-08,32400
162500,4.9688365834299475e-05,32499,-0.2141396701335907,495.44,-1.3613207340240479,0.0007,1086,149,495.44,4.111207090318203e-07,32500
163000,5.708279786631465e-05,32599,-0.15013280510902405,495.44,0.018112897872924805,0.0007,1087,149,495.44,2.66231359091762e-06,32600
163500,4.293163510737941e-05,32699,-0.18011605739593506,495.44,-0.8825236558914185,0.0007,1087,150,495.44,4.070461727678776e-07,32700
164000,2.3224152755574323e-05,32799,-0.15503299236297607,495.44,-0.04909467697143555,0.0007,1088,150,495.44,4.2088794316441636e-07,32800
164500,-3.970372290496016e-06,32899,-0.08777028322219849,495.44,0.2155061960220337,0.0007,1088,151,495.44,3.2002571259681645e-08,32900
165000,-1.8539034499553964e-05,32999,-0.07517019659280777,495.44,0.1290757656097412,0.0007,1087,151,495.44,1.2011732906103134e-06,33000
165500,-3.6084580642636865e-05,33099,-0.21858148276805878,495.44,-0.8883415460586548,0.0007,1088,152,495.44,2.3224856704473495e-08,33100
166000,-5.0226051826030016e-05,33199,-0.22934818267822266,495.44,0.27722805738449097,0.0007,1089,152,495.44,2.476735971868038e-07,33200
166500,0.00026271207025274634,33299,-0.18086138367652893,495.44,0.1157265305519104,0.0007,1089,152,495.44,5.919253567299165e-07,33300
167000,0.0006943662883713841,33399,-0.12592510879039764,495.44,-0.02014470100402832,0.0007,1090,153,495.44,1.134234480559826e-06,33400
167500,7.336129056056961e-05,33499,-0.21487626433372498,495.44,-0.12460708618164062,0.0007,1091,153,495.44,6.405636554518424e-07,33500
168000,-2.0096887965337373e-05,33599,-0.13051815330982208,495.44,0.08217215538024902,0.0007,1092,153,495.44,4.523084555785317e-07,33600
168500,4.9170630518347025e-05,33699,-0.2282598316669464,495.44,0.2568362355232239,0.0007,1093,154,495.44,2.5084008825615456e-07,33700
169000,0.00010579865192994475,33799,-0.24252375960350037,495.44,0.1391884684562683,0.0007,1090,154,495.44,6.680493243038654e-07,33800
169500,8.200858246709686e-06,33899,-0.046867311000823975,495.44,-0.34609460830688477,0.0007,1091,155,495.44,1.3412325188255636e-06,33900
170000,-7.4892582233587746e-06,33999,-0.054322995245456696,495.44,0.03730630874633789,0.0007,1092,155,495.44,8.654664043206139e-07,34000
170500,0.00019923019863199443,34099,-0.23598627746105194,495.44,-0.09485971927642822,0.0007,1093,155,495.44,1.67764960679051e-06,34100
171000,8.852838800521567e-05,34199,-0.1951604187488556,495.44,-0.1594841480255127,0.0007,1093,156,495.44,9.351759331366338e-07,34200
171500,-0.00015372844063676894,34299,-0.1828548014163971,495.44,0.13709396123886108,0.0007,1094,156,495.44,4.2186584892078827e-07,34300
172000,-7.818339508958161e-05,34399,-0.26894575357437134,495.44,-0.7850878238677979,0.0007,1091,157,495.44,1.7201527668930794e-07,34400
172500,0.0002238621236756444,34499,-0.23462936282157898,495.44,-0.5293151140213013,0.0007,1089,158,495.44,6.14230543760641e-07,34500
173000,2.5822670068009757e-05,34599,-0.33787888288497925,495.44,-21.8799991607666,0.0007,1087,159,495.44,3.7811695108302956e-08,34600
173500,0.00028426555218175054,34699,-0.2736303210258484,495.44,-0.048305392265319824,0.0007,1084,159,495.44,2.2828694454801735e-06,34700
174000,5.300546035869047e-05,34799,-0.25862938165664673,495.44,-0.5364302396774292,0.0007,1082,160,495.44,3.1786038334757905e-07,34800
174500,-8.995642133413639e-07,34899,-0.12750598788261414,495.44,-260.0400085449219,0.0007,1082,161,495.44,6.211921288468147e-08,34900
175000,-0.00037008229992352426,34999,-0.03918088227510452,495.44,0.31430238485336304,0.0007,1083,161,495.44,1.8113060207269882e-07,35000
175500,5.904684076085687e-05,35099,-0.20158155262470245,495.44,0.3377847671508789,0.0007,1083,161,495.44,8.506002018293657e-07,35100
176000,-2.7510628569871187e-05,35199,-0.24939362704753876,495.44,-0.5232431888580322,0.0007,1084,162,495.44,2.916203811764717e-08,35200
176500,4.059072307427414e-05,35299,-0.32881584763526917,495.44,-0.3882855176925659,0.0007,1085,162,495.44,1.3998942449688911e-07,35300
177000,0.0003259663353674114,35399,-0.3667893409729004,495.44,0.11724168062210083,0.0007,1086,162,495.44,2.8601148187590297e-06,35400
177500,-4.145071579841897e-05,35499,-0.17292146384716034,495.44,-0.041453003883361816,0.0007,1086,163,495.44,1.3562734011429711e-06,35500
178000,-0.00010329417273169383,35599,-0.20256772637367249,495.44,0.032476603984832764,0.0007,1087,163,495.44,1.606647828111818e-07,35600
178500,2.9926333809271455e-05,35699,-0.13584500551223755,495.44,-0.07975006103515625,0.0007,1088,163,495.44,8.228468004745082e-07,35700
179000,1.6619422240182757e-05,35799,-0.07003645598888397,495.44,0.20834821462631226,0.0007,1089,164,495.44,9.088195156436996e-07,35800
179500,4.928346606902778e-05,35899,-0.18301691114902496,495.44,0.07985126972198486,0.0007,1090,164,495.44,7.212976811388216e-07,35900
180000,0.0003011833759956062,35999,-0.1694076955318451,495.44,-0.12410271167755127,0.0007,1090,164,495.44,9.211129281538888e-07,36000
180500,-0.0004631906340364367,36099,-0.13534274697303772,495.44,0.04638254642486572,0.0007,1091,165,495.44,1.1657364211714594e-06,36100
181000,3.947519508074038e-05,36199,-0.11797420680522919,495.44,-0.000601649284362793,0.0007,1092,165,495.44,8.916249498724937e-07,36200
181500,-7.768629188831255e-07,36299,-0.04874112457036972,495.44,0.16999995708465576,0.0007,1093,166,495.44,7.601920870570211e-09,36300
182000,0.00011295592412352562,36399,-0.21167805790901184,495.44,0.04519236087799072,0.0007,1090,166,495.44,5.919137038290501e-07,36400
182500,4.170330612396356e-06,36499,-0.042852699756622314,495.44,-0.05325162410736084,0.0007,1088,167,495.44,4.5601046849697013e-07,36500
183000,3.5126508919347543e-06,36599,-0.08744249492883682,495.44,-0.31587982177734375,0.0007,1085,168,495.44,3.183959051966667e-08,36600
183500,0.00026664711185730994,36699,-0.1121583804488182,495.44,-0.3275109529495239,0.0007,1083,169,495.44,3.895256668329239e-07,36700
184000,0.00019069263362325728,36799,-0.2550663352012634,495.44,0.11355608701705933,0.0007,1082,170,495.44,9.63581214818987e-07,36800
184500,5.486063855641987e-06,36899,-0.05802861601114273,495.44,4.3332576751708984e-05,0.0007,1080,170,495.44,3.4066616194650123e-07,36900
185000,6.796538946218789e-05,36999,-0.2112416923046112,495.44,-0.734542727470398,0.0007,1078,171,495.44,1.9770814674302528e-07,37000
185500,0.0002598466526251286,37099,-0.18970134854316711,495.44,0.11669659614562988,0.0007,1075,172,495.44,6.679562147837714e-07,37100
186000,2.891488475142978e-05,37199,-0.14425641298294067,495.44,0.19340455532073975,0.0007,1073,173,495.44,4.236120787481923e-07,37200
186500,2.896476689784322e-05,37299,-0.19400276243686676,495.44,0.15328466892242432,0.0007,1071,174,495.44,1.4217803823157737e-07,37300
187000,1.5701254596933722e-05,37399,-0.11554443836212158,495.44,0.16950929164886475,0.0007,1071,174,495.44,3.162538746437349e-07,37400
187500,0.00013787014177069068,37499,-0.1760135293006897,495.44,-0.03823423385620117,0.0007,1072,174,495.44,4.0588201954960823e-07,37500
188000,2.0319956092862412e-05,37599,-0.14196136593818665,495.44,-0.09342682361602783,0.0007,1073,175,495.44,2.6588094215185265e-07,37600
188500,-9.190585842588916e-05,37699,-0.22012972831726074,495.44,0.15115898847579956,0.0007,1073,175,495.44,1.6437843441963196e-07,37700
189000,0.00023140921257436275,37799,-0.2198246717453003,495.44,-0.09638667106628418,0.0007,1073,176,495.44,2.212682829849655e-06,37800
189500,2.9696919227717444e-05,37899,-0.12398584187030792,495.44,0.015643000602722168,0.0007,1074,176,495.44,9.509967640042305e-07,37900
190000,0.00013666608720086515,37999,-0.11352391541004181,495.44,0.014054536819458008,0.0007,1074,176,495.44,3.449968062341213e-07,38000
190500,-9.681150459073251e-07,38099,-0.05515605956315994,495.44,0.38530611991882324,0.0007,1075,177,495.44,1.3958197264685168e-08,38100
191000,1.9752611478907056e-05,38199,-0.11329147964715958,495.44,0.01787179708480835,0.0007,1072,178,495.44,7.198075877568044e-07,38200
191500,-0.0001572221954120323,38299,-0.34651830792427063,495.44,0.08214747905731201,0.0007,1070,178,495.44,5.523324944078922e-07,38300
192000,-0.00015322417311836034,38399,-0.3663094639778137,495.44,-0.059606313705444336,0.0007,1071,179,495.44,4.077097344179492e-07,38400
192500,-3.4851178497774526e-05,38499,-0.12802329659461975,495.44,-0.00022876262664794922,0.0007,1068,180,495.44,1.4378922514879378e-06,38500
193000,-0.00012300546222832054,38599,-0.365164577960968,495.44,-0.053931355476379395,0.0007,1066,180,495.44,4.7649956513851066e-07,38600
193500,-4.726045153802261e-05,38699,-0.21517595648765564,495.44,0.36728614568710327,0.0007,1067,181,495.44,1.0783551118720425e-07,38700
194000,-0.00015524064656347036,38799,-0.395897775888443,495.44,0.1228255033493042,0.0007,1067,181,495.44,2.2014137357473373e-07,38800
194500,7.85745487519307e-06,38899,-0.10112772136926651,495.44,-0.09686684608459473,0.0007,1068,182,495.44,1.8581049232579971e-07,38900
195000,-4.662003630073741e-05,38999,-0.2638217508792877,495.44,0.03216344118118286,0.0007,1069,182,495.44,2.088374486675093e-07,39000
195500,-0.00013479081098921597,39099,-0.3285495638847351,495.44,0.15823280811309814,0.0007,1069,182,495.44,6.422284286600188e-07,39100
196000,-0.00019668217282742262,39199,-0.3145695626735687,495.44,-0.11151432991027832,0.0007,1070,183,495.44,1.7751823406797484e-06,39200
196500,-2.5379395083291456e-05,39299,-0.1916074901819229,495.44,0.19196093082427979,0.0007,1071,183,495.44,3.2269161920339684e-07,39300
197000,0.00015919844736345112,39399,-0.2552551329135895,495.44,-0.3042031526565552,0.0007,1069,184,495.44,1.3180076621210901e-06,39400
197500,-0.00011245530185988173,39499,-0.3094094395637512,495.44,-0.21508502960205078,0.0007,1067,185,495.44,4.630652199466567e-07,39500
198000,-1.2316071661189198e-05,39599,-0.06770317256450653,495.44,0.06988829374313354,0.0007,1067,185,495.44,1.3516983017325401e-06,39600
198500,-0.00013719333219341934,39699,-0.240743488073349,495.44,0.12878930568695068,0.0007,1068,185,495.44,1.281022605326143e-06,39700
199000,-8.183886529877782e-05,39799,-0.3464166522026062,495.44,0.26079750061035156,0.0007,1069,186,495.44,1.7546116737321427e-07,39800
199500,-3.2799242035252973e-05,39899,-0.19419123232364655,495.44,-0.03553414344787598,0.0007,1069,186,495.44,6.392365321516991e-07,39900
200000,1.716181395750027e-05,39999,-0.1704673022031784,495.44,-0.011943936347961426,0.0007,1070,186,495.44,2.4939654963418434e-07,40000
200500,1.5641609934391454e-05,40099,-0.06736929714679718,495.44,-0.09303832054138184,0.0007,1071,187,495.44,2.015777909036842e-06,40100
201000,-1.9502820578054525e-05,40199,-0.13308660686016083,495.44,0.05865567922592163,0.0007,1072,187,495.44,7.16850649951084e-07,40200
201500,-0.00011394047032808885,40299,-0.30780139565467834,495.44,-0.03527522087097168,0.0007,1072,187,495.44,6.753834895789623e-07,40300
202000,0.00010788560757646337,40399,-0.22071869671344757,495.44,-0.2014542818069458,0.0007,1073,188,495.44,7.036724127829075e-07,40400
202500,-0.00046748234308324754,40499,-0.2733641564846039,500.0,-0.13390719890594482,0.0007,1073,188,500.0,1.0007643140852451e-06,40500
203000,-3.8285739719867706e-05,40599,-0.23152580857276917,500.0,0.11425179243087769,0.0007,1074,188,500.0,2.758344521680556e-07,40600
203500,0.00010044523514807224,40699,-0.22868604958057404,500.0,-0.002848386764526367,0.0007,1075,189,500.0,6.886431833663664e-07,40700
204000,6.586719246115535e-05,40799,-0.13797251880168915,500.0,-0.21130454540252686,0.0007,1076,189,500.0,1.3630138937514857e-06,40800
204500,0.00012067235365975648,40899,-0.2696996331214905,500.0,-0.007670164108276367,0.0007,1076,189,500.0,5.859648695150099e-07,40900
205000,6.193583249114454e-05,40999,-0.33082374930381775,500.0,-1.9682776927947998,0.0007,1077,190,500.0,1.9100261283711006e-07,41000
205500,5.940244227531366e-05,41099,-0.25912928581237793,500.0,-0.6600713729858398,0.0007,1077,190,500.0,3.708759379605908e-07,41100
206000,-0.0003081088070757687,41199,-0.27260226011276245,500.0,-0.1731201410293579,0.0007,1078,190,500.0,3.8888538256287575e-07,41200
206500,-0.000854556099511683,41299,-0.1672196239233017,500.0,0.10485094785690308,0.0007,1079,191,500.0,8.440692909061909e-07,41300
207000,-9.686980106948795e-10,41399,-4.513487874646671e-05,500.0,0.8311765789985657,0.0007,1079,191,500.0,1.9241124959989975e-07,41400
207500,-0.00032742178882472217,41499,-0.1943633258342743,500.0,0.13355708122253418,0.0007,1080,192,500.0,5.436944547909661e-07,41500
208000,-7.31612431081885e-07,41599,-0.24152083694934845,500.0,nan,0.0007,1080,192,500.0,4.889443516731262e-09,41600
208500,2.514769403205719e-05,41699,-0.1278999149799347,500.0,-0.09122514724731445,0.0007,1078,193,500.0,1.5078927617651061e-06,41700
209000,0.00014637902495451272,41799,-0.27394214272499084,500.0,-0.03234291076660156,0.0007,1079,193,500.0,2.992572376570024e-07,41800
209500,0.00016428301751147956,41899,-0.21577198803424835,500.0,-0.1686469316482544,0.0007,1079,194,500.0,4.4836195911557297e-07,41900
210000,9.310076166002546e-06,41999,-0.2711074948310852,500.0,-0.23249995708465576,0.0007,1080,194,500.0,9.860377403470011e-09,42000
210500,6.821569695603102e-05,42099,-0.18073830008506775,500.0,-0.15445590019226074,0.0007,1081,194,500.0,1.632142812013626e-06,42100
211000,9.498687177256215e-06,42199,-0.059797465801239014,500.0,0.02003079652786255,0.0007,1082,194,500.0,6.815535016357899e-07,42200
211500,8.357456681551412e-05,42299,-0.22885482013225555,500.0,0.006795287132263184,0.0007,1083,195,500.0,6.645219627898769e-07,42300
212000,2.7661142667056993e-05,42399,-0.17583084106445312,500.0,-0.06863009929656982,0.0007,1083,195,500.0,2.6390188168079476e-07,42400
212500,-1.830141081882175e-05,42499,-0.08275075256824493,500.0,-0.054717063903808594,0.0007,1084,196,500.0,1.5188009001576575e-06,42500
213000,6.415492680389434e-05,42599,-0.16559454798698425,500.0,-0.4020829200744629,0.0007,1084,196,500.0,4.965928610545234e-07,42600
213500,2.4608807507320307e-05,42699,-0.14302337169647217,500.0,-0.10628247261047363,0.0007,1085,196,500.0,4.73181728466443e-07,42700
214000,8.374372555408627e-05,42799,-0.2106122225522995,500.0,-0.027938365936279297,0.0007,1086,196,500.0,5.579669846156321e-07,42800
214500,4.783980693900958e-05,42899,-0.22046765685081482,500.0,-0.10399401187896729,0.0007,1087,197,500.0,4.306202754378319e-07,42900
215000,5.0350795390841085e-06,42999,-0.05721995234489441,500.0,-0.3020118474960327,0.0007,1085,198,500.0,3.7687132703467796e-07,43000
215500,7.61645205784589e-05,43099,-0.24533894658088684,500.0,0.01175999641418457,0.0007,1083,198,500.0,3.92948265925952e-07,43100
216000,7.476475002476946e-05,43199,-0.2653036415576935,500.0,-0.10760200023651123,0.0007,1084,199,500.0,2.3773172586061264e-07,43200
216500,7.971587183419615e-05,43299,-0.22832651436328888,500.0,-0.36920833587646484,0.0007,1085,199,500.0,3.4633558243513107e-07,43300
217000,-0.0002516628592275083,43399,-0.3660333454608917,500.0,-0.003632664680480957,0.0007,1085,199,500.0,2.6828377031051787e-06,43400
217500,0.00041561093530617654,43499,-0.09660200774669647,500.0,-0.3462446928024292,0.0007,1086,200,500.0,5.300389602780342e-07,43500
218000,-4.445485683390871e-05,43599,-0.18765363097190857,495.37,-33.998809814453125,0.0007,1087,200,495.37,8.636969255348959e-07,43600
218500,9.117867011809722e-05,43699,-0.26238447427749634,495.37,-6.7163310050964355,0.0007,1088,200,495.37,9.235576499122544e-07,43700
219000,5.320476248016348e-06,43799,-0.09259791672229767,495.37,-11.847953796386719,0.0007,1089,201,495.37,3.033550513009686e-07,43800
219500,8.021141184144653e-06,43899,-0.10560514032840729,495.37,-3.402726173400879,0.0007,1089,201,495.37,2.0589213534094597e-07,43900
220000,2.5868910597637296e-05,43999,-0.2617151439189911,495.37,0.23456788063049316,0.0007,1090,201,495.37,3.033783357864195e-08,44000
220500,5.798781057819724e-05,44099,-0.19390806555747986,495.37,-0.1940147876739502,0.0007,1091,202,495.37,6.926246101102151e-07,44100
221000,-5.041645181336207e-06,44199,-0.05041978508234024,495.37,0.1936124563217163,0.0007,1089,202,495.37,4.416215233504772e-07,44200
221500,-3.8754165871068835e-05,44299,-0.23873594403266907,495.37,0.11767721176147461,0.0007,1088,203,495.37,3.180001044711389e-07,44300
222000,4.330953015596606e-05,44399,-0.15956875681877136,495.37,-0.07400810718536377,0.0007,1086,204,495.37,1.5661237284803065e-06,44400
222500,0.00017782696522772312,44499,-0.28004223108291626,495.37,-0.03844022750854492,0.0007,1086,204,495.37,9.64175001172407e-07,44500
223000,-6.811023922637105e-05,44599,-0.13137388229370117,495.37,0.4673367142677307,0.0007,1087,205,495.37,3.942987092386829e-08,44600
223500,0.00011137368710478768,44699,-0.21893104910850525,495.37,-0.23862147331237793,0.0007,1088,205,495.37,8.830800766190805e-07,44700
224000,0.0001987841387744993,44799,-0.26223045587539673,495.37,-0.3133476972579956,0.0007,1088,205,495.37,3.576860763132572e-07,44800
224500,4.249915946274996e-05,44899,-0.261553555727005,495.37,0.0928424596786499,0.0007,1089,206,495.37,2.790591793200292e-07,44900
225000,0.0003127284289803356,44999,-0.20741844177246094,495.37,-0.17522811889648438,0.0007,1090,206,495.37,9.104958849093236e-07,45000
225500,0.00011600738071138039,45099,-0.26678115129470825,495.37,-0.03532862663269043,0.0007,1091,206,495.37,2.3134052185014298e-07,45100
226000,0.0003402389702387154,45199,-0.24192802608013153,495.37,-0.14300119876861572,0.0007,1089,207,495.37,5.836249101776048e-07,45200
226500,5.756224345532246e-05,45299,-0.23526939749717712,495.37,-0.04500079154968262,0.0007,1089,207,495.37,4.386994874039374e-07,45300
227000,0.008349068462848663,45399,-0.1336064338684082,448.48,-5.410666465759277,0.0007,1089,208,448.48,0.0029746233485639095,45400
227500,6.75477713230066e-05,45499,-0.261585533618927,444.09,-138.62051391601562,0.0007,1090,208,444.09,7.77824334363686e-06,45500
228000,7.31937907403335e-05,45599,-0.3032695949077606,444.09,-8215.248046875,0.0007,1090,209,444.09,4.792632353201043e-06,45600
228500,-0.00013200196553952992,45699,-0.2449416220188141,444.09,-15.021650314331055,0.0007,1091,209,444.09,4.953180905431509e-06,45700
229000,-3.289586675236933e-05,45799,-0.15547725558280945,444.09,-15.52032470703125,0.0007,1091,209,444.09,4.511757197178667e-06,45800
229500,-0.00039707738324068487,45899,-0.07191457599401474,444.09,-28.912458419799805,0.0007,1092,210,444.09,4.0746645026956685e-06,45900
230000,-0.00021274946630001068,45999,-0.22271394729614258,444.09,-9.95411491394043,0.0007,1093,210,444.09,1.3830140233039856e-06,46000
230500,3.856850526062772e-05,46099,-0.14487393200397491,444.09,-0.7070012092590332,0.0007,1093,210,444.09,1.0892632644754485e-06,46100
231000,0.00015847792383283377,46199,-0.131555438041687,444.09,-0.7157726287841797,0.0007,1093,211,444.09,1.937965805609565e-07,46200
231500,0.00010253382788505405,46299,-0.19703923165798187,444.09,0.1806044578552246,0.0007,1094,211,444.09,1.1578201792872278e-06,46300
232000,2.3797374524292536e-05,46399,-0.12425392866134644,444.09,-0.4286477565765381,0.0007,1095,211,444.09,7.14440830051899e-07,46400
232500,0.0003324258723296225,46499,-0.0966159775853157,444.09,-0.01495826244354248,0.0007,1093,212,444.09,5.055451879343309e-07,46500
233000,0.0001282951416214928,46599,-0.1613975465297699,444.09,-0.4059481620788574,0.0007,1091,213,444.09,4.357542024990835e-07,46600
233500,1.1640042430371977e-05,46699,-0.08867717534303665,444.09,-0.23772978782653809,0.0007,1089,214,444.09,2.992572376570024e-07,46700
234000,2.932822644652333e-05,46799,-0.10895663499832153,444.09,-0.119407057762146,0.0007,1087,215,444.09,1.1851545878016623e-06,46800
234500,5.798630809294991e-05,46899,-0.2107701599597931,444.09,-0.12694072723388672,0.0007,1085,215,444.09,4.881876520812511e-07,46900
235000,2.65500602836255e-06,46999,-0.046573102474212646,444.09,-0.5080292224884033,0.0007,1084,216,444.09,1.1718366010882164e-07,47000
235500,1.268876530957641e-05,47099,-0.19806890189647675,444.09,-1.04622220993042,0.0007,1082,217,444.09,6.593764112494682e-08,47100
236000,-1.2803316167264711e-05,47199,-0.25399884581565857,444.09,-0.05046725273132324,0.0007,1080,218,444.09,3.7334395130983467e-08,47200
236500,-0.00014730842667631805,47299,-0.29925402998924255,444.09,-0.027850031852722168,0.0007,1080,218,444.09,4.0065498296826263e-07,47300
237000,9.164486255031079e-05,47399,-0.16564790904521942,444.09,-0.144927978515625,0.0007,1081,219,444.09,7.153022920647345e-07,47400
237500,-0.00016822540783323348,47499,-0.2635720372200012,444.09,0.1327582597732544,0.0007,1081,219,444.09,5.867099162060185e-07,47500
238000,6.899725121911615e-05,47599,-0.13706490397453308,444.09,-0.7239264249801636,0.0007,1082,219,444.09,4.0070155193916435e-08,47600
238500,-4.897596227237955e-05,47699,-0.2408563643693924,444.09,0.031112253665924072,0.0007,1083,220,444.09,4.7675567316218803e-07,47700
239000,-7.329617801588029e-05,47799,-0.24274083971977234,444.09,0.1938348412513733,0.0007,1084,220,444.09,1.372420257439444e-07,47800
239500,0.00019353187235537916,47899,-0.08213336765766144,444.09,-0.6484743356704712,0.0007,1085,220,444.09,9.661307842634415e-08,47900
240000,8.302580681629479e-06,47999,-0.06864263862371445,444.09,-0.19676852226257324,0.0007,1085,221,444.09,3.8600992979809234e-07,48000
240500,8.765001985011622e-05,48099,-0.25005945563316345,444.09,-0.08525741100311279,0.0007,1086,221,444.09,4.749046524921141e-07,48100
241000,-8.052292105276138e-05,48199,-0.20196709036827087,444.09,-16.955554962158203,0.0007,1087,221,444.09,1.4214310617433057e-08,48200
241500,-3.339410525882158e-08,48299,-0.10978442430496216,444.09,0.9377777576446533,0.0007,1087,221,444.09,6.984919587171845e-11,48300
242000,0.00014509493485093117,48399,-0.21952176094055176,444.09,0.14580011367797852,0.0007,1088,222,444.09,6.898538913446828e-07,48400
242500,6.865151226520538e-05,48499,-0.21442215144634247,444.09,-0.035253286361694336,0.0007,1089,222,444.09,4.971283260601922e-07,48500
243000,2.0629429855034687e-05,48599,-0.1719226837158203,444.09,-0.24524438381195068,0.0007,1090,222,444.09,2.2726598558620026e-07,48600
243500,4.630561306839809e-05,48699,-0.19061188399791718,444.09,-0.09496772289276123,0.0007,1090,223,444.09,6.594345904886723e-07,48700
244000,0.00013493037840817124,48799,-0.25832268595695496,444.09,-0.10275423526763916,0.0007,1091,223,444.09,2.3620668798685074e-07,48800
244500,-0.00027875942760147154,48899,-0.25285065174102783,444.09,0.08835071325302124,0.0007,1091,223,444.09,1.4307909168564947e-06,48900
245000,-3.574219954316504e-05,48999,-0.2011018693447113,444.09,0.005574345588684082,0.0007,1092,224,444.09,6.170012056827545e-07,49000
245500,-0.00026487340801395476,49099,-0.19075024127960205,444.09,0.13562685251235962,0.0007,1092,224,444.09,1.8472783835932205e-07,49100
246000,-0.0001438379695173353,49199,-0.3283616900444031,444.09,0.10602271556854248,0.0007,1093,224,444.09,8.513569014212408e-07,49200
246500,-0.00016968444106169045,49299,-0.35785311460494995,444.09,0.05553603172302246,0.0007,1093,225,444.09,8.34965590001957e-07,49300
247000,-0.0002648509107530117,49399,-0.389310359954834,444.09,0.07819032669067383,0.0007,1092,226,444.09,9.658048156779842e-07,49400
247500,-8.817862544674426e-05,49499,-0.3199574053287506,444.09,-0.09874451160430908,0.0007,1090,226,444.09,2.1733576716087555e-07,49500
248000,-0.000197305140318349,49599,-0.3528851270675659,444.09,-0.006900787353515625,0.0007,1091,227,444.09,6.686197480121336e-07,49600
248500,-3.791303242905997e-05,49699,-0.22631673514842987,444.09,0.04617810249328613,0.0007,1091,227,444.09,3.4634723533599754e-07,49700
249000,-0.0003407938056625426,49799,-0.17560133337974548,444.09,-0.048796653747558594,0.0007,1092,227,444.09,1.1285185337328585e-06,49800
249500,-0.00011377017654012889,49899,-0.26390016078948975,444.09,-0.031201839447021484,0.0007,1092,228,444.09,4.79549612464325e-07,49900
250000,-0.00031002884497866035,49999,-0.34982985258102417,444.09,-0.13344407081604004,0.0007,1090,229,444.09,8.897623047232628e-07,50000
250500,0.00040292699122801423,50099,-0.26352858543395996,444.09,-0.14381563663482666,0.0007,1088,230,444.09,2.8591487080120714e-06,50100
251000,-8.58347411849536e-05,50199,-0.29108893871307373,444.09,0.031248092651367188,0.0007,1089,230,444.09,7.130089443307952e-07,50200
251500,-0.00037301043630577624,50299,-0.3612590432167053,444.09,0.07392758131027222,0.0007,1089,230,444.09,1.367053528156248e-06,50300
252000,-9.089890954783186e-05,50399,-0.28248441219329834,444.09,0.07116997241973877,0.0007,1089,231,444.09,4.84904717268364e-07,50400
252500,-0.00013559871877077967,50499,-0.2693989872932434,444.09,0.09799355268478394,0.0007,1087,232,444.09,5.927402639827051e-07,50500
253000,-0.0003149619442410767,50599,-0.1204015240073204,444.09,0.014494001865386963,0.0007,1087,232,444.09,6.059184443074628e-07,50600
253500,-0.00022658899251837283,50699,-0.3588448464870453,444.09,-0.07563591003417969,0.0007,1088,232,444.09,4.84054908156395e-07,50700
254000,0.0003164879453834146,50799,-0.1952037513256073,444.09,-0.0804605484008789,0.0007,1088,233,444.09,3.9822188568905403e-07,50800
254500,9.848478839558084e-06,50899,-0.04874600097537041,444.09,-0.06775760650634766,0.0007,1089,233,444.09,2.2188760340213776e-06,50900
255000,4.322425866121193e-06,50999,-0.030545011162757874,444.09,-0.23262405395507812,0.0007,1089,234,444.09,8.61741114022152e-07,51000
255500,6.413624760170933e-07,51099,-0.03368140012025833,444.09,-1.429473638534546,0.0007,1088,234,444.09,1.2223608791828156e-08,51100
256000,3.247120912419632e-05,51199,-0.3479125499725342,444.09,-0.2073878049850464,0.0007,1088,235,444.09,5.499459732050127e-08,51200
256500,-0.0002095385716529563,51299,-0.23934945464134216,444.09,0.12460941076278687,0.0007,1089,235,444.09,7.953843805807992e-07,51300
257000,-3.0460190828307532e-05,51399,-0.22371892631053925,444.09,0.13762342929840088,0.0007,1089,235,444.09,2.952758109131537e-07,51400
257500,8.811979569145478e-06,51499,-0.03881705924868584,444.09,-0.06728804111480713,0.0007,1089,236,444.09,1.3127340707796975e-06,51500
258000,-0.00047743419418111444,51599,-0.13127192854881287,444.09,-0.04034101963043213,0.0007,1090,236,444.09,1.3566925645136507e-06,51600
258500,-0.0002001841348828748,51699,-0.3307730555534363,444.09,0.10215216875076294,0.0007,1088,237,444.09,2.7231871513322403e-07,51700
259000,-6.071320240153e-05,51799,-0.16441196203231812,444.09,0.030795276165008545,0.0007,1086,238,444.09,2.4753157958912198e-06,51800
259500,-0.00013322556333150715,51899,-0.3645956516265869,444.09,0.10067552328109741,0.0007,1085,239,444.09,5.10003872022935e-07,51900
260000,-0.00017324618238490075,51999,-0.29126688838005066,444.09,0.23595505952835083,0.0007,1083,240,444.09,2.104905405531099e-07,52000
260500,4.213970896671526e-06,52099,-0.04534666985273361,444.09,-0.003378629684448242,0.0007,1081,240,444.09,2.995831778207503e-07,52100
261000,-0.00015579719911329448,52199,-0.309774786233902,444.09,0.15230810642242432,0.0007,1079,241,444.09,1.8324819848203333e-06,52200
261500,-0.0001402878697263077,52299,-0.3478596806526184,444.09,0.0326499342918396,0.0007,1078,242,444.09,6.018323119860725e-07,52300
262000,-0.0001251923240488395,52399,-0.34339630603790283,444.09,-0.03539693355560303,0.0007,1078,242,444.09,5.233217734712525e-07,52400
262500,-0.00027427333407104015,52499,-0.2671997547149658,444.09,0.02108609676361084,0.0007,1077,243,444.09,6.07129209129198e-07,52500
263000,-4.231267212162493e-07,52599,-0.007387335412204266,448.72,-0.056102752685546875,0.0007,1078,243,448.72,2.4883775040507317e-07,52600
263500,-2.074519613870507e-07,52699,-0.1723707914352417,448.72,nan,0.0007,1078,244,448.72,4.901084871278272e-09,52700
264000,0.00010417151497676969,52799,-0.235857293009758,448.72,-0.20104801654815674,0.0007,1079,244,448.72,3.725290298461914e-07,52800
264500,-5.2384898481250275e-06,52899,-0.06696627289056778,448.72,-0.09274756908416748,0.0007,1080,244,448.72,1.6037374450661446e-07,52900
265000,1.9068102119490504e-06,52999,-0.015247595496475697,448.72,-0.2840769290924072,0.0007,1080,245,448.72,8.806702567198954e-07,53000
265500,5.8782065025297925e-05,53099,-0.2590692639350891,448.72,-0.19628262519836426,0.0007,1081,245,448.72,1.3930257125593926e-07,53100
266000,-7.308251952053979e-05,53199,-0.2743086814880371,448.72,0.12873125076293945,0.0007,1081,245,448.72,5.669309643963061e-07,53200
266500,-3.877812559949234e-05,53299,-0.30778852105140686,448.72,-0.07092428207397461,0.0007,1082,246,448.72,6.852205558516289e-08,53300
267000,8.112530736070767e-07,53399,-0.05178277567028999,448.72,-0.11578953266143799,0.0007,1082,246,448.72,8.277129204259381e-09,53400
267500,1.964261400644318e-06,53499,-0.3421744406223297,448.72,-0.7422223091125488,0.0007,1083,246,448.72,4.062894909395709e-09,53500
268000,-0.00016381964087486267,53599,-0.3798215687274933,448.72,0.04426860809326172,0.0007,1083,247,448.72,4.3485778178364853e-07,53600
268500,-5.440013046609238e-05,53699,-0.2027702033519745,448.72,-1.0266666412353516,0.0007,1084,247,448.72,1.345761102555798e-08,53700
269000,4.3519044083950575e-06,53799,-0.034891314804553986,448.72,0.0020830631256103516,0.0007,1084,248,448.72,6.424030516427592e-07,53800
269500,2.196090690631536e-06,53899,-0.09098443388938904,448.72,-0.10896551609039307,0.0007,1082,248,448.72,1.5320257062967357e-08,53900
270000,0.0002997135161422193,53999,-0.08941733092069626,448.72,-0.1251528263092041,0.0007,1081,249,448.72,3.6678974879578163e-07,54000
270500,0.0001377611915813759,54099,-0.24132856726646423,448.72,-0.009215712547302246,0.0007,1079,250,448.72,1.0365969274062081e-06,54100
271000,6.906405178597197e-05,54199,-0.3404048979282379,448.72,-0.2688581943511963,0.0007,1078,251,448.72,2.6008348186223884e-07,54200
271500,9.317115473095328e-05,54299,-0.17200013995170593,448.72,-0.33596837520599365,0.0007,1077,252,448.72,7.909257249139046e-08,54300
272000,-0.0001841476623667404,54399,-0.28090760111808777,448.72,-0.01841592788696289,0.0007,1077,252,448.72,6.341259108921804e-07,54400
272500,-1.704736291685549e-06,54499,-0.016349274665117264,453.12,0.03049325942993164,0.0007,1078,252,453.12,7.273396249729558e-07,54500
273000,-1.397217874909984e-05,54599,-0.24618372321128845,457.88,-4.353695392608643,0.0007,1078,253,457.88,1.3492535977377429e-08,54600
273500,0.0001015389570966363,54699,-0.25387078523635864,462.52,-0.20867347717285156,0.0007,1079,253,462.52,4.42017324076005e-07,54700
274000,9.951410902431235e-05,54799,-0.20534701645374298,467.17,-0.24151194095611572,0.0007,1080,253,467.17,6.449408829212189e-07,54800
274500,1.7128711533587193e-06,54899,-0.02265702560544014,471.85,-0.6897541284561157,0.0007,1080,253,471.85,2.730055825850286e-07,54900
275000,0.00015877558325883,54999,-0.37262991070747375,476.65,-0.2165471315383911,0.0007,1081,254,476.65,6.487825885415077e-07,55000
275500,0.00017927998851519078,55099,-0.28253740072250366,481.27,-0.006724834442138672,0.0007,1082,254,481.27,3.487570268134732e-07,55100
276000,2.846953611879144e-05,55199,-0.15943670272827148,486.06,-0.15455472469329834,0.0007,1082,254,486.06,3.9541629348605056e-07,55200
276500,0.0002462801930960268,55299,-0.2887709140777588,490.94,0.21116912364959717,0.0007,1083,255,490.94,7.610884722453193e-07,55300
277000,5.0578382797539234e-05,55399,-0.25014570355415344,495.61,-0.3148801326751709,0.0007,1083,255,495.61,4.5492780031963775e-07,55400
277500,6.805617886129767e-06,55499,-0.04597505182027817,500.0,-0.03616642951965332,0.0007,1084,255,500.0,1.013337168842554e-06,55500
278000,3.1566382858727593e-06,55599,-0.03915031999349594,500.0,-0.10931777954101562,0.0007,1085,256,500.0,1.640408271441629e-07,55600
278500,4.121694655623287e-05,55699,-0.14484205842018127,500.0,0.229783296585083,0.0007,1085,256,500.0,9.988085594159202e-07,55700
279000,0.00011328553227940574,55799,-0.2238784283399582,500.0,0.3272410035133362,0.0007,1086,256,500.0,4.226341729918204e-07,55800
279500,4.474243178265169e-05,55899,-0.2033776044845581,500.0,-0.15746378898620605,0.0007,1086,257,500.0,3.950088398596563e-07,55900
280000,0.0001335480628767982,55999,-0.23092646896839142,500.0,0.07122403383255005,0.0007,1087,257,500.0,5.185837039789476e-07,56000
280500,7.001719495747238e-05,56099,-0.21357981860637665,500.0,0.08932387828826904,0.0007,1088,257,500.0,6.553484013238631e-07,56100
281000,0.00015905272448435426,56199,-0.20458237826824188,500.0,-0.10047101974487305,0.0007,1088,258,500.0,1.116399630518572e-06,56200
281500,3.3952178455365356e-06,56299,-0.03163982182741165,500.0,0.13412588834762573,0.0007,1089,258,500.0,4.5275083948581596e-07,56300
282000,0.00022382065071724355,56399,-0.17558802664279938,500.0,-0.04180550575256348,0.0007,1089,258,500.0,4.258123169620376e-07,56400
282500,9.148940989689436e-06,56499,-0.05976119637489319,500.0,-0.04014849662780762,0.0007,1090,259,500.0,7.731141522526741e-07,56500
283000,9.97084061964415e-05,56599,-0.02871277928352356,500.0,-0.2367013692855835,0.0007,1091,259,500.0,5.267444294076995e-07,56600
283500,1.9928452275053132e-06,56699,-0.019514311105012894,500.0,0.17570072412490845,0.0007,1091,259,500.0,4.6561473254769226e-07,56700
284000,0.00021586574439425021,56799,-0.10376447439193726,500.0,-0.18924927711486816,0.0007,1092,259,500.0,3.024819363872666e-07,56800
284500,0.00015465506294276565,56899,-0.2609269320964813,500.0,0.07356959581375122,0.0007,1093,260,500.0,6.73183251365117e-07,56900
285000,2.5241301955247764e-06,56999,-0.02211722359061241,500.0,-0.028091073036193848,0.0007,1093,260,500.0,8.560949709135457e-07,57000
285500,1.0178320735576563e-05,57099,-0.04632110148668289,500.0,-0.10243761539459229,0.0007,1094,260,500.0,1.5908153727650642e-06,57100
286000,8.668551163282245e-05,57199,-0.3233196437358856,500.0,-0.14785075187683105,0.0007,1092,261,500.0,4.858593456447124e-07,57200
286500,1.048205103870714e-05,57299,-0.13362888991832733,500.0,-0.22304832935333252,0.0007,1091,262,500.0,1.4085090072057938e-07,57300
287000,8.541227725800127e-05,57399,-0.23704318702220917,500.0,-0.31764137744903564,0.0007,1090,263,500.0,5.872105361959257e-07,57400
287500,8.360858373634983e-06,57499,-0.08041216433048248,500.0,-0.1227579116821289,0.0007,1090,263,500.0,2.6561320964901824e-07,57500
288000,8.931636330089532e-06,57599,-0.06934411823749542,500.0,-0.3427557945251465,0.0007,1091,263,500.0,4.817964622816362e-07,57600
288500,3.171838443449815e-06,57699,-0.028117608278989792,500.0,-0.1550968885421753,0.0007,1091,264,500.0,7.053255330902175e-07,57700
289000,1.5817313396837562e-05,57799,-0.32860273122787476,500.0,-0.3331946134567261,0.0007,1092,264,500.0,3.727618747007e-08,57800
289500,7.847000961191952e-05,57899,-0.25161927938461304,500.0,-0.6154077053070068,0.0007,1093,264,500.0,1.5457627000614593e-07,57900
290000,3.081656245740305e-07,57999,-0.006567320786416531,500.0,0.05630648136138916,0.0007,1093,265,500.0,1.2528616366580536e-07,58000
290500,3.5831969853461487e-06,58099,-0.03245902806520462,500.0,-0.007457375526428223,0.0007,1094,265,500.0,5.034147534388467e-07,58100
291000,0.0006139742908999324,58199,-0.05051148682832718,500.0,-0.16742825508117676,0.0007,1094,265,500.0,8.460716571789817e-07,58200
291500,3.774712604354136e-05,58299,-0.17349818348884583,500.0,-0.07782137393951416,0.0007,1095,266,500.0,4.6679051024511864e-07,58300
292000,0.00023320216860156506,58399,-0.11930833011865616,500.0,-0.07961380481719971,0.0007,1094,266,500.0,4.2913015363410523e-07,58400
292500,2.729656898736721e-06,58499,-0.02622382901608944,500.0,-0.09208524227142334,0.0007,1092,267,500.0,5.484325811266899e-07,58500
293000,5.800423605251126e-05,58599,-0.18409428000450134,500.0,-0.23901796340942383,0.0007,1091,268,500.0,7.34825164272479e-07,58600
293500,0.00013080905773676932,58699,-0.20474322140216827,500.0,-0.17288613319396973,0.0007,1090,269,500.0,6.823218541285314e-07,58700
294000,1.530912072666979e-06,58799,-0.010741816833615303,500.0,0.025131046772003174,0.0007,1088,270,500.0,1.3822107121086447e-06,58800
294500,0.00017752012354321778,58899,-0.22081902623176575,500.0,0.010486781597137451,0.0007,1089,270,500.0,1.117249439630541e-06,58900
295000,-1.9210587197449058e-05,58999,-0.12406042963266373,500.0,-0.12444448471069336,0.0007,1089,270,500.0,1.8510035726393426e-09,59000
295500,-3.5830157685268205e-06,59099,-0.031555041670799255,500.0,0.03797316551208496,0.0007,1090,270,500.0,4.0262239053845406e-07,59100
296000,3.465622967269155e-06,59199,-0.03333006426692009,500.0,-0.08550620079040527,0.0007,1089,271,500.0,5.172565806788043e-07,59200
296500,3.301109927633661e-06,59299,-0.03899898752570152,500.0,0.01908165216445923,0.0007,1087,272,500.0,2.9543880941673706e-07,59300
297000,5.756023256253684e-06,59399,-0.08925870060920715,500.0,-0.33479201793670654,0.0007,1086,273,500.0,1.09837856143713e-07,59400
297500,-3.746962465811521e-05,59499,-0.1382475048303604,500.0,-0.005552768707275391,0.0007,1087,273,500.0,9.308569133281708e-07,59500
298000,7.5204516178928316e-06,59599,-0.08485165983438492,500.0,-0.1539703607559204,0.0007,1087,273,500.0,1.7493729842499306e-07,59600
298500,9.533868433209136e-05,59699,-0.25773876905441284,500.0,-0.1698310375213623,0.0007,1088,274,500.0,4.421221149186749e-07,59700
299000,-1.0666453817975707e-05,59799,-0.056689441204071045,500.0,-0.0246046781539917,0.0007,1086,275,500.0,7.47491128549882e-07,59800
299500,0.0002623561304062605,59899,-0.16628077626228333,500.0,-0.0030961036682128906,0.0007,1085,275,500.0,1.161010004580021e-06,59900
300000,-0.000564419839065522,59999,-0.13644130527973175,500.0,0.1850569248199463,0.0007,1084,276,500.0,4.6661588726237824e-07,60000
