time/fps,train/learning_rate,train/n_updates,train/value_loss,rollout/ep_len_mean,train/explained_variance,train/policy_loss,train/entropy_loss,time/total_timesteps,rollout/ep_rew_mean,time/time_elapsed,time/iterations
627,0.0007,99,87.65850830078125,103.2,-0.05302536487579346,-0.08040307462215424,-1.1364192962646484,1600,-335.68646513333334,2,100
961,0.0007,199,413.29486083984375,121.52,-0.004334568977355957,-0.010513439774513245,-0.9722486734390259,3200,-432.6570222799999,3,200
1085,0.0007,299,384.95745849609375,124.57894736842105,-0.0036957263946533203,0.26550397276878357,-0.9867016077041626,4800,-474.5778850789473,4,300
1207,0.0007,399,922.2171630859375,121.75,-0.0013161897659301758,-0.365103542804718,-0.8233696222305298,6400,-483.7860602884615,5,400
1265,0.0007,499,19.9027099609375,117.04411764705883,-0.006909966468811035,0.48143720626831055,-0.7991678714752197,8000,-497.6039428382353,6,500
1343,0.0007,599,42.58830261230469,116.65853658536585,-0.003504514694213867,0.006317317020148039,-0.8744717836380005,9600,-526.1321604390245,7,600
1420,0.0007,699,1722.191650390625,115.98958333333333,-0.0001995563507080078,0.07460448145866394,-0.7150623798370361,11200,-536.0356446770833,7,700
1480,0.0007,799,4988.89990234375,116.78,-1.8358230590820312e-05,0.18594589829444885,-0.5988144874572754,12800,-572.42750692,8,800
1524,0.0007,899,1.5022425651550293,108.39,-0.3581589460372925,-0.24744343757629395,-0.9257159233093262,14400,-580.0595645200001,9,900
1558,0.0007,999,1587.9434814453125,103.95,-0.001010894775390625,-0.16547642648220062,-0.7197547554969788,16000,-596.84390665,10,1000
1596,0.0007,1099,224.2177276611328,101.98,-0.0028573274612426758,-0.0615670420229435,-0.9214118123054504,17600,-610.20147443,11,1100
1627,0.0007,1199,7207.5537109375,101.61,0.008537352085113525,0.6668981313705444,-0.4465150833129883,19200,-620.2512224400001,11,1200
1656,0.0007,1299,337.8946533203125,99.21,-0.01668691635131836,-0.23553578555583954,-0.619080662727356,20800,-618.4933905199999,12,1300
1685,0.0007,1399,2339.1220703125,98.48,0.0019034147262573242,0.38458216190338135,-0.5701985359191895,22400,-623.15431218,13,1400
1711,0.0007,1499,3008.3935546875,98.85,-5.221366882324219e-05,0.23343577980995178,-0.5272749066352844,24000,-626.57265247,14,1500
1739,0.0007,1599,27.457101821899414,100.65,-4.458066463470459,0.34802114963531494,-0.9900823831558228,25600,-629.87989796,14,1600
1764,0.0007,1699,666.2535400390625,104.44,0.0707821249961853,0.010640501976013184,-0.39967185258865356,27200,-634.2549336100001,15,1700
1785,0.0007,1799,120.89266204833984,108.01,0.09148204326629639,0.017782583832740784,-0.8793630599975586,28800,-607.30473752,16,1800
1803,0.0007,1899,507.6764221191406,112.0,0.6665475368499756,-0.42768293619155884,-0.7877836227416992,30400,-571.9549662,16,1900
1822,0.0007,1999,72.30158996582031,115.1,-5.92471170425415,0.02500917762517929,-1.0478510856628418,32000,-556.19012903,17,2000
1840,0.0007,2099,647.183837890625,115.0,0.014643430709838867,0.06636904180049896,-0.9252383708953857,33600,-541.64486009,18,2100
1856,0.0007,2199,4853.533203125,116.82,-0.0033377408981323242,-0.007909625768661499,-0.231550395488739,35200,-535.72180138,18,2200
1871,0.0007,2299,6.647680282592773,121.35,-0.003003239631652832,0.4043833315372467,-0.8524269461631775,36800,-525.1726202699999,19,2300
1885,0.0007,2399,368.157958984375,128.04,-0.37786364555358887,-0.21767234802246094,-0.9750663042068481,38400,-511.37298699999997,20,2400
1898,0.0007,2499,302.13397216796875,133.88,-0.002556920051574707,0.2683541476726532,-0.4194720685482025,40000,-499.26091365,21,2500
1910,0.0007,2599,127.8404541015625,139.76,0.4422258734703064,0.04392453283071518,-1.1838462352752686,41600,-492.02191730000015,21,2600
1922,0.0007,2699,34.99710464477539,143.61,-0.70320725440979,0.030511321499943733,-0.9404647350311279,43200,-510.01367101000005,22,2700
1932,0.0007,2799,7.999486923217773,146.49,0.5105814337730408,-0.24034151434898376,-1.2617510557174683,44800,-520.9445629999999,23,2800
1943,0.0007,2899,141.31948852539062,154.58,-0.09845328330993652,-0.04417777806520462,-0.949363648891449,46400,-519.2099484600001,23,2900
1952,0.0007,2999,302.6341247558594,160.09,-0.21484375,-0.027511902153491974,-0.7645411491394043,48000,-509.03672329999995,24,3000
1952,0.0007,3099,2.5036754608154297,166.8,0.3312124013900757,0.21108846366405487,-0.9478418827056885,49600,-488.05987376999997,25,3100
1927,0.0007,3199,52.433650970458984,177.06,-1.8017792701721191,-0.08893261849880219,-0.8244311213493347,51200,-468.0379953699999,26,3200
1927,0.0007,3299,4.790518760681152,184.71,0.09203755855560303,-0.5461738705635071,-0.6478023529052734,52800,-446.12609590000005,27,3300
1930,0.0007,3399,324.9367980957031,190.54,0.44286048412323,0.001894235610961914,-0.6744921207427979,54400,-419.75499869999993,28,3400
1923,0.0007,3499,19.490400314331055,201.99,-3.4843883514404297,-0.19558662176132202,-0.7164544463157654,56000,-402.97552885,29,3500
1917,0.0007,3599,64.33487701416016,206.57,-0.6131925582885742,0.03753635659813881,-0.4639657437801361,57600,-377.85727528,30,3600
1921,0.0007,3699,162.76986694335938,208.59,-0.3569248914718628,-0.2493707239627838,-0.7127809524536133,59200,-359.99737719000007,30,3700
1924,0.0007,3799,51.485816955566406,212.27,-0.31887519359588623,-0.25462523102760315,-1.03803551197052,60800,-344.73538894999996,31,3800
1914,0.0007,3899,56.73381042480469,221.14,0.13074606657028198,0.011845096945762634,-0.5845749378204346,62400,-330.14224221999996,32,3900
1906,0.0007,3999,113.00672149658203,223.43,-3.775918960571289,0.031266357749700546,-0.9088549017906189,64000,-300.76791771,33,4000
1910,0.0007,4099,163.13314819335938,227.61,0.1697460412979126,-0.35717421770095825,-0.926388144493103,65600,-265.43317437,34,4100
1913,0.0007,4199,115.69790649414062,230.15,-3.023770332336426,0.2612530589103699,-0.896409809589386,67200,-247.57561794999998,35,4200
1893,0.0007,4299,513.4135131835938,228.54,-0.20235836505889893,-0.005424760282039642,-0.6832720041275024,68800,-225.30154407999999,36,4300
1890,0.0007,4399,0.5839780569076538,234.66,-0.04245483875274658,0.3461863696575165,-0.37319666147232056,70400,-214.25366215999998,37,4400
1891,0.0007,4499,30.17243194580078,239.21,0.12269377708435059,-0.0966639518737793,-0.7111102342605591,72000,-189.05121165999998,38,4500
1889,0.0007,4599,354.76507568359375,244.56,-0.14815235137939453,-0.019915424287319183,-0.6469261646270752,73600,-174.04369388999996,38,4600
1886,0.0007,4699,190.72372436523438,242.56,0.2684022784233093,-0.163197860121727,-0.6393662095069885,75200,-160.60353641999998,39,4700
1889,0.0007,4799,263.109130859375,246.73,0.4192385673522949,0.00858132354915142,-0.7130268812179565,76800,-152.77138888,40,4800
1891,0.0007,4899,279.8240051269531,244.53,-2.5065202713012695,0.08351059257984161,-0.47669678926467896,78400,-141.77184318,41,4900
1895,0.0007,4999,81.6429214477539,251.94,-2.4097418785095215,0.03387390822172165,-0.2892695963382721,80000,-143.89313260000003,42,5000
1897,0.0007,5099,9.635323524475098,250.01,-0.39319300651550293,0.012715309858322144,-1.132777452468872,81600,-136.3114418,43,5100
1893,0.0007,5199,168.8577880859375,253.53,0.5278576612472534,0.010683808475732803,-0.6967878937721252,83200,-134.12713196,43,5200
1897,0.0007,5299,1456.9888916015625,260.49,-3.6214776039123535,0.01348387822508812,-0.8465620875358582,84800,-133.66989853,44,5300
1901,0.0007,5399,154.2372589111328,261.62,0.7250127792358398,0.02514166757464409,-0.4838782250881195,86400,-123.43185068000001,45,5400
1900,0.0007,5499,606.3235473632812,257.25,-0.1004948616027832,0.11645248532295227,-0.703000009059906,88000,-120.56890351,46,5500
1900,0.0007,5599,5.546657562255859,260.84,0.3047108054161072,-0.17611703276634216,-0.8541544079780579,89600,-110.73610797,47,5600
1890,0.0007,5699,114.52798461914062,266.48,0.32050085067749023,0.04214194416999817,-0.6611108183860779,91200,-100.19803823999999,48,5700
1887,0.0007,5799,4375.6416015625,277.28,-0.655489444732666,0.009129688143730164,-0.7411519289016724,92800,-91.71550213,49,5800
1891,0.0007,5899,4.108919143676758,284.72,0.8346065282821655,0.060077063739299774,-0.6663347482681274,94400,-85.52278746999998,49,5900
1895,0.0007,5999,31.04915428161621,286.19,0.6101617217063904,-0.1046910360455513,-0.9331015348434448,96000,-83.14562505999999,50,6000
1899,0.0007,6099,15.945903778076172,296.19,0.6779273748397827,-0.1568395495414734,-0.7727723121643066,97600,-73.42286250000001,51,6100
1903,0.0007,6199,1884.2391357421875,303.2,-0.4756500720977783,-0.41394492983818054,-0.3741828203201294,99200,-59.68074343,52,6200
1906,0.0007,6299,49.58477020263672,297.3,0.6394975185394287,-0.08645550906658173,-0.5953335762023926,100800,-60.66342143999999,52,6300
1910,0.0007,6399,19.832368850708008,308.29,0.7293831706047058,-0.150264173746109,-0.7647364735603333,102400,-54.60360678,53,6400
1914,0.0007,6499,87.0715560913086,312.78,-0.06299960613250732,-0.042791880667209625,-0.9459487199783325,104000,-43.77525182999999,54,6500
1917,0.0007,6599,35.138404846191406,318.62,0.6773838996887207,0.04926662892103195,-0.7374665141105652,105600,-33.70968239999999,55,6600
1920,0.0007,6699,34.1657829284668,323.33,-2.4152541160583496,0.18195556104183197,-0.09893986582756042,107200,-29.482193049999996,55,6700
1923,0.0007,6799,0.5380482077598572,330.6,-0.012069463729858398,-1.8842474673874676e-05,-0.02504163794219494,108800,-13.387493959999993,56,6800
1906,0.0007,6899,37.46186447143555,330.83,0.7614747285842896,-0.29439622163772583,-0.9199860692024231,110400,3.550181680000007,57,6900
1909,0.0007,6999,4.373673915863037,336.05,0.8284136056900024,0.10522815585136414,-0.8508862853050232,112000,16.453355140000006,58,7000
1913,0.0007,7099,75.04127502441406,330.92,0.6131525039672852,0.014942958950996399,-0.7314580678939819,113600,31.599651550000004,59,7100
1917,0.0007,7199,27.45350456237793,323.55,0.4945216178894043,-0.2145695984363556,-0.9932111501693726,115200,42.96436362,60,7200
1921,0.0007,7299,7.954446792602539,316.0,0.596780002117157,0.5834153890609741,-0.8167478442192078,116800,50.62672206,60,7300
1925,0.0007,7399,3596.849853515625,314.83,-3.718134880065918,-0.002399673918262124,-0.028855090960860252,118400,58.30508055,61,7400
1924,0.0007,7499,4.617252349853516,304.19,0.9803463816642761,0.021253664046525955,-0.9380204677581787,120000,57.917737640000006,62,7500
1928,0.0007,7599,44.099456787109375,274.07,0.7567360997200012,-0.011223910376429558,-0.9166849255561829,121600,49.52236004,63,7600
1931,0.0007,7699,1.2790473699569702,242.02,0.9362057447433472,-0.3252287805080414,-1.1048585176467896,123200,46.18305659,63,7700
1935,0.0007,7799,40.0660400390625,214.42,0.4332687258720398,0.002451334148645401,-0.7222869396209717,124800,36.563910539999995,64,7800
1932,0.0007,7899,0.39693260192871094,197.08,0.9599059224128723,0.07155029475688934,-0.9992397427558899,126400,24.879204530000003,65,7900
1935,0.0007,7999,125.07119750976562,181.8,0.32203614711761475,-0.32799848914146423,-0.8464494347572327,128000,16.295729899999998,66,8000
1938,0.0007,8099,9.717018127441406,174.77,0.7671289443969727,-0.049848198890686035,-1.0736192464828491,129600,9.86687205,66,8100
1941,0.0007,8199,4.7908124923706055,167.22,0.3562372922897339,-0.549455463886261,-1.0211467742919922,131200,0.22997401999999967,67,8200
1944,0.0007,8299,2.270216464996338,163.32,0.8555266857147217,-0.233834907412529,-0.9759945869445801,132800,-4.39374329,68,8300
1948,0.0007,8399,16.17158317565918,159.87,0.24498039484024048,0.1085343286395073,-0.885417640209198,134400,-6.67704203,68,8400
1932,0.0007,8499,17.041790008544922,163.66,0.6425535082817078,-0.22213256359100342,-0.9336106181144714,136000,-3.07360273,70,8500
1935,0.0007,8599,52.99925231933594,173.52,0.05542874336242676,0.306650847196579,-0.7851675152778625,137600,2.9373426099999995,71,8600
1939,0.0007,8699,139.28860473632812,184.03,-1.1117427349090576,0.5403573513031006,-0.5522876977920532,139200,6.942945149999998,71,8700
1942,0.0007,8799,5.993119239807129,198.69,0.676459550857544,-0.3867497444152832,-1.0272001028060913,140800,-0.5774887000000006,72,8800
1945,0.0007,8899,0.7215154767036438,212.01,0.32589685916900635,0.00015512807294726372,-0.17161104083061218,142400,5.072074149999999,73,8900
1948,0.0007,8999,5.736382484436035,221.31,0.8444130420684814,0.2032201886177063,-1.0521416664123535,144000,9.83062841,73,9000
1952,0.0007,9099,5.265439510345459,235.16,0.7874978184700012,-0.13049198687076569,-0.8270918726921082,145600,12.758121240000001,74,9100
1955,0.0007,9199,2.179050922393799,249.0,0.5718158483505249,-0.09593283385038376,-1.0908585786819458,147200,17.49603178,75,9200
1958,0.0007,9299,15.293590545654297,261.0,0.06540614366531372,-0.05996938794851303,-0.7822593450546265,148800,16.93756953,75,9300
1958,0.0007,9399,1.5395324230194092,275.66,-0.33596837520599365,-0.08062376081943512,-0.9160171151161194,150400,17.92071437,76,9400
1961,0.0007,9499,3.6827311515808105,284.47,-1.0873916149139404,-0.03441351652145386,-0.8356461524963379,152000,17.728508529999996,77,9500
1964,0.0007,9599,13.594390869140625,301.66,0.14086586236953735,-0.1844533085823059,-0.792186975479126,153600,16.84712792,78,9600
1967,0.0007,9699,2.4834606647491455,317.2,-0.4518328905105591,-0.18936903774738312,-0.9910339117050171,155200,13.512221940000002,78,9700
1970,0.0007,9799,0.751793622970581,326.05,0.5831897258758545,-0.1860298216342926,-1.0218428373336792,156800,12.718693429999998,79,9800
1973,0.0007,9899,7.04796028137207,343.11,0.5136996507644653,0.023815393447875977,-0.8115459680557251,158400,10.840705100000001,80,9900
1975,0.0007,9999,2.5946812629699707,351.16,0.42934077978134155,0.06352733075618744,-0.9329245090484619,160000,11.492822520000002,80,10000
1978,0.0007,10099,1.541462779045105,368.27,0.4492073655128479,-0.2704100012779236,-0.9865514039993286,161600,9.598924829999998,81,10100
1981,0.0007,10199,3.352863073348999,385.43,0.2637966275215149,-0.0725574642419815,-0.9679183959960938,163200,7.977528249999999,82,10200
1983,0.0007,10299,2.152076482772827,394.21,0.7531017661094666,-0.15896600484848022,-0.8995698094367981,164800,7.999937600000003,83,10300
1986,0.0007,10399,2.5752615928649902,411.2,0.7199161052703857,-0.3429296314716339,-0.90865558385849,166400,7.19292485,83,10400
1988,0.0007,10499,1.8156962394714355,419.75,0.5121625661849976,0.08791939914226532,-1.0605946779251099,168000,6.92366153,84,10500
1990,0.0007,10599,0.8797903656959534,435.91,0.3742494583129883,-0.05450240150094032,-0.8947795629501343,169600,4.712761599999999,85,10600
1993,0.0007,10699,20.981204986572266,453.28,-0.3325817584991455,0.15433798730373383,-0.883142352104187,171200,3.6313939900000003,85,10700
1995,0.0007,10799,0.8523008823394775,461.54,0.6712291836738586,-0.44328436255455017,-0.7484408617019653,172800,2.2455646899999993,86,10800
1997,0.0007,10899,2.5781807899475098,477.45,0.5352805256843567,-0.2449614405632019,-0.7290851473808289,174400,0.5568096799999998,87,10900
2000,0.0007,10999,5.116344451904297,485.84,0.3377193212509155,0.21869181096553802,-0.9529305696487427,176000,0.5799488000000008,87,11000
2002,0.0007,11099,1.2849905490875244,502.74,0.7546047568321228,-0.4093133509159088,-0.6507176160812378,177600,-0.5003309499999996,88,11100
2004,0.0007,11199,2.4215097427368164,519.29,0.6698929071426392,-0.1334381401538849,-0.9023101925849915,179200,-1.6973767600000014,89,11200
2005,0.0007,11299,5.717447757720947,527.98,0.6365388631820679,-0.05624649301171303,-0.481727659702301,180800,-2.437782370000002,90,11300
2007,0.0007,11399,8.936016082763672,544.43,0.16352307796478271,-0.2489028424024582,-0.7961744070053101,182400,-3.846587210000004,90,11400
2009,0.0007,11499,3.169281244277954,552.48,0.24359476566314697,-0.17311543226242065,-1.0107611417770386,184000,-5.031198670000004,91,11500
2011,0.0007,11599,6.527901649475098,569.95,0.65139240026474,-0.07570824772119522,-0.8572293519973755,185600,-6.737432330000003,92,11600
2013,0.0007,11699,4.758327484130859,586.93,0.6145903468132019,-0.42588359117507935,-0.7181418538093567,187200,-6.918668550000003,92,11700
2015,0.0007,11799,2.639124631881714,595.01,-0.0002765655517578125,-0.02244761399924755,-0.9013332724571228,188800,-7.888841660000002,93,11800
2017,0.0007,11899,1.8924678564071655,611.78,0.6751390695571899,-0.28514450788497925,-0.7064595222473145,190400,-8.345363640000002,94,11900
2019,0.0007,11999,2.2478253841400146,620.53,-0.5728162527084351,-0.08799965679645538,-0.9441177248954773,192000,-8.86101393,95,12000
2016,0.0007,12099,7.440994739532471,635.17,0.5478314757347107,-0.13314968347549438,-0.6207895874977112,193600,-13.441275010000002,96,12100
2018,0.0007,12199,11.578810691833496,650.74,0.20005887746810913,-0.06014757603406906,-0.8569598197937012,195200,-17.82302608,96,12200
2020,0.0007,12299,12.67680835723877,658.86,-0.13901758193969727,-0.17484034597873688,-0.6671508550643921,196800,-18.92188442,97,12300
2022,0.0007,12399,2.6568145751953125,675.34,0.48451805114746094,-0.10840389132499695,-0.8841636180877686,198400,-20.05468747,98,12400
2023,0.0007,12499,0.6846452951431274,683.61,0.7165020704269409,-0.28432196378707886,-0.745989978313446,200000,-20.2852508,98,12500
2025,0.0007,12599,3.3367013931274414,697.12,0.3572746515274048,-0.0928938239812851,-0.8804091215133667,201600,-22.492541020000004,99,12600
2027,0.0007,12699,7.188836574554443,713.88,-0.01890277862548828,0.06513345241546631,-0.8617710471153259,203200,-23.190557669999997,100,12700
2029,0.0007,12799,5.578302383422852,729.93,0.5064880847930908,-0.2831689119338989,-0.7942513227462769,204800,-24.69052738,100,12800
2030,0.0007,12899,2.737194061279297,738.13,0.028462588787078857,-0.023882701992988586,-0.829309344291687,206400,-25.86347386,101,12900
2032,0.0007,12999,1.1804437637329102,754.26,0.49756383895874023,-0.4459882378578186,-0.6991869211196899,208000,-27.819613949999997,102,13000
2034,0.0007,13099,12.972901344299316,762.16,0.35969698429107666,0.023241154849529266,-0.5909678936004639,209600,-28.967015060000005,103,13100
2035,0.0007,13199,1.037428855895996,778.86,0.13189423084259033,-0.08319813013076782,-0.7319220304489136,211200,-30.407460300000004,103,13200
2037,0.0007,13299,1.417083501815796,796.03,0.5683597326278687,-0.3587738573551178,-0.7211441993713379,212800,-31.56038286,104,13300
2039,0.0007,13399,3.711933135986328,803.96,0.7287247776985168,0.4318807125091553,-0.6679130792617798,214400,-32.34938987,105,13400
2040,0.0007,13499,4.146096229553223,820.01,0.34469735622406006,0.02642742544412613,-0.7721012830734253,216000,-33.18812633,105,13500
2042,0.0007,13599,0.940155565738678,827.88,0.42815274000167847,-0.25133758783340454,-0.6777858734130859,217600,-33.64730543,106,13600
2044,0.0007,13699,5.708891868591309,844.47,0.6136466264724731,0.07423121482133865,-0.4827805161476135,219200,-34.57333903,107,13700
2045,0.0007,13799,1.2900410890579224,860.4,0.8989689350128174,-0.5368930697441101,-0.662128210067749,220800,-34.95097449,107,13800
2047,0.0007,13899,8.627248764038086,867.14,0.39158904552459717,-0.31315329670906067,-0.6440636515617371,222400,-38.054428,108,13900
2048,0.0007,13999,12.167686462402344,883.16,-0.3689603805541992,0.5041422247886658,-0.6934647560119629,224000,-39.63271857,109,14000
2049,0.0007,14099,2.4788994789123535,890.75,-0.09989416599273682,-0.2700292468070984,-0.7994394898414612,225600,-41.354501899999995,110,14100
2050,0.0007,14199,1.5530201196670532,906.83,0.08524882793426514,0.14498049020767212,-0.9466822147369385,227200,-42.73276852,110,14200
2052,0.0007,14299,5.2039594650268555,916.58,-0.1421123743057251,0.05921053886413574,-0.6716523170471191,228800,-50.208075900000004,111,14300
2053,0.0007,14399,1.697382926940918,923.17,0.5420682430267334,-0.498481422662735,-0.6344018578529358,230400,-50.818871230000006,112,14400
2054,0.0007,14499,5.500996112823486,935.69,0.1394360065460205,-0.09620127081871033,-0.8099655508995056,232000,-55.01412019,112,14500
2056,0.0007,14599,2.1933822631835938,936.73,-0.5365086793899536,-0.12449005246162415,-0.8307135701179504,233600,-57.266750009999996,113,14600
2057,0.0007,14699,9.741890907287598,939.65,0.6783183813095093,0.27794191241264343,-0.7082186937332153,235200,-51.319011829999994,114,14700
2058,0.0007,14799,0.7480686902999878,948.19,0.5837415456771851,-0.1828475296497345,-0.8283882141113281,236800,-56.06463650999999,115,14800
2059,0.0007,14899,3.824779510498047,952.35,0.8356536626815796,-0.18585754930973053,-0.4593472480773926,238400,-58.50549524,115,14900
2060,0.0007,14999,14.109838485717773,960.3,-0.8336635828018188,0.011629268527030945,-0.6493923664093018,240000,-63.16093771,116,15000
2061,0.0007,15099,2.6589112281799316,965.29,0.7613352537155151,-0.009434975683689117,-0.7661615610122681,241600,-61.91750107000001,117,15100
2062,0.0007,15199,0.3505031168460846,971.14,0.8841699957847595,-0.2115403711795807,-0.5789746046066284,243200,-64.48007632,117,15200
2063,0.0007,15299,0.31345993280410767,978.4,0.8197571039199829,-0.26798558235168457,-0.7505764961242676,244800,-71.44696521,118,15300
2065,0.0007,15399,4.428180694580078,985.73,0.9850636720657349,-0.042054299265146255,-0.4597666561603546,246400,-70.41841501,119,15400
2066,0.0007,15499,1.020263433456421,987.42,0.34987157583236694,-0.255367636680603,-0.8571212291717529,248000,-71.28418495,120,15500
2067,0.0007,15599,0.7471352815628052,990.44,0.8974165916442871,-0.33407217264175415,-0.7641211152076721,249600,-73.75401269,120,15600
2068,0.0007,15699,0.21587951481342316,990.44,0.9334689974784851,-0.29356950521469116,-0.6228883266448975,251200,-73.78252336,121,15700
2069,0.0007,15799,0.11387735605239868,990.44,0.9619520902633667,-0.2525666356086731,-0.77364581823349,252800,-73.15250586,122,15800
2070,0.0007,15899,0.635881781578064,991.49,0.5775330066680908,-0.13143208622932434,-0.6148286461830139,254400,-71.01904377,122,15900
2072,0.0007,15999,1.5282888412475586,991.49,-0.47062695026397705,0.39403480291366577,-0.656112551689148,256000,-70.83120181,123,16000
2073,0.0007,16099,4.532746315002441,991.49,0.17620021104812622,-0.2050565630197525,-0.6346500515937805,257600,-71.79678187,124,16100
2074,0.0007,16199,1.2735724449157715,992.23,0.5503509044647217,-0.34862107038497925,-0.5919883847236633,259200,-74.00184403000002,124,16200
2075,0.0007,16299,1.1900676488876343,992.23,0.5173290967941284,0.12207779288291931,-0.7218448519706726,260800,-73.55900914,125,16300
2076,0.0007,16399,0.829950213432312,992.23,0.660077691078186,-0.08558785170316696,-0.7944844365119934,262400,-72.24401719000001,126,16400
2077,0.0007,16499,13.205434799194336,992.23,0.3396672010421753,-0.3097490072250366,-0.629646897315979,264000,-72.8340513,127,16500
2078,0.0007,16599,1.5418601036071777,992.23,0.08642727136611938,-0.08605979382991791,-0.4835171103477478,265600,-74.57300403,127,16600
2079,0.0007,16699,3.775364398956299,992.23,0.079073965549469,-0.19074350595474243,-0.5920724868774414,267200,-74.53415609,128,16700
2079,0.0007,16799,18.083106994628906,992.23,0.24970918893814087,-0.4860040545463562,-0.6568412184715271,268800,-75.27630763,129,16800
2080,0.0007,16899,10.622430801391602,992.23,-0.3018709421157837,0.08013679087162018,-0.5710815191268921,270400,-74.7855925,129,16900
2081,0.0007,16999,4.618780612945557,992.23,-0.23920559883117676,0.25291135907173157,-0.6540164351463318,272000,-74.70754005000002,130,17000
2082,0.0007,17099,8.509624481201172,992.23,-0.40211379528045654,0.21627260744571686,-0.7611652612686157,273600,-75.87266374000001,131,17100
2083,0.0007,17199,6.7806196212768555,992.23,0.29959386587142944,-0.11518809199333191,-0.47975313663482666,275200,-77.16552510999999,132,17200
2085,0.0007,17299,5.041647911071777,992.23,-0.06136977672576904,0.01227133721113205,-0.634206235408783,276800,-78.88184091000001,132,17300
2076,0.0007,17399,2.0564045906066895,992.23,0.5382035970687866,-0.20380419492721558,-0.45740756392478943,278400,-79.43866341000002,134,17400
2068,0.0007,17499,0.4743497967720032,992.23,0.7578949928283691,-0.31030407547950745,-0.6220675110816956,280000,-79.74929490000001,135,17500
2069,0.0007,17599,2.1154706478118896,992.23,0.2640194296836853,-0.23290219902992249,-0.40492162108421326,281600,-80.28995481,136,17600
2070,0.0007,17699,2.0554873943328857,992.23,-0.13140547275543213,0.07527654618024826,-0.5313986539840698,283200,-80.36737894000001,136,17700
2071,0.0007,17799,1.771480679512024,992.23,0.607097327709198,-0.20527026057243347,-0.7031509876251221,284800,-81.24998781000001,137,17800
2072,0.0007,17899,4.404059410095215,992.23,0.2939326763153076,0.08997782319784164,-0.6398449540138245,286400,-82.03892804000002,138,17900
2071,0.0007,17999,1.6735512018203735,992.23,0.47551804780960083,-0.06056821346282959,-0.5633429288864136,288000,-81.87677178000001,139,18000
2072,0.0007,18099,3.6114978790283203,990.35,0.5917212963104248,-0.402838796377182,-0.751499593257904,289600,-83.21594996,139,18100
2073,0.0007,18199,1.8833978176116943,990.32,0.6037852764129639,-0.019651729613542557,-0.8355466723442078,291200,-81.72236115000001,140,18200
2074,0.0007,18299,1168.857421875,987.58,0.32031720876693726,-0.30428406596183777,-0.6837431788444519,292800,-79.90080734000001,141,18300
2075,0.0007,18399,1.4908825159072876,982.27,0.6874960064888,0.11076906323432922,-0.593002200126648,294400,-77.9902454,141,18400
2076,0.0007,18499,3.156834602355957,974.43,0.5964386463165283,-0.31652992963790894,-0.6552454233169556,296000,-75.06097566000001,142,18500
2077,0.0007,18599,0.2887234091758728,968.22,0.9876885414123535,0.15518291294574738,-0.8386743068695068,297600,-70.25178491999999,143,18600
2078,0.0007,18699,0.9486231803894043,964.44,0.6319127678871155,-0.10656926035881042,-0.6052231192588806,299200,-66.47072864,143,18700
2079,0.0007,18799,0.9499264359474182,956.49,0.8918445110321045,-0.2650265097618103,-0.5216546058654785,300800,-63.61025046,144,18800
2079,0.0007,18899,0.016180016100406647,948.41,-0.027239203453063965,0.025873582810163498,-0.6403059959411621,302400,-57.99121230000001,145,18900
2080,0.0007,18999,0.7994166612625122,930.27,0.8149259686470032,-0.15313079953193665,-0.6528961062431335,304000,-52.17500785999999,146,19000
2081,0.0007,19099,4.29957389831543,907.54,0.7030597925186157,0.17804104089736938,-0.7133705019950867,305600,-41.84108541999999,146,19100
2081,0.0007,19199,9.788033485412598,884.93,0.48808377981185913,-0.40097776055336,-0.6086394786834717,307200,-30.74391898,147,19200
2082,0.0007,19299,1.0416264533996582,858.5,0.5113153457641602,0.000857573002576828,-0.6937662363052368,308800,-27.25100501,148,19300
2083,0.0007,19399,0.3004399240016937,835.94,0.9415609836578369,-0.1559825986623764,-0.6856653690338135,310400,-16.542283760000004,148,19400
2083,0.0007,19499,4442.6494140625,813.53,-0.02429068088531494,0.0006308084703050554,-0.053180474787950516,312000,-3.327281930000002,149,19500
2084,0.0007,19599,1.0342216491699219,802.55,-0.9450696706771851,-0.15605220198631287,-0.6574997305870056,313600,2.6984773499999988,150,19600
2085,0.0007,19699,4.246693134307861,792.22,-2.2605457305908203,6.764629506506026e-05,-0.007320514414459467,315200,5.548806509999997,151,19700
2085,0.0007,19799,5.076986312866211,759.77,0.8718346357345581,-0.03905801475048065,-0.8310117721557617,316800,13.241429369999999,151,19800
2086,0.0007,19899,2.2761685848236084,720.0,0.8990240097045898,0.052684638649225235,-0.4856142997741699,318400,18.41209203,152,19900
2087,0.0007,19999,4197.8681640625,686.71,0.5313247442245483,0.2004481554031372,-0.11871159076690674,320000,29.136490780000003,153,20000
2087,0.0007,20099,0.11620096862316132,662.15,0.9889266490936279,-0.5582119822502136,-0.5242688655853271,321600,38.41658641,154,20100
2086,0.0007,20199,30.379972457885742,628.92,0.41649526357650757,-0.14817653596401215,-0.4564829468727112,323200,45.64856750999999,154,20200
2086,0.0007,20299,3.2167162895202637,603.75,0.3651474714279175,-0.006476232782006264,-0.5497519969940186,324800,51.15565419000001,155,20300
2087,0.0007,20399,4.2336835861206055,580.6,0.9304673671722412,0.17907457053661346,-0.599393367767334,326400,59.742350910000006,156,20400
2088,0.0007,20499,1100.138671875,547.61,-0.7562751770019531,0.14725741744041443,-0.511651873588562,328000,68.60343182000001,157,20500
2088,0.0007,20599,6.1076178550720215,520.16,0.24817818403244019,-0.3345770537853241,-0.7391128540039062,329600,73.41690274000001,157,20600
2089,0.0007,20699,0.6436725854873657,496.31,0.7709989547729492,0.01422613114118576,-0.6229063868522644,331200,81.46340332,158,20700
2090,0.0007,20799,2.274160861968994,482.49,0.8068297505378723,-0.2188429981470108,-0.5872454643249512,332800,86.88885181999999,159,20800
2091,0.0007,20899,6.721868515014648,465.38,-0.07016944885253906,-0.18465951085090637,-0.6358217000961304,334400,88.60355615,159,20900
2091,0.0007,20999,7.49656867980957,446.95,0.3097977042198181,0.027951378375291824,-0.5080305933952332,336000,92.30639302,160,21000
2092,0.0007,21099,2.3138434886932373,429.85,0.5096932649612427,-0.2496325522661209,-0.6195022463798523,337600,87.67420238999999,161,21100
2093,0.0007,21199,4.270266056060791,416.11,-2.041076898574829,0.16322603821754456,-0.5713760256767273,339200,82.69273736,162,21200
2093,0.0007,21299,10.540614128112793,403.78,0.7341271638870239,0.06522707641124725,-0.45793426036834717,340800,75.93965229,162,21300
2094,0.0007,21399,1.625375747680664,405.76,0.2784693241119385,-0.03643462806940079,-0.671463668346405,342400,71.93069227999999,163,21400
2094,0.0007,21499,0.46306437253952026,407.14,0.9571305513381958,0.15005016326904297,-0.4255969226360321,344000,73.0677522,164,21500
2095,0.0007,21599,72.7693099975586,407.71,-6.062615871429443,0.4256255626678467,-0.3954751789569855,345600,70.65225104,164,21600
2081,0.0007,21699,11.90821361541748,416.62,-0.6809536218643188,-0.0982634648680687,-0.4194794297218323,347200,65.63548822000001,166,21700
2075,0.0007,21799,4.281416416168213,419.35,0.4615846276283264,-0.0118335522711277,-0.6935163736343384,348800,58.81275126,168,21800
2076,0.0007,21899,2.0876429080963135,431.23,0.7993319034576416,-0.06729274988174438,-0.6116674542427063,350400,53.50341637,168,21900
2076,0.0007,21999,3.8981547355651855,435.84,0.2741691470146179,-0.16987723112106323,-0.7411715388298035,352000,50.368296609999994,169,22000
2076,0.0007,22099,3.0405993461608887,450.03,-0.24271035194396973,0.13877087831497192,-0.699772834777832,353600,48.13732975,170,22100
2076,0.0007,22199,5.749942302703857,462.32,0.9921442866325378,0.2970968782901764,-0.3706708550453186,355200,44.80265383,171,22200
2077,0.0007,22299,1.8916980028152466,468.8,0.8902302384376526,-0.0359836220741272,-0.5508747696876526,356800,40.764623310000005,171,22300
2078,0.0007,22399,1.902896523475647,474.68,0.7258599996566772,-0.13409598171710968,-0.4770313799381256,358400,39.138492539999994,172,22400
2078,0.0007,22499,4.091399669647217,479.18,0.4509595036506653,0.12905608117580414,-0.6946796178817749,360000,36.93341481,173,22500
2079,0.0007,22599,9.670381546020508,490.9,0.33909332752227783,0.11945952475070953,-0.7015920281410217,361600,32.39875535000001,173,22600
2080,0.0007,22699,0.8429092764854431,501.88,0.7890172004699707,-0.04159306362271309,-0.46743908524513245,363200,28.23951531,174,22700
2081,0.0007,22799,6.206749439239502,498.15,0.4845060110092163,0.08245851844549179,-0.5868538022041321,364800,28.8185244,175,22800
2081,0.0007,22899,2.374664306640625,507.49,0.3174399137496948,0.038327544927597046,-0.414645254611969,366400,25.63846860000001,175,22900
2082,0.0007,22999,0.2269088327884674,512.13,0.9408705234527588,0.05168925225734711,-0.4741210341453552,368000,21.37891171,176,23000
2083,0.0007,23099,1.6014728546142578,523.16,0.7110118865966797,-0.1596851944923401,-0.4754832983016968,369600,16.541572830000003,177,23100
2084,0.0007,23199,2.881815195083618,530.55,-0.1750413179397583,-0.015711763873696327,-0.6886078715324402,371200,14.854081579999999,178,23200
2084,0.0007,23299,2.370133399963379,544.97,0.7865692377090454,0.02830629050731659,-0.5899048447608948,372800,15.074398750000002,178,23300
2085,0.0007,23399,1.8707225322723389,556.99,0.9010047912597656,-0.0700547993183136,-0.5212642550468445,374400,11.050980860000003,179,23400
2086,0.0007,23499,1.5970559120178223,562.78,0.9169744253158569,-0.25066402554512024,-0.6326240301132202,376000,3.8789194500000015,180,23500
2086,0.0007,23599,1.6460145711898804,569.56,0.4397415518760681,-0.09886795282363892,-0.6979242563247681,377600,-3.9126247499999987,180,23600
2087,0.0007,23699,8.963190078735352,576.77,-0.529188871383667,-0.13959118723869324,-0.7405698299407959,379200,-7.836164719999997,181,23700
2086,0.0007,23799,2.987839460372925,585.58,0.6490339636802673,0.10448470711708069,-0.5767943263053894,380800,-7.402184889999998,182,23800
2087,0.0007,23899,3.746567726135254,587.98,0.8195539116859436,-0.035989657044410706,-0.5781959891319275,382400,-15.35665762,183,23900
2087,0.0007,23999,4.839573383331299,581.57,0.03249424695968628,-0.1683422029018402,-0.6542760729789734,384000,-26.397001699999997,183,24000
2088,0.0007,24099,16.978342056274414,588.31,0.8066648244857788,0.11184056103229523,-0.5343095064163208,385600,-30.462888290000006,184,24100
2089,0.0007,24199,3.838447332382202,588.48,0.4548235535621643,-0.03364960104227066,-0.3356761336326599,387200,-36.04381446,185,24200
2089,0.0007,24299,4.714600563049316,599.58,0.8097356557846069,-0.06561778485774994,-0.6063153147697449,388800,-36.43564232,186,24300
2090,0.0007,24399,1.2680965662002563,597.11,0.40318089723587036,0.16773979365825653,-0.5903680920600891,390400,-45.35382598,186,24400
2091,0.0007,24499,3028.09912109375,594.98,-0.045163869857788086,0.00334567460231483,-0.01215702947229147,392000,-49.56947491999999,187,24500
2091,0.0007,24599,3.594538927078247,597.78,0.7446997165679932,0.0411418192088604,-0.2965884506702423,393600,-52.01114847000001,188,24600
2091,0.0007,24699,1.176988124847412,583.06,0.5148557424545288,-0.10548511147499084,-0.7499762773513794,395200,-55.663106989999996,188,24700
2083,0.0007,24799,0.3314015865325928,588.7,0.979266345500946,-0.4376147389411926,-0.6165346503257751,396800,-51.80169621,190,24800
2083,0.0007,24899,1429.1854248046875,598.65,0.7333701848983765,-0.035787057131528854,-0.5407103896141052,398400,-47.85219373000001,191,24900
2078,0.0007,24999,0.44046518206596375,605.66,0.9184268712997437,-0.22860616445541382,-0.45611658692359924,400000,-47.54826812000001,192,25000
2079,0.0007,25099,12.785584449768066,605.52,0.029083311557769775,0.09379842877388,-0.6249924302101135,401600,-47.82453508000001,193,25100
2080,0.0007,25199,0.40208640694618225,604.28,0.9444819688796997,-0.3688915967941284,-0.5375609397888184,403200,-50.35117373,193,25200
2081,0.0007,25299,13.710742950439453,606.83,-1.2410430908203125,0.048347681760787964,-0.5742719769477844,404800,-54.893693830000004,194,25300
2081,0.0007,25399,5.460030555725098,605.18,-0.8226639032363892,0.16193298995494843,-0.5621917843818665,406400,-59.13039301,195,25400
2082,0.0007,25499,0.63747239112854,606.74,0.5788860321044922,0.02775035798549652,-0.570171058177948,408000,-60.69442524,195,25500
2083,0.0007,25599,10.119154930114746,598.17,-1.9996652603149414,0.14815565943717957,-0.5645984411239624,409600,-55.705465380000014,196,25600
2083,0.0007,25699,2.927708387374878,584.98,0.3231769800186157,-0.11006321758031845,-0.7439127564430237,411200,-55.95752294,197,25700
2084,0.0007,25799,0.6688216924667358,570.5,0.8302667737007141,-0.1977214813232422,-0.6129769086837769,412800,-56.27634715,198,25800
2084,0.0007,25899,3.566411018371582,562.4,0.3234853744506836,0.021066928282380104,-0.6218095421791077,414400,-58.13604228,198,25900
2085,0.0007,25999,0.8479198217391968,545.03,0.7758255004882812,0.1517631858587265,-0.5523228645324707,416000,-61.04628222,199,26000
2085,0.0007,26099,4.552823543548584,529.81,-0.05191218852996826,-0.07310861349105835,-0.6489819884300232,417600,-62.50792647000002,200,26100
2086,0.0007,26199,1.7048767805099487,533.43,-0.6043814420700073,0.2551419734954834,-0.5910323262214661,419200,-63.10693029,200,26200
2086,0.0007,26299,4.505953311920166,533.21,0.6681060791015625,0.23317688703536987,-0.6985477209091187,420800,-68.40632271,201,26300
2087,0.0007,26399,2.798672914505005,539.92,-0.435899019241333,-0.13671736419200897,-0.7292493581771851,422400,-67.99053428,202,26400
2087,0.0007,26499,0.8357412219047546,526.61,0.000812232494354248,-0.0,-3.649807638339553e-07,424000,-68.61116429,203,26500
2088,0.0007,26599,8.10840129852295,517.97,-0.3670908212661743,0.06465313583612442,-0.573086142539978,425600,-69.30656541000002,203,26600
2088,0.0007,26699,0.6624004244804382,497.67,0.758025050163269,-0.049728550016880035,-0.6955480575561523,427200,-66.84598690000001,204,26700
2089,0.0007,26799,6.87951135635376,497.39,0.26863396167755127,-0.17848674952983856,-0.5127819776535034,428800,-68.65562508000001,205,26800
2090,0.0007,26899,4.016678810119629,498.25,0.023008525371551514,0.09026113897562027,-0.44978049397468567,430400,-73.17148488000001,205,26900
2090,0.0007,26999,4.552987098693848,492.95,-3.832092761993408,0.015480132773518562,-0.5500025749206543,432000,-72.72484499000001,206,27000
2091,0.0007,27099,1.2903684377670288,508.13,-0.24143648147583008,0.048174165189266205,-0.66233229637146,433600,-71.8332238,207,27100
2092,0.0007,27199,0.9274876117706299,516.68,0.6538454294204712,-0.2797999680042267,-0.4640299677848816,435200,-71.55249488,208,27200
2092,0.0007,27299,1.2771179676055908,516.67,0.6516717076301575,-0.3779582381248474,-0.47284242510795593,436800,-71.03521155000001,208,27300
2093,0.0007,27399,3.6531853675842285,525.7,-0.26087939739227295,-0.061511650681495667,-0.6476640701293945,438400,-71.81966051,209,27400
2093,0.0007,27499,3.4209985733032227,528.77,-0.17511701583862305,0.17887510359287262,-0.44981467723846436,440000,-71.61020237,210,27500
2094,0.0007,27599,8.880904197692871,544.65,-0.8362294435501099,0.637601375579834,-0.5671371817588806,441600,-72.10754933,210,27600
2094,0.0007,27699,7.043160438537598,543.93,-0.17439520359039307,0.25903749465942383,-0.4556688666343689,443200,-74.05556139000001,211,27700
2095,0.0007,27799,0.9480270743370056,553.56,0.5824888944625854,-0.43778830766677856,-0.5930356383323669,444800,-74.59779922999999,212,27800
2096,0.0007,27899,3.7020263671875,558.71,-0.6416611671447754,0.09859775751829147,-0.5424814820289612,446400,-74.82239571999999,212,27900
2096,0.0007,27999,43.84540939331055,566.86,0.3407607674598694,-0.12615323066711426,-0.354791522026062,448000,-75.6564889,213,28000
2097,0.0007,28099,7.106659412384033,572.68,-0.1737825870513916,-0.525053858757019,-0.42794281244277954,449600,-77.11316366,214,28100
2093,0.0007,28199,3.8987393379211426,579.77,-1.8400793075561523,0.06807982921600342,-0.4940217435359955,451200,-77.21934721000001,215,28200
2093,0.0007,28299,2.3098292350769043,588.06,-0.1639784574508667,-0.27808278799057007,-0.565944492816925,452800,-77.43464562,216,28300
2094,0.0007,28399,2.064673662185669,600.69,-1.5200610160827637,0.25192898511886597,-0.697478175163269,454400,-77.16108308000001,216,28400
2094,0.0007,28499,4.01801061630249,606.51,-0.2715986967086792,0.06419339776039124,-0.4682924449443817,456000,-79.41407422999998,217,28500
2095,0.0007,28599,2.870748281478882,617.3,0.3262171745300293,-0.077074334025383,-0.45212292671203613,457600,-84.83648052000001,218,28600
2096,0.0007,28699,0.8063539266586304,615.86,0.6803057193756104,-0.042460616677999496,-0.4716712534427643,459200,-86.27622087999998,219,28700
2096,0.0007,28799,6.027652740478516,605.92,0.3226240873336792,0.09271518886089325,-0.7431125044822693,460800,-95.92331594000001,219,28800
2097,0.0007,28899,6.7702317237854,609.23,0.6648669242858887,0.005553053691983223,-0.47759947180747986,462400,-95.98161963999999,220,28900
2097,0.0007,28999,1.6252714395523071,615.92,0.38219642639160156,-0.05779218673706055,-0.5199390053749084,464000,-95.29972347,221,29000
2098,0.0007,29099,10.444188117980957,621.75,-0.4564436674118042,-0.34707528352737427,-0.577426552772522,465600,-95.60070701,221,29100
2099,0.0007,29199,0.9159016609191895,628.07,0.5632171630859375,-0.22755198180675507,-0.4953300356864929,467200,-96.91025598,222,29200
2099,0.0007,29299,6.661779880523682,625.49,-0.5078945159912109,-0.007676136214286089,-0.6104276776313782,468800,-96.67926213999999,223,29300
2100,0.0007,29399,1.1119959354400635,617.8,0.6438868045806885,-0.23392531275749207,-0.5471570491790771,470400,-99.00174093000001,223,29400
2100,0.0007,29499,0.822565495967865,622.78,0.7955631017684937,-0.48011913895606995,-0.4407995343208313,472000,-101.16244604000002,224,29500
2101,0.0007,29599,1.5631221532821655,621.88,-0.4288414716720581,-0.08631382137537003,-0.4985620975494385,473600,-101.17648398,225,29600
2101,0.0007,29699,7.955925941467285,626.83,0.037124454975128174,0.05377291515469551,-0.5499836206436157,475200,-100.64979052999999,226,29700
2102,0.0007,29799,0.83607017993927,625.81,0.4136168360710144,0.038894571363925934,-0.469771146774292,476800,-103.31112632000003,226,29800
2102,0.0007,29899,9.307173728942871,633.48,0.6841878890991211,-0.1683644950389862,-0.45329999923706055,478400,-105.36919771000001,227,29900
2103,0.0007,29999,3.308357000350952,634.71,0.5871127843856812,-0.22011947631835938,-0.48946619033813477,480000,-104.6892748,228,30000
2103,0.0007,30099,15.301671981811523,644.4,0.11882239580154419,0.20855198800563812,-0.5827000141143799,481600,-106.64548277,228,30100
2104,0.0007,30199,2.0182714462280273,644.4,0.16177260875701904,-0.02501787059009075,-0.4130617380142212,483200,-106.93127813999997,229,30200
2104,0.0007,30299,2.6819300651550293,650.41,-1.3988256454467773,0.22141623497009277,-0.5246099829673767,484800,-104.79712806999999,230,30300
2105,0.0007,30399,9.7109956741333,638.17,0.6759532690048218,-0.055907636880874634,-0.6336857676506042,486400,-107.1538232,231,30400
2105,0.0007,30499,7.140100479125977,637.56,0.40731173753738403,0.06372219324111938,-0.5010746717453003,488000,-108.98214289999999,231,30500
2105,0.0007,30599,0.9375437498092651,640.63,0.7516314387321472,-0.32075175642967224,-0.45610347390174866,489600,-108.68898652000001,232,30600
2106,0.0007,30699,5.448503494262695,649.6,0.7949790954589844,-0.03285429626703262,-0.5222557783126831,491200,-110.78863227000002,233,30700
2106,0.0007,30799,5.5011820793151855,651.06,-0.8118487596511841,-0.16929373145103455,-0.48299703001976013,492800,-111.73152766000001,233,30800
2106,0.0007,30899,1.1829941272735596,648.45,0.7810815572738647,-0.36330267786979675,-0.5206027626991272,494400,-112.81110021999999,234,30900
2107,0.0007,30999,5.069830894470215,649.61,0.5136688351631165,0.18525493144989014,-0.7444825172424316,496000,-112.4084472,235,31000
2107,0.0007,31099,0.3250659108161926,657.48,0.9346931576728821,-0.12001042813062668,-0.5384191870689392,497600,-113.76227369,236,31100
2108,0.0007,31199,1.3856260776519775,654.12,0.5657751560211182,-0.39017409086227417,-0.45012468099594116,499200,-115.70640376000001,236,31200
2108,0.0007,31299,3.9060444831848145,646.8,-0.4341822862625122,-0.089996837079525,-0.44050508737564087,500800,-118.36810914999998,237,31300
2109,0.0007,31399,4.4249677658081055,643.51,0.9224098324775696,0.20619723200798035,-0.42784273624420166,502400,-119.57679666999998,238,31400
2109,0.0007,31499,11.676210403442383,633.59,-1.3083384037017822,0.06923801451921463,-0.48760074377059937,504000,-122.38812846,238,31500
2110,0.0007,31599,1.3435697555541992,596.91,-0.2816511392593384,0.0372646301984787,-0.6503066420555115,505600,-122.20890116999999,239,31600
2110,0.0007,31699,20.574417114257812,587.64,-1.5588524341583252,-0.22617638111114502,-0.6655526161193848,507200,-124.01486352000003,240,31700
2111,0.0007,31799,0.994267463684082,583.54,0.03088510036468506,0.1144467145204544,-0.46694204211235046,508800,-126.36284761000003,241,31800
2111,0.0007,31899,3.1706628799438477,566.48,0.05188995599746704,-0.44808515906333923,-0.5163111686706543,510400,-127.38663864,241,31900
2112,0.0007,31999,6.148935317993164,572.32,0.18672144412994385,0.01629393920302391,-0.6583986878395081,512000,-126.71511387999999,242,32000
2112,0.0007,32099,5.256653308868408,561.26,0.6526507139205933,0.09985765814781189,-0.4615976810455322,513600,-124.90053379000001,243,32100
2113,0.0007,32199,1.325459599494934,550.17,0.7606624364852905,-0.10685012489557266,-0.6045119166374207,515200,-123.64819309,243,32200
2113,0.0007,32299,4.364205360412598,557.62,0.6213376522064209,0.2271401286125183,-0.46187907457351685,516800,-125.02846197,244,32300
2114,0.0007,32399,3.3804495334625244,555.56,0.7852635979652405,0.13742384314537048,-0.6708399653434753,518400,-125.98372078999996,245,32400
2114,0.0007,32499,0.2592577636241913,555.56,0.859835684299469,-0.21960943937301636,-0.46562090516090393,520000,-124.90991702999997,245,32500
2115,0.0007,32599,8.521438598632812,532.2,-0.20849525928497314,0.0573292039334774,-0.34553831815719604,521600,-124.33653256999997,246,32600
2115,0.0007,32699,6.2469987869262695,541.64,0.1915268898010254,-0.005154816433787346,-0.6304133534431458,523200,-124.02640874000002,247,32700
2115,0.0007,32799,8.990898132324219,531.75,0.11100411415100098,0.059807419776916504,-0.44206032156944275,524800,-125.86745450000001,248,32800
2116,0.0007,32899,11.752455711364746,537.85,0.3016160726547241,0.19178158044815063,-0.426944375038147,526400,-126.96288544000001,248,32900
2116,0.0007,32999,0.758009672164917,529.73,-0.19055676460266113,0.0852682963013649,-0.4225347936153412,528000,-127.61391908000002,249,33000
2117,0.0007,33099,0.44167715311050415,535.54,0.6452544927597046,-0.2903849482536316,-0.38905537128448486,529600,-126.69517100000002,250,33100
2117,0.0007,33199,8.883072853088379,522.63,-1.9391417503356934,-0.14185449481010437,-0.5636771321296692,531200,-128.60269678,250,33200
2117,0.0007,33299,1.290327787399292,522.26,0.7486135959625244,-0.048854533582925797,-0.47997647523880005,532800,-128.38655732,251,33300
2118,0.0007,33399,1.326744794845581,499.43,-0.02894115447998047,0.09516259282827377,-0.6147592067718506,534400,-129.2559373,252,33400
2118,0.0007,33499,0.9160271286964417,499.43,0.41841816902160645,-0.38855642080307007,-0.5403788089752197,536000,-128.84448044,252,33500
2117,0.0007,33599,1.495444655418396,509.19,0.8376221060752869,-0.09772241115570068,-0.5149951577186584,537600,-128.04690264,253,33600
2117,0.0007,33699,7.176488399505615,515.45,-0.07136070728302002,-0.028455758467316628,-0.5142766237258911,539200,-130.53785261000002,254,33700
2118,0.0007,33799,1.0406138896942139,508.62,0.8252273201942444,0.17466574907302856,-0.588155210018158,540800,-129.8018456,255,33800
2118,0.0007,33899,2.3900201320648193,506.03,0.20264750719070435,-0.2873327434062958,-0.4949570894241333,542400,-129.14841639999997,256,33900
2117,0.0007,33999,52.338016510009766,517.91,-0.775041937828064,0.2519635558128357,-0.3331314027309418,544000,-127.96547722000001,256,34000
2118,0.0007,34099,8.86668586730957,529.68,0.21750688552856445,-0.1658354103565216,-0.4610738158226013,545600,-126.94264790000001,257,34100
2118,0.0007,34199,8.7064790725708,533.83,0.07621902227401733,0.10369651019573212,-0.5054273009300232,547200,-126.98929975999998,258,34200
2118,0.0007,34299,2.916837692260742,533.83,0.772749125957489,0.10750690847635269,-0.5130610466003418,548800,-126.13663034999998,258,34300
2119,0.0007,34399,1.2163166999816895,533.69,0.4083510637283325,-0.21570874750614166,-0.6111546158790588,550400,-124.92763070000001,259,34400
2119,0.0007,34499,1.6416622400283813,532.36,0.878710925579071,0.05238008499145508,-0.499069482088089,552000,-124.12454882999998,260,34500
2119,0.0007,34599,1.8172931671142578,531.96,0.3221897482872009,-0.1771351844072342,-0.4631921947002411,553600,-122.77309580000001,261,34600
2120,0.0007,34699,8.915419578552246,543.26,-0.6272157430648804,-0.02926189824938774,-0.3796306550502777,555200,-120.96153757999998,261,34700
2120,0.0007,34799,1.3570599555969238,540.31,0.34556806087493896,0.10482459515333176,-0.6175457239151001,556800,-121.28455488,262,34800
2120,0.0007,34899,3.2385547161102295,540.56,-2.4369678497314453,0.09211528301239014,-0.47160086035728455,558400,-116.45152676,263,34900
2121,0.0007,34999,16.356929779052734,545.05,-2.2642087936401367,-0.09341449290513992,-0.5030969977378845,560000,-114.72074414,263,35000
2121,0.0007,35099,10.716957092285156,549.93,-1.1344754695892334,-0.06317134946584702,-0.4229288101196289,561600,-111.95883636999999,264,35100
2122,0.0007,35199,1.804467797279358,537.09,0.7028743028640747,0.13481870293617249,-0.5208702683448792,563200,-109.47656217000002,265,35200
2122,0.0007,35299,4.180888652801514,549.79,0.5435193777084351,0.10894832760095596,-0.5656545758247375,564800,-108.73052784,266,35300
2123,0.0007,35399,0.9472947716712952,540.78,0.567216157913208,-0.2989300489425659,-0.4836435317993164,566400,-105.79736096999997,266,35400
2123,0.0007,35499,1884.7252197265625,540.36,0.03493666648864746,0.02017930895090103,-0.4952319860458374,568000,-101.81116381999999,267,35500
2123,0.0007,35599,530.77392578125,534.82,0.5519416332244873,0.09712617844343185,-0.39446428418159485,569600,-97.41992927000001,268,35600
2124,0.0007,35699,2285.69970703125,536.9,0.5526103973388672,-0.1460423618555069,-0.559312105178833,571200,-96.05010229,268,35700
2124,0.0007,35799,1.4970924854278564,531.57,0.22055107355117798,0.14713327586650848,-0.4136117398738861,572800,-96.52968064999999,269,35800
2125,0.0007,35899,0.5853314995765686,527.35,0.9337344169616699,0.0704912543296814,-0.41524913907051086,574400,-97.01179328000002,270,35900
2125,0.0007,35999,0.14360828697681427,525.75,0.909852147102356,0.0634271577000618,-0.516450822353363,576000,-96.36694145000001,270,36000
2125,0.0007,36099,5.140675067901611,533.53,0.5595194101333618,-0.34928348660469055,-0.4577806890010834,577600,-93.02100316,271,36100
2126,0.0007,36199,17.476318359375,532.39,-1.4123265743255615,0.09048499166965485,-0.5364358425140381,579200,-91.60889905999998,272,36200
2126,0.0007,36299,12.77340030670166,532.1,-2.5421149730682373,-0.09948624670505524,-0.5594793558120728,580800,-92.92783031,273,36300
2127,0.0007,36399,0.734306275844574,512.11,0.810195803642273,0.05472172424197197,-0.44640541076660156,582400,-91.00760573000001,273,36400
2127,0.0007,36499,7.51120662689209,498.72,-0.592244029045105,-0.09265865385532379,-0.5284624099731445,584000,-92.73994836,274,36500
2127,0.0007,36599,11.158358573913574,497.03,0.08035588264465332,0.0022243261337280273,-0.5091574788093567,585600,-90.76742896000002,275,36600
2128,0.0007,36699,926.6319580078125,490.64,0.725570023059845,-0.1390586793422699,-0.425758957862854,587200,-92.73713473999996,275,36700
2128,0.0007,36799,2.1635894775390625,479.98,-0.3145565986633301,0.45892539620399475,-0.4698828458786011,588800,-92.65516541000001,276,36800
2127,0.0007,36899,1.561532735824585,491.75,0.6868636608123779,0.3351083993911743,-0.4351651072502136,590400,-89.93754507000001,277,36900
2127,0.0007,36999,4.317261219024658,489.24,0.5480884313583374,-0.0775664672255516,-0.45936280488967896,592000,-89.68282474000002,278,37000
2127,0.0007,37099,10.640751838684082,475.89,-0.06471610069274902,0.21785575151443481,-0.396928608417511,593600,-90.58650379999997,278,37100
2128,0.0007,37199,7.732367992401123,461.63,-4.83710241317749,-0.10255590081214905,-0.4827297329902649,595200,-92.59456748000001,279,37200
2128,0.0007,37299,0.9724819660186768,453.55,0.5894045233726501,0.06422653049230576,-0.4466148316860199,596800,-94.71154407000002,280,37300
2128,0.0007,37399,6.48265266418457,453.62,-0.3072490692138672,-0.10056989639997482,-0.39295944571495056,598400,-96.40205242,281,37400
2129,0.0007,37499,2.104570150375366,442.68,0.6816979646682739,0.014141876250505447,-0.604408323764801,600000,-96.51892033,281,37500
2129,0.0007,37599,0.933423638343811,444.18,0.7581429481506348,-0.019775815308094025,-0.5990068912506104,601600,-93.66553209,282,37600
2129,0.0007,37699,2.7949957847595215,457.27,0.8443353176116943,0.15047383308410645,-0.5017052292823792,603200,-91.08170761,283,37700
2128,0.0007,37799,5.088919162750244,450.39,0.26894646883010864,0.13743843138217926,-0.4741246998310089,604800,-93.77833718000002,284,37800
2128,0.0007,37899,12.512286186218262,442.36,-0.1825873851776123,0.20564721524715424,-0.45479482412338257,606400,-96.13379383999998,284,37900
2128,0.0007,37999,3.311713457107544,433.68,-0.6349728107452393,0.2148951292037964,-0.5091133117675781,608000,-94.60989011,285,38000
2129,0.0007,38099,227.93528747558594,427.91,-2.8054754734039307,-1.0468655631257207e-07,-3.855963768728543e-06,609600,-96.84221018000002,286,38100
2129,0.0007,38199,1.6066086292266846,432.74,0.5588684678077698,-0.13172607123851776,-0.5332474708557129,611200,-98.08078350999999,287,38200
2129,0.0007,38299,4.527585029602051,421.58,0.7964490056037903,0.0421346090734005,-0.40336188673973083,612800,-97.69382831999998,287,38300
2130,0.0007,38399,4.329235553741455,417.71,0.1585180163383484,0.03663664311170578,-0.5038688778877258,614400,-94.01353144999999,288,38400
2130,0.0007,38499,2.89560604095459,411.58,0.8867682218551636,-0.19396299123764038,-0.37366783618927,616000,-93.93784418000001,289,38500
2130,0.0007,38599,1.9951117038726807,406.02,0.5380865335464478,0.09699836373329163,-0.39089900255203247,617600,-91.19342177,289,38600
2130,0.0007,38699,9.683252334594727,403.66,-3.675300121307373,-0.0975777879357338,-0.635852575302124,619200,-84.75814145999999,290,38700
2131,0.0007,38799,95.151611328125,399.58,-1.0253491401672363,-0.0,-2.4162716272257967e-10,620800,-77.88204388,291,38800
2131,0.0007,38899,8.211713790893555,410.97,0.03452247381210327,0.4022490382194519,-0.5066717863082886,622400,-72.57614622999999,292,38900
2131,0.0007,38999,0.03115953877568245,411.89,0.12652909755706787,-0.38434070348739624,-0.09344664216041565,624000,-65.5987581,292,39000
2131,0.0007,39099,7.7555832862854,413.76,-2.290024757385254,-0.06371623277664185,-0.5837739109992981,625600,-61.782458919999996,293,39100
2132,0.0007,39199,1.8710157871246338,419.92,0.6127622127532959,0.14848044514656067,-0.7657601237297058,627200,-56.643947499999996,294,39200
2132,0.0007,39299,0.345924437046051,402.36,0.9769605398178101,0.09810133278369904,-0.6485890746116638,628800,-47.52939803999999,294,39300
2130,0.0007,39399,4.3684916496276855,377.63,0.795312762260437,0.07783462852239609,-0.3995075225830078,630400,-41.791468640000005,295,39400
2129,0.0007,39499,6.5371174812316895,366.8,0.8073667287826538,0.0024500638246536255,-0.703619122505188,632000,-29.250696239999996,296,39500
2126,0.0007,39599,11.045758247375488,362.84,0.8990098237991333,0.08447857201099396,-0.49620163440704346,633600,-17.965918170000002,297,39600
2126,0.0007,39699,1.5996730327606201,356.67,0.012835144996643066,-0.19970598816871643,-0.414684534072876,635200,-11.574056780000001,298,39700
2127,0.0007,39799,0.10543987900018692,337.32,0.7859169244766235,-0.0,-3.394249858956755e-08,636800,-7.8021275800000005,299,39800
2127,0.0007,39899,4.208745956420898,327.07,-4.448353290557861,0.30185645818710327,-0.36610928177833557,638400,-6.27489955,300,39900
2127,0.0007,39999,401.4984130859375,312.07,0.02369225025177002,-0.01779087260365486,-0.32009273767471313,640000,-5.220020220000001,300,40000
2127,0.0007,40099,0.81923907995224,304.6,0.9864435195922852,-0.352611780166626,-0.26147961616516113,641600,-0.39993825000000316,301,40100
2127,0.0007,40199,5.147533416748047,302.31,-0.12262940406799316,-0.05894070863723755,-0.6269504427909851,643200,9.97972396,302,40200
2127,0.0007,40299,2143.426025390625,293.79,-0.3232085704803467,-0.171145498752594,-0.4025135338306427,644800,16.73279203,303,40300
2128,0.0007,40399,1.4145333766937256,284.96,0.4139902591705322,-0.3050512373447418,-0.40474605560302734,646400,11.95098931,303,40400
2128,0.0007,40499,13.218567848205566,266.43,0.8236479759216309,0.23047828674316406,-0.5490560531616211,648000,7.048427499999999,304,40500
2127,0.0007,40599,7.785477161407471,262.68,0.010438799858093262,0.18749405443668365,-0.6932706236839294,649600,10.44354275,305,40600
2127,0.0007,40699,1.296231985092163,252.25,0.07255876064300537,-0.06342275440692902,-0.4205528795719147,651200,5.153497070000001,306,40700
2127,0.0007,40799,5.1515302658081055,250.15,-1.6082565784454346,-0.1225908100605011,-0.5398910641670227,652800,4.501336749999997,306,40800
2128,0.0007,40899,9.090086936950684,253.46,0.7461780309677124,0.07921610027551651,-0.5481330156326294,654400,0.18987408999999858,307,40900
2128,0.0007,40999,2.5809273719787598,254.12,-1.4270703792572021,0.010133646428585052,-0.4520196318626404,656000,-3.505944770000001,308,41000
2128,0.0007,41099,1729.838623046875,265.51,0.43192410469055176,-0.3049550950527191,-0.4791085422039032,657600,-6.66689927,308,41100
2128,0.0007,41199,2.5607097148895264,268.34,0.25173693895339966,-0.10876926779747009,-0.441300630569458,659200,-9.874240499999999,309,41200
2129,0.0007,41299,11.18867301940918,278.02,-0.7996914386749268,0.05162416025996208,-0.3581486940383911,660800,-16.36842115,310,41300
2129,0.0007,41399,0.3513495624065399,281.24,0.9059678912162781,-0.03536015748977661,-0.4042932689189911,662400,-19.98293424,311,41400
2129,0.0007,41499,33.875244140625,282.2,-1.2195968627929688,-0.06147979944944382,-0.4405066967010498,664000,-23.75181203,311,41500
2130,0.0007,41599,34.09645462036133,288.64,-0.4216878414154053,0.0848122090101242,-0.36566993594169617,665600,-27.93854519,312,41600
2130,0.0007,41699,2.16036057472229,296.68,-0.398240327835083,0.2053045779466629,-0.5218244791030884,667200,-29.489492239999993,313,41700
2130,0.0007,41799,5.474338054656982,310.57,0.5130102634429932,0.41594839096069336,-0.425437867641449,668800,-31.261785600000007,313,41800
2131,0.0007,41899,6.150648593902588,315.07,-0.33470821380615234,-0.1503582000732422,-0.44804298877716064,670400,-32.30690853000001,314,41900
2131,0.0007,41999,1.7200332880020142,323.88,0.8332045078277588,-0.16179713606834412,-0.4813215434551239,672000,-35.954063590000004,315,42000
2124,0.0007,42099,1102.7677001953125,332.05,0.8111218214035034,-0.005993640515953302,-0.17275547981262207,673600,-40.87139631,317,42100
2124,0.0007,42199,1.233783483505249,336.29,0.7740501165390015,-0.0877179279923439,-0.49684035778045654,675200,-43.41320122,317,42200
2124,0.0007,42299,3.922224521636963,343.54,-1.4197280406951904,-0.056855637580156326,-0.708209216594696,676800,-46.10879473999999,318,42300
2125,0.0007,42399,882.0291137695312,354.15,0.7538648843765259,-0.03508094325661659,-0.6225132346153259,678400,-57.09299459000001,319,42400
2125,0.0007,42499,21.0589542388916,360.31,-2.798571825027466,0.06314720213413239,-0.3911117911338806,680000,-58.04419995,319,42500
2125,0.0007,42599,12.01672077178955,368.03,-2.6160128116607666,-0.03735184296965599,-0.496756374835968,681600,-64.13424370000001,320,42600
2125,0.0007,42699,12.462259292602539,376.21,0.2888736128807068,-0.36621272563934326,-0.40608689188957214,683200,-67.35410118000001,321,42700
2125,0.0007,42799,10.591294288635254,385.44,0.0572778582572937,-0.020712753757834435,-0.6195384860038757,684800,-67.89046253000001,322,42800
2126,0.0007,42899,2.59413480758667,394.26,0.7031475305557251,0.03474187105894089,-0.42694929242134094,686400,-68.99606796,322,42900
2126,0.0007,42999,8.565529823303223,403.65,0.2204599380493164,-0.3190380036830902,-0.36919447779655457,688000,-71.26461881,323,43000
2126,0.0007,43099,2.624863624572754,410.01,-0.14961934089660645,-0.052711255848407745,-0.5387401580810547,689600,-73.27069291,324,43100
2126,0.0007,43199,2.3534131050109863,421.33,-0.4789634943008423,0.020043756812810898,-0.4341846704483032,691200,-78.65077059,324,43200
2127,0.0007,43299,6.2452073097229,428.1,-1.0494756698608398,-0.09152226150035858,-0.6087121963500977,692800,-83.16058884,325,43300
2127,0.0007,43399,0.28900521993637085,428.7,0.9757091999053955,0.2379937320947647,-0.5409835577011108,694400,-83.39040705999997,326,43400
2127,0.0007,43499,9.630428314208984,438.71,-0.845845103263855,0.03676554188132286,-0.6764910817146301,696000,-89.18747105,327,43500
2128,0.0007,43599,2.5850837230682373,443.71,-0.840304970741272,0.10284627228975296,-0.5945448875427246,697600,-89.58028674,327,43600
2128,0.0007,43699,1.160010814666748,455.18,0.8731647729873657,-0.10786359757184982,-0.45363813638687134,699200,-93.67243710000001,328,43700
2128,0.0007,43799,0.7951372861862183,455.19,0.8351545929908752,0.1586810201406479,-0.5180917382240295,700800,-96.59477849999999,329,43800
2129,0.0007,43899,0.8332101106643677,453.18,0.8420813083648682,-0.023528456687927246,-0.5692986249923706,702400,-96.52753161999999,329,43900
2129,0.0007,43999,1.39506196975708,457.32,-0.08498024940490723,-0.021592892706394196,-0.4320594072341919,704000,-98.02375747,330,44000
2129,0.0007,44099,1.6883175373077393,447.56,0.5011048316955566,0.052893493324518204,-0.5411696434020996,705600,-100.16955175000001,331,44100
2130,0.0007,44199,7.520398139953613,436.5,-0.2245854139328003,0.010494112968444824,-0.5859118103981018,707200,-99.99099827000002,332,44200
2130,0.0007,44299,3.9277946949005127,430.44,0.6630688905715942,-0.3902655243873596,-0.494464248418808,708800,-100.10579716000001,332,44300
2130,0.0007,44399,12.875969886779785,419.38,0.5928447246551514,-0.037359897047281265,-0.23018185794353485,710400,-101.99392634999998,333,44400
2130,0.0007,44499,0.7297136187553406,429.43,0.752213716506958,-0.16407153010368347,-0.4510616660118103,712000,-102.49728021000001,334,44500
2131,0.0007,44599,8.328882217407227,439.05,0.3320736289024353,-0.020922837778925896,-0.19723637402057648,713600,-102.91232339999999,334,44600
2131,0.0007,44699,6.0101141929626465,435.13,0.7633025050163269,-0.0426541306078434,-0.6094589233398438,715200,-102.01252680999998,335,44700
2131,0.0007,44799,1.8450530767440796,430.78,0.49241775274276733,-0.09656188637018204,-0.4644690454006195,716800,-96.48322935,336,44800
2131,0.0007,44899,1.3809075355529785,423.39,0.6587780714035034,-0.0612591952085495,-0.5421790480613708,718400,-96.17348482999998,336,44900
2132,0.0007,44999,0.9769209623336792,406.46,0.8242167830467224,0.04660402238368988,-0.45179349184036255,720000,-93.59755717,337,45000
2132,0.0007,45099,1.9848366975784302,406.71,0.10936462879180908,-0.027843749150633812,-0.405650794506073,721600,-93.03120161999999,338,45100
2128,0.0007,45199,2.7606008052825928,408.58,-0.4426565170288086,0.1476258635520935,-0.3977683186531067,723200,-92.08826119000001,339,45200
2128,0.0007,45299,7.481067657470703,413.87,-0.35285520553588867,-0.2772206962108612,-0.5853437781333923,724800,-94.72637764999999,340,45300
2125,0.0007,45399,3.0012316703796387,418.43,0.17387539148330688,0.12811514735221863,-0.5446473360061646,726400,-95.66449562,341,45400
2125,0.0007,45499,0.9573328495025635,419.05,0.5955760478973389,-0.004002416040748358,-0.5496195554733276,728000,-94.18772118999998,342,45500
2125,0.0007,45599,6.176718235015869,420.74,-2.613224506378174,-0.12774287164211273,-0.45276200771331787,729600,-96.10206636999999,343,45600
2126,0.0007,45699,0.3833348751068115,426.76,0.968631386756897,0.08413396775722504,-0.4195011258125305,731200,-95.28023018,343,45700
2126,0.0007,45799,1.7910106182098389,425.94,0.35597681999206543,-0.060432955622673035,-0.5808567404747009,732800,-95.47555924,344,45800
2126,0.0007,45899,1.075742483139038,421.87,0.3087475895881653,-0.2985760569572449,-0.5329245328903198,734400,-98.37321382999998,345,45900
2126,0.0007,45999,2.986717700958252,430.98,-0.39523375034332275,-0.2325863093137741,-0.37517958879470825,736000,-98.21753294,346,46000
2127,0.0007,46099,1.4348739385604858,436.29,0.3536022901535034,-0.1762007623910904,-0.3624505400657654,737600,-97.52702493000001,346,46100
2127,0.0007,46199,15.350564956665039,428.26,-0.7572405338287354,0.09267614781856537,-0.41349610686302185,739200,-98.04259043999998,347,46200
2127,0.0007,46299,5.926832675933838,419.46,-0.3660925626754761,-0.07476187497377396,-0.41658955812454224,740800,-98.8919316,348,46300
2128,0.0007,46399,1.7433675527572632,427.87,0.2239341139793396,-0.001111142337322235,-0.5190092325210571,742400,-99.29041277000002,348,46400
2128,0.0007,46499,2.4356472492218018,429.32,0.4803484082221985,0.07853524386882782,-0.3872872591018677,744000,-99.64274640000002,349,46500
2128,0.0007,46599,2.5704002380371094,446.15,0.9815712571144104,-0.3085451126098633,-0.39885300397872925,745600,-99.50020229,350,46600
2128,0.0007,46699,3.796208620071411,444.43,-0.6638959646224976,-0.06541422754526138,-0.5301381349563599,747200,-100.84561696999998,351,46700
2128,0.0007,46799,2.3793015480041504,439.39,0.298897922039032,0.05081310495734215,-0.4217594861984253,748800,-101.26874504000001,351,46800
2128,0.0007,46899,4.180544853210449,446.83,0.4030013084411621,0.16460075974464417,-0.4493989944458008,750400,-101.05114706999998,352,46900
2128,0.0007,46999,3.680279493331909,461.25,-0.7757666110992432,-0.07271209359169006,-0.3774270713329315,752000,-101.58465457999999,353,47000
2128,0.0007,47099,1.5405608415603638,453.25,0.36735832691192627,0.08840369433164597,-0.37383967638015747,753600,-104.26973995999998,353,47100
2129,0.0007,47199,1.7422785758972168,461.6,-0.3472188711166382,-0.0005918964743614197,-0.4498615264892578,755200,-105.89430617,354,47200
2129,0.0007,47299,0.8194581270217896,470.45,-0.34545791149139404,0.15861070156097412,-0.5916546583175659,756800,-107.58092692,355,47300
2129,0.0007,47399,443.9013977050781,467.07,0.708578884601593,-0.047472305595874786,-0.1736738681793213,758400,-111.85111453000002,356,47400
2130,0.0007,47499,11.476057052612305,461.37,-0.5218889713287354,0.01613045483827591,-0.43888333439826965,760000,-111.02630049,356,47500
2130,0.0007,47599,5.434558868408203,468.22,-1.4545361995697021,0.09853783994913101,-0.44255051016807556,761600,-114.18009356999997,357,47600
2130,0.0007,47699,4.011075496673584,462.47,-0.08259391784667969,-0.06709272414445877,-0.30996280908584595,763200,-118.49892666,358,47700
2130,0.0007,47799,5.099822998046875,471.93,-0.7239218950271606,-0.036557864397764206,-0.4352791905403137,764800,-119.09805394000001,358,47800
2130,0.0007,47899,12.166136741638184,472.12,-0.6512571573257446,-0.19618535041809082,-0.3724125325679779,766400,-121.21498183000001,359,47900
2131,0.0007,47999,1.415770411491394,480.82,0.673652708530426,-0.43644869327545166,-0.5647995471954346,768000,-123.75803735,360,48000
2131,0.0007,48099,3.883408784866333,492.4,-0.12372446060180664,-0.29600954055786133,-0.3589732050895691,769600,-125.4206676,361,48100
2131,0.0007,48199,25.238636016845703,484.99,-0.838379979133606,0.0998954027891159,-0.5110843181610107,771200,-126.06445275999998,361,48200
2131,0.0007,48299,1.0527287721633911,486.4,0.8395465612411499,-0.1652093082666397,-0.5310636162757874,772800,-128.36800458,362,48300
2132,0.0007,48399,2.851785659790039,498.21,-0.47121667861938477,0.03904221951961517,-0.6105655431747437,774400,-129.26272353,363,48400
2132,0.0007,48499,1.4096852540969849,487.83,0.5496128797531128,0.09066306799650192,-0.3130870759487152,776000,-131.95662815999995,363,48500
2132,0.0007,48599,10.694351196289062,475.6,-1.4435787200927734,0.303995281457901,-0.29774925112724304,777600,-131.37305684999998,364,48600
2132,0.0007,48699,1.128751516342163,474.5,-0.11051762104034424,0.06845783442258835,-0.4707714021205902,779200,-131.91226577999998,365,48700
2132,0.0007,48799,5.410687446594238,472.91,0.9518886208534241,0.011302302591502666,-0.3499400019645691,780800,-131.28560462,366,48800
2132,0.0007,48899,17.774425506591797,479.46,-2.5976905822753906,-0.08898601680994034,-0.2764705419540405,782400,-130.80681427000002,366,48900
2133,0.0007,48999,0.16986031830310822,472.64,0.837077796459198,0.00565599650144577,-0.5574543476104736,784000,-131.51579294,367,49000
2133,0.0007,49099,824.318359375,467.41,0.7529104948043823,-0.22135475277900696,-0.37366434931755066,785600,-131.54581892,368,49100
2133,0.0007,49199,6.476849555969238,460.27,-0.06662487983703613,-0.28492674231529236,-0.3968450129032135,787200,-131.86672400999998,368,49200
2134,0.0007,49299,1.7763123512268066,458.06,-1.3565287590026855,0.1823643147945404,-0.4136615991592407,788800,-130.39424636,369,49300
2134,0.0007,49399,0.370360404253006,463.82,0.8953996300697327,-0.12830157577991486,-0.3167433440685272,790400,-130.33520564,370,49400
2134,0.0007,49499,0.8595490455627441,454.94,0.4538721442222595,-0.036280058324337006,-0.36103108525276184,792000,-130.36626826000003,371,49500
2134,0.0007,49599,1.5920820236206055,449.5,0.05710321664810181,0.07913719862699509,-0.3670010268688202,793600,-130.35051952,371,49600
2135,0.0007,49699,11.764819145202637,455.16,-1.8210511207580566,0.2643222510814667,-0.41260725259780884,795200,-130.96683736,372,49700
2135,0.0007,49799,3.3030521869659424,445.86,0.4978156089782715,0.12130644917488098,-0.3699444532394409,796800,-131.54855152,373,49800
2135,0.0007,49899,4.171379566192627,444.57,-0.2408076524734497,0.01037451159209013,-0.4176291823387146,798400,-131.49712338,373,49900
2136,0.0007,49999,2.350464105606079,445.42,0.11394089460372925,-0.19242413341999054,-0.41234737634658813,800000,-132.04821001,374,50000
2136,0.0007,50099,1.8400530815124512,450.79,0.6250756978988647,-0.2620297372341156,-0.24659520387649536,801600,-129.54228005000002,375,50100
2136,0.0007,50199,19.156841278076172,451.66,-0.38693058490753174,-0.036221470683813095,-0.4876074492931366,803200,-127.34672882000001,375,50200
2136,0.0007,50299,6.6233062744140625,465.11,0.31346309185028076,-0.1876067817211151,-0.509907603263855,804800,-126.74741573,376,50300
2137,0.0007,50399,13.262004852294922,473.65,-0.8221720457077026,-0.014748696237802505,-0.4102739691734314,806400,-126.88906182000001,377,50400
2137,0.0007,50499,4.255951881408691,479.21,-0.12263691425323486,0.03449784591794014,-0.3285762369632721,808000,-127.63741387000002,378,50500
2137,0.0007,50599,1.2730164527893066,468.34,0.35518622398376465,0.21643519401550293,-0.3863423466682434,809600,-126.10912861999999,378,50600
2137,0.0007,50699,5.857752799987793,478.27,-1.3092401027679443,0.158717542886734,-0.5630291700363159,811200,-125.8337592,379,50700
2137,0.0007,50799,4.085071086883545,477.82,-0.5994499921798706,0.10011304169893265,-0.4740453362464905,812800,-127.53402143,380,50800
2138,0.0007,50899,21.764196395874023,466.96,-0.29126083850860596,-0.09368862211704254,-0.4568101763725281,814400,-127.46422861,380,50900
2138,0.0007,50999,4.922950744628906,456.37,-2.7914953231811523,-0.32782182097435,-0.35355710983276367,816000,-125.78384878000001,381,51000
2138,0.0007,51099,0.8953571319580078,434.67,0.6756532788276672,-0.33377590775489807,-0.3750236928462982,817600,-124.18655308,382,51100
2138,0.0007,51199,4.4291534423828125,444.21,-0.45174896717071533,0.059730350971221924,-0.584099531173706,819200,-124.27481944999998,383,51200
2138,0.0007,51299,0.5470535159111023,446.48,0.7603723406791687,-0.10560143738985062,-0.49925267696380615,820800,-124.34968032999997,383,51300
2139,0.0007,51399,12.337984085083008,453.71,0.3011936545372009,-0.1749112606048584,-0.4057028293609619,822400,-124.90861829,384,51400
2139,0.0007,51499,6.996853828430176,461.99,-0.6621382236480713,-0.02323259599506855,-0.5112849473953247,824000,-124.80434407999999,385,51500
2139,0.0007,51599,3.274186611175537,470.02,0.671716570854187,0.010455427691340446,-0.24601328372955322,825600,-125.29691023,385,51600
2139,0.0007,51699,1.7310994863510132,471.25,0.6363847851753235,-0.12017745524644852,-0.5411438941955566,827200,-126.20093551,386,51700
2139,0.0007,51799,0.6991259455680847,477.47,0.7271238565444946,0.06632966548204422,-0.36999017000198364,828800,-126.01863439000003,387,51800
2139,0.0007,51899,799.1224975585938,473.71,0.637158215045929,-0.18815992772579193,-0.42957401275634766,830400,-126.37682044000002,388,51900
2140,0.0007,51999,21.700464248657227,482.03,-1.5898222923278809,0.15228894352912903,-0.4944370985031128,832000,-126.48533631000001,388,52000
2140,0.0007,52099,2.019077777862549,476.05,0.0750458836555481,0.015567874535918236,-0.2731599807739258,833600,-130.06052269,389,52100
2140,0.0007,52199,1.007091760635376,474.25,0.4659046530723572,-0.049568939954042435,-0.5034427642822266,835200,-129.96594850999998,390,52200
2140,0.0007,52299,6.213038921356201,476.98,0.2336016297340393,0.15488862991333008,-0.3895374536514282,836800,-131.14692107000002,390,52300
2140,0.0007,52399,29.912147521972656,474.34,-1.2755844593048096,-0.10507427155971527,-0.3197149932384491,838400,-133.44325924,391,52400
2140,0.0007,52499,6.997011661529541,479.24,-0.39022910594940186,0.011022385209798813,-0.3989194333553314,840000,-133.11272211000002,392,52500
2140,0.0007,52599,7.597360134124756,486.67,0.7165751457214355,-0.25930243730545044,-0.5639414191246033,841600,-133.67000513000002,393,52600
2141,0.0007,52699,5.939889430999756,493.51,-0.44668447971343994,0.006442847661674023,-0.5094954371452332,843200,-133.76966714,393,52700
2141,0.0007,52799,3.5854275226593018,500.63,0.0729438066482544,0.02116316556930542,-0.35054898262023926,844800,-133.63167356999998,394,52800
2141,0.0007,52899,7.02940559387207,505.13,0.49949657917022705,0.3743629455566406,-0.39760175347328186,846400,-134.87019773999998,395,52900
2141,0.0007,52999,6.731725692749023,505.14,0.13931268453598022,-0.05252066254615784,-0.42071884870529175,848000,-133.61151986,395,53000
2141,0.0007,53099,0.7448008060455322,508.59,0.2915063500404358,0.030442748218774796,-0.2805633246898651,849600,-132.70613885,396,53100
2142,0.0007,53199,1035.818603515625,507.85,0.3829268217086792,0.21394671499729156,-0.22611039876937866,851200,-132.60894678,397,53200
2142,0.0007,53299,14.492988586425781,491.09,0.4889354109764099,0.04162116348743439,-0.5213267803192139,852800,-132.89990017999997,398,53300
2142,0.0007,53399,4.480634689331055,489.83,0.3471953272819519,0.14139437675476074,-0.4553290605545044,854400,-132.52132846,398,53400
2142,0.0007,53499,1.0774003267288208,491.85,0.2519391179084778,-0.04847092926502228,-0.5539132356643677,856000,-131.80330947,399,53500
2143,0.0007,53599,4.110551357269287,492.05,-0.7801936864852905,0.20592588186264038,-0.4649712145328522,857600,-131.35733668999998,400,53600
2143,0.0007,53699,11.851277351379395,500.39,-0.4331026077270508,0.10353139042854309,-0.37594544887542725,859200,-132.98887389999996,400,53700
2143,0.0007,53799,9.654253959655762,502.21,-2.6589038372039795,-0.12295610457658768,-0.46589404344558716,860800,-134.6792761,401,53800
2143,0.0007,53899,0.38761162757873535,504.08,0.8060474395751953,0.1888493448495865,-0.4860649108886719,862400,-132.72857984,402,53900
2143,0.0007,53999,1.5164806842803955,502.69,0.013775825500488281,-0.01943643018603325,-0.4191049337387085,864000,-132.94790647999997,403,54000
2144,0.0007,54099,5.387977600097656,500.25,0.12692517042160034,-0.11731338500976562,-0.47456833720207214,865600,-134.31084590999998,403,54100
2144,0.0007,54199,11.654934883117676,509.19,-0.2466270923614502,0.08234290778636932,-0.4473864734172821,867200,-134.95824693999998,404,54200
2144,0.0007,54299,5.439311981201172,522.41,-1.382511854171753,0.20122455060482025,-0.4278479814529419,868800,-135.21771163,405,54300
2144,0.0007,54399,4.3891921043396,520.48,-3.8692593574523926,0.0911082923412323,-0.47940242290496826,870400,-135.61720227,405,54400
2144,0.0007,54499,1.6028060913085938,472.91,0.2300165295600891,0.014419825747609138,-0.5839264988899231,872000,-134.47321472000002,406,54500
2145,0.0007,54599,1.5533863306045532,475.21,0.4364164471626282,-0.14649976789951324,-0.45322608947753906,873600,-135.15770253,407,54600
2145,0.0007,54699,1.062094807624817,458.31,0.7728633284568787,-0.21788650751113892,-0.3173622786998749,875200,-134.21200679,407,54700
2145,0.0007,54799,7.2589335441589355,464.08,-0.4846998453140259,0.10185162723064423,-0.5025076866149902,876800,-135.09343352,408,54800
2145,0.0007,54899,0.8277117013931274,452.02,-1.8804655075073242,0.07787644863128662,-0.47234606742858887,878400,-132.87631355,409,54900
2145,0.0007,54999,7.494580268859863,451.65,0.7309838533401489,-0.013471018522977829,-0.42688852548599243,880000,-132.00763418999998,410,55000
2145,0.0007,55099,7.21788215637207,457.1,-0.09282219409942627,-0.09255998581647873,-0.42346954345703125,881600,-133.64037424,410,55100
2146,0.0007,55199,4.937750339508057,455.41,0.9014286398887634,-0.12749634683132172,-0.49771565198898315,883200,-133.49741191,411,55200
2146,0.0007,55299,17.005220413208008,445.57,-1.4992012977600098,-0.1441696584224701,-0.5063417553901672,884800,-132.86343365000002,412,55300
2146,0.0007,55399,1.924455165863037,452.62,0.5372368097305298,-0.2013188898563385,-0.4520416557788849,886400,-133.14366123,412,55400
2146,0.0007,55499,0.4243263006210327,427.97,0.8144800662994385,-0.13226790726184845,-0.4050121009349823,888000,-133.38027035,413,55500
2147,0.0007,55599,0.9890635013580322,427.3,0.6286075115203857,0.12012400478124619,-0.5249481201171875,889600,-130.83911931,414,55600
2147,0.0007,55699,1.023476004600525,422.31,-0.3144952058792114,0.11509814858436584,-0.5164056420326233,891200,-130.71906176,415,55700
2147,0.0007,55799,5.446573734283447,414.03,0.5323441028594971,-0.07018555700778961,-0.5152691006660461,892800,-130.39193235000002,415,55800
2147,0.0007,55899,1.1762707233428955,427.9,0.3204495906829834,0.0573837086558342,-0.4587334394454956,894400,-130.58990311,416,55900
2148,0.0007,55999,0.5880579352378845,433.71,0.7860484719276428,-0.07768380641937256,-0.3879137635231018,896000,-131.37759139,417,56000
2148,0.0007,56099,5.490896701812744,423.34,-0.3998187780380249,-0.21661034226417542,-0.5314443111419678,897600,-130.09264674999997,417,56100
2148,0.0007,56199,2.5557119846343994,410.84,0.209128737449646,-0.12496919184923172,-0.46740007400512695,899200,-130.78145503,418,56200
2148,0.0007,56299,2.3649070262908936,397.87,0.08425635099411011,-0.0627533569931984,-0.3957763910293579,900800,-128.77122604,419,56300
2148,0.0007,56399,1.839624285697937,390.54,0.5917569398880005,-0.08302927017211914,-0.48534849286079407,902400,-125.02256989999998,420,56400
2148,0.0007,56499,1.4846364259719849,389.66,-1.168567419052124,-0.12757115066051483,-0.46528783440589905,904000,-121.78143584999998,420,56500
2148,0.0007,56599,2.6178386211395264,376.23,0.7017823457717896,-0.045226532965898514,-0.4269123673439026,905600,-117.8352581,421,56600
2148,0.0007,56699,3.5357654094696045,361.8,0.9255500435829163,-0.1971847265958786,-0.45810407400131226,907200,-114.90873475000002,422,56700
2149,0.0007,56799,39.37667465209961,367.05,-0.9729511737823486,0.036446623504161835,-0.368339866399765,908800,-112.74045286999998,422,56800
2149,0.0007,56899,1.6982282400131226,366.12,-0.0823296308517456,-0.13658076524734497,-0.27922677993774414,910400,-112.00903957999999,423,56900
2149,0.0007,56999,1.5505623817443848,359.44,0.8449432849884033,0.016196025535464287,-0.36320316791534424,912000,-107.88248929000001,424,57000
2146,0.0007,57099,0.46035653352737427,366.05,0.08021265268325806,0.1612037718296051,-0.5228920578956604,913600,-105.71131878,425,57100
2146,0.0007,57199,1.1067907810211182,368.72,-0.6669617891311646,-0.03857262432575226,-0.4619969129562378,915200,-102.31774603000002,426,57200
2146,0.0007,57299,1.1580686569213867,370.54,0.7242772579193115,0.03001835197210312,-0.5702308416366577,916800,-97.46556170999999,427,57300
2146,0.0007,57399,1.4525057077407837,358.57,0.6209725141525269,0.04095301777124405,-0.4628099203109741,918400,-90.67476029999997,427,57400
2146,0.0007,57499,18.713573455810547,343.72,0.3829028606414795,0.13547134399414062,-0.5128535032272339,920000,-80.30030992,428,57500
2142,0.0007,57599,3.2263553142547607,342.74,0.7620081901550293,0.13172708451747894,-0.46345818042755127,921600,-73.37114716999999,430,57600
2142,0.0007,57699,0.2081531435251236,328.64,0.8921760320663452,-0.21106290817260742,-0.5863426923751831,923200,-71.07786318,430,57700
2142,0.0007,57799,0.35705238580703735,332.97,0.9808886051177979,0.03197232633829117,-0.4642908573150635,924800,-64.24397042000001,431,57800
2142,0.0007,57899,2.848783016204834,321.25,0.69712233543396,0.5078579783439636,-0.6023954749107361,926400,-56.12169497,432,57900
2143,0.0007,57999,14.325809478759766,314.55,-0.09589183330535889,-0.009052775800228119,-0.4930552542209625,928000,-50.20155014000001,433,58000
2143,0.0007,58099,1008.347412109375,306.15,0.10604459047317505,0.036741286516189575,-0.6006812453269958,929600,-43.94988303000001,433,58100
2143,0.0007,58199,5.2794623374938965,309.95,0.658320426940918,0.3307337760925293,-0.47722747921943665,931200,-35.63938154000001,434,58200
2143,0.0007,58299,2.290893316268921,307.24,-0.013085007667541504,0.004075288772583008,-0.3015270233154297,932800,-30.843315980000003,435,58300
2143,0.0007,58399,3.239391326904297,303.34,0.6387049555778503,-0.03451843559741974,-0.5074949264526367,934400,-24.412911600000008,435,58400
2143,0.0007,58499,27.470985412597656,305.88,0.36935949325561523,0.1714204102754593,-0.3754289746284485,936000,-22.97980526,436,58500
2143,0.0007,58599,0.03791896998882294,309.78,0.508345365524292,-0.012863539159297943,-0.6896001696586609,937600,-19.15280844,437,58600
2143,0.0007,58699,0.7960947751998901,321.24,0.9173285961151123,-0.11060906946659088,-0.6229398250579834,939200,-13.609152609999997,438,58700
2143,0.0007,58799,3315.20458984375,312.9,-0.01425468921661377,0.00018957424617838115,-0.0013131520245224237,940800,-9.185864270000003,438,58800
2144,0.0007,58899,0.250130295753479,309.31,0.9798166751861572,-0.04621673375368118,-0.4610821008682251,942400,-3.763686500000002,439,58900
2143,0.0007,58999,2.994636058807373,303.38,0.4903249144554138,-0.08129534125328064,-0.4412402808666229,944000,4.623758159999998,440,59000
2143,0.0007,59099,6.2480692863464355,305.06,-0.15005087852478027,-0.0732293650507927,-0.42820364236831665,945600,10.547971679999998,441,59100
2143,0.0007,59199,1.4109530448913574,304.84,0.6949658989906311,-0.0064553869888186455,-0.422383576631546,947200,11.139909699999999,441,59200
2144,0.0007,59299,95.5865249633789,307.18,-1.8485097885131836,0.0466061532497406,-0.402718722820282,948800,16.662663920000004,442,59300
2144,0.0007,59399,6.9368720054626465,313.03,-0.6014789342880249,0.027827171608805656,-0.3188799023628235,950400,12.030949,443,59400
2144,0.0007,59499,1.9228532314300537,306.74,0.3092566132545471,0.14078232645988464,-0.3353455662727356,952000,4.406377779999999,443,59500
2144,0.0007,59599,26.260982513427734,300.1,0.09329557418823242,-0.05213332548737526,-0.5887516140937805,953600,1.061357319999999,444,59600
2144,0.0007,59699,8.405689239501953,304.85,0.12765276432037354,0.009742595255374908,-0.40728598833084106,955200,-0.0552669499999999,445,59700
2145,0.0007,59799,3.3388872146606445,302.28,0.33819615840911865,-0.006019003689289093,-0.4181879162788391,956800,-3.2079402800000003,446,59800
2145,0.0007,59899,506.16705322265625,302.24,-30.91417694091797,-0.0,-1.8502342982174014e-06,958400,-5.148945909999998,446,59900
2145,0.0007,59999,3.460170269012451,309.29,-0.07996916770935059,-0.05771497264504433,-0.3129775822162628,960000,-6.974208800000001,447,60000
2145,0.0007,60099,0.8507750630378723,307.71,0.8213363885879517,-0.06717295944690704,-0.48000702261924744,961600,-11.791133849999996,448,60100
2145,0.0007,60199,0.09422095865011215,319.31,0.9646196961402893,-0.34770214557647705,-0.3254684507846832,963200,-13.854941509999998,448,60200
2145,0.0007,60299,0.3446469306945801,328.09,0.8848601579666138,-0.35572731494903564,-0.30542248487472534,964800,-16.095230689999998,449,60300
2146,0.0007,60399,15.966596603393555,329.39,-1.4626939296722412,-0.13959601521492004,-0.3908860385417938,966400,-21.96783418,450,60400
2146,0.0007,60499,32.824886322021484,337.64,-3.660994052886963,0.032421551644802094,-0.5375382304191589,968000,-25.778077470000003,450,60500
2146,0.0007,60599,3.009305953979492,335.17,-0.2704728841781616,-0.04467080160975456,-0.41613924503326416,969600,-29.42471771,451,60600
2146,0.0007,60699,6.270608901977539,340.6,-1.0750985145568848,0.14712956547737122,-0.39926737546920776,971200,-31.545197670000004,452,60700
2146,0.0007,60799,2.8685975074768066,326.33,0.20321786403656006,-0.42711544036865234,-0.5094541311264038,972800,-39.76704287,453,60800
2146,0.0007,60899,1.7669246196746826,333.44,-0.9469634294509888,0.07458703219890594,-0.4189954400062561,974400,-39.99368669,453,60900
2147,0.0007,60999,0.14121504127979279,339.44,0.892308235168457,-0.2540472745895386,-0.47207146883010864,976000,-44.8097985,454,61000
2146,0.0007,61099,0.16651292145252228,353.39,0.982559859752655,0.056664083153009415,-0.46979162096977234,977600,-47.84824794,455,61100
2146,0.0007,61199,2.887202262878418,359.88,0.7399525046348572,-0.07705256342887878,-0.3901243209838867,979200,-55.10370578,456,61200
2146,0.0007,61299,1.6650385856628418,365.42,-0.37292730808258057,0.2858847975730896,-0.46803194284439087,980800,-59.128296899999995,456,61300
2147,0.0007,61399,20.97372817993164,378.8,-1.4291911125183105,-0.043464429676532745,-0.44036900997161865,982400,-61.95111850999999,457,61400
2147,0.0007,61499,20.97227668762207,382.46,-0.8865823745727539,0.10450093448162079,-0.6339373588562012,984000,-65.9091414,458,61500
2147,0.0007,61599,1.6168022155761719,390.18,0.14874738454818726,0.0909925103187561,-0.3888774514198303,985600,-66.23879177,458,61600
2147,0.0007,61699,21.262134552001953,395.4,-0.7531857490539551,0.19394613802433014,-0.36425620317459106,987200,-71.74557993,459,61700
2148,0.0007,61799,10.286967277526855,404.81,-0.7982100248336792,0.18029937148094177,-0.3563835620880127,988800,-75.28258107,460,61800
2148,0.0007,61899,2.721829414367676,412.43,0.0211641788482666,-0.08236329257488251,-0.46187350153923035,990400,-75.41157835000001,461,61900
2148,0.0007,61999,38.229522705078125,423.52,-6.3133463859558105,-0.1212591901421547,-0.34282684326171875,992000,-78.39889956,461,62000
2148,0.0007,62099,2.5786380767822266,433.8,-0.6972732543945312,-0.06387700140476227,-0.33012422919273376,993600,-77.04387342999999,462,62100
2149,0.0007,62199,8.029603004455566,441.09,0.498981237411499,-0.11571909487247467,-0.4339277148246765,995200,-76.42635975,463,62200
2149,0.0007,62299,33.572364807128906,442.94,-1.9064912796020508,-0.12535591423511505,-0.3594665229320526,996800,-77.06310707,463,62300
2149,0.0007,62399,3.0779154300689697,446.13,0.615094780921936,0.07314608246088028,-0.3355026841163635,998400,-77.24747993,464,62400
2149,0.0007,62499,4.191305637359619,450.12,-0.9423446655273438,-0.019165709614753723,-0.5057724714279175,1000000,-76.51229434,465,62500
