train/value_loss,time/fps,time/time_elapsed,train/policy_loss,rollout/ep_rew_mean,time/iterations,train/explained_variance,train/learning_rate,train/n_updates,time/total_timesteps,rollout/ep_len_mean,train/entropy_loss
8.315646171569824,2510,0,1.878509521484375,22.571428571428573,100,-0.039634108543395996,0.0007,99,500,22.571428571428573,-0.6866374015808105
4.873011589050293,2862,0,1.2405626773834229,22.295454545454547,200,-0.0186234712600708,0.0007,199,1000,22.295454545454547,-0.6908918619155884
6.8967790603637695,3006,0,1.6942800283432007,21.507246376811594,300,0.0035390853881835938,0.0007,299,1500,21.507246376811594,-0.6913620233535767
360.021240234375,3083,0,-12.840497970581055,21.923076923076923,400,0.04827117919921875,0.0007,399,2000,21.923076923076923,-0.692369282245636
5.79411506652832,3119,0,1.373211145401001,23.67,500,-0.00030934810638427734,0.0007,499,2500,23.67,-0.6783105731010437
5.370405197143555,3145,0,1.080467939376831,26.59,600,-0.03159797191619873,0.0007,599,3000,26.59,-0.6743825078010559
4.659651279449463,3167,1,1.093651533126831,29.02,700,0.0051694512367248535,0.0007,699,3500,29.02,-0.6795079708099365
4.152813911437988,3185,1,1.0044405460357666,33.1,800,0.0008975863456726074,0.0007,799,4000,33.1,-0.6447505950927734
3.6488614082336426,3194,1,1.328539490699768,36.41,900,-0.00023472309112548828,0.0007,899,4500,36.41,-0.5501192212104797
3.171534299850464,3200,1,0.7606459856033325,39.47,1000,3.784894943237305e-05,0.0007,999,5000,39.47,-0.6426110863685608
2.6942248344421387,3207,1,0.722633421421051,43.84,1100,0.00022494792938232422,0.0007,1099,5500,43.84,-0.554836094379425
2.2459280490875244,3215,1,0.9773187637329102,48.73,1200,0.0009440779685974121,0.0007,1199,6000,48.73,-0.5169030427932739
1.8389241695404053,3222,2,0.48143115639686584,50.94,1300,-0.0001614093780517578,0.0007,1299,6500,50.94,-0.6249281764030457
1.4663571119308472,3208,2,0.606960117816925,54.34,1400,6.854534149169922e-06,0.0007,1399,7000,54.34,-0.591107189655304
1.1353156566619873,3212,2,0.5792714357376099,60.49,1500,1.4424324035644531e-05,0.0007,1499,7500,60.49,-0.5103111267089844
0.851357102394104,3219,2,0.4445529878139496,67.53,1600,-3.898143768310547e-05,0.0007,1599,8000,67.53,-0.596527099609375
0.6044629812240601,3223,2,0.33186107873916626,70.3,1700,-3.2901763916015625e-05,0.0007,1699,8500,70.3,-0.6133820414543152
0.39980894327163696,3227,2,0.532682478427887,74.24,1800,2.4259090423583984e-05,0.0007,1799,9000,74.24,-0.30373844504356384
0.23671841621398926,3231,2,0.21751268208026886,77.49,1900,0.00010478496551513672,0.0007,1899,9500,77.49,-0.6145133972167969
0.11604924499988556,3229,3,0.13599000871181488,81.84,2000,-3.0279159545898438e-05,0.0007,1999,10000,81.84,-0.5000391006469727
0.03920186683535576,3233,3,0.12776753306388855,90.69,2100,-0.00015473365783691406,0.0007,2099,10500,90.69,-0.45019641518592834
0.0035066958516836166,3235,3,0.027313392609357834,95.34,2200,0.0005092024803161621,0.0007,2199,11000,95.34,-0.5677970051765442
3.712230682140216e-05,3238,3,0.002530808327719569,99.79,2300,-0.0033835172653198242,0.0007,2299,11500,99.79,-0.601798951625824
5.210866333982267e-07,3242,3,0.0002752453146968037,103.32,2400,2.5153160095214844e-05,0.0007,2399,12000,103.32,-0.5733949542045593
1.440988910417218e-07,3241,3,0.0002322135551366955,107.97,2500,-0.02745842933654785,0.0007,2499,12500,107.97,-0.5541697144508362
6.988760787862702e-07,3243,4,0.00037418026477098465,113.33,2600,-0.02528679370880127,0.0007,2599,13000,113.33,-0.6163045763969421
3.8514157495228574e-05,3245,4,0.004291911609470844,118.56,2700,-0.0008236169815063477,0.0007,2699,13500,118.56,-0.4589434564113617
4.6566129424663316e-11,3239,4,-0.0,119.62,2800,nan,0.0007,2799,14000,119.62,-0.6477218866348267
5.00003807246685e-08,3243,4,0.00011773440201068297,126.74,2900,0.0010554194450378418,0.0007,2899,14500,126.74,-0.6342171430587769
9.496579878032207e-07,3247,4,0.0008567555923946202,131.84,3000,0.0313529372215271,0.0007,2999,15000,131.84,-0.46468764543533325
3.2064959668787196e-05,3249,4,0.0015866750618442893,136.48,3100,-0.0054198503494262695,0.0007,3099,15500,136.48,-0.5599366426467896
3.214576281607151e-06,3251,4,0.000765264849178493,140.33,3200,-6.079673767089844e-05,0.0007,3199,16000,140.33,-0.5683773756027222
3.1423521704709856e-06,3253,5,0.0007355757988989353,144.53,3300,-0.01162254810333252,0.0007,3299,16500,144.53,-0.5698216557502747
2.1669815396307968e-05,3255,5,0.002634724136441946,148.99,3400,-9.334087371826172e-05,0.0007,3399,17000,148.99,-0.5531045794487
6.185146048665047e-06,3258,5,0.002238517627120018,153.42,3500,0.011766254901885986,0.0007,3499,17500,153.42,-0.3897664248943329
7.519265921018814e-08,3260,5,0.00015969402738846838,157.12,3600,0.0015693306922912598,0.0007,3599,18000,157.12,-0.5562901496887207
5.087393947178498e-05,3259,5,0.0038967221044003963,161.09,3700,-4.017353057861328e-05,0.0007,3699,18500,161.09,-0.5782449841499329
0.00045711491839028895,3261,5,0.00771847739815712,165.03,3800,-2.968311309814453e-05,0.0007,3799,19000,165.03,-0.5670987367630005
1.3840151495969621e-06,3262,5,0.0006368774338625371,167.89,3900,-0.00010526180267333984,0.0007,3899,19500,167.89,-0.5346529483795166
1.842854544520378e-07,3263,6,0.00024753218167461455,171.36,4000,-7.355213165283203e-05,0.0007,3999,20000,171.36,-0.5259071588516235
2.8832140742451884e-05,3260,6,0.003316812915727496,174.94,4100,-0.0028829574584960938,0.0007,4099,20500,174.94,-0.5025409460067749
5.100483394926414e-05,3260,6,0.0024186959490180016,178.41,4200,0.004904747009277344,0.0007,4199,21000,178.41,-0.5867486596107483
4.776520512450588e-08,3262,6,7.395386637654155e-05,180.21,4300,0.0010554194450378418,0.0007,4299,21500,180.21,-0.43354159593582153
9.789364696644043e-08,3262,6,0.00010805018246173859,184.3,4400,-0.46348822116851807,0.0007,4399,22000,184.3,-0.4688355028629303
8.409524889430031e-05,3264,6,-0.0009485007030889392,185.91,4500,-9.873431205749512,0.0007,4499,22500,185.91,-0.5124775767326355
2.5075859610979023e-08,3266,7,-8.521945346728899e-06,188.97,4600,-11.617500305175781,0.0007,4599,23000,188.97,-0.5493658185005188
1.1641532356165829e-11,3267,7,-3.521264204664476e-07,192.51,4700,nan,0.0007,4699,23500,192.51,-0.5598044395446777
23.448776245117188,3268,7,3.1010305881500244,198.16,4800,0.42837458848953247,0.0007,4799,24000,198.16,-0.5080894231796265
43.977481842041016,3270,7,-4.56467342376709,197.87,4900,-42.309085845947266,0.0007,4899,24500,197.87,-0.4866872727870941
3898.126953125,3271,7,27.709426879882812,189.17,5000,-2.219318389892578,0.0007,4999,25000,189.17,-0.45607128739356995
5.7855095863342285,3272,7,0.5769528746604919,159.5,5100,0.7635093331336975,0.0007,5099,25500,159.5,-0.48982924222946167
15.261981010437012,3274,7,1.7091232538223267,152.97,5200,0.058538198471069336,0.0007,5199,26000,152.97,-0.4399476945400238
0.008341958746314049,3275,8,0.039641864597797394,153.22,5300,-0.38222742080688477,0.0007,5299,26500,153.22,-0.4083419442176819
0.016096249222755432,3276,8,0.07500995695590973,137.24,5400,-58.172786712646484,0.0007,5399,27000,137.24,-0.39665794372558594
0.012353835627436638,3272,8,0.02116033062338829,94.69,5500,-5.197535037994385,0.0007,5499,27500,94.69,-0.4951707422733307
5991.5712890625,3272,8,-44.63823699951172,29.98,5600,-0.007112383842468262,0.0007,5599,28000,29.98,-0.39846888184547424
0.00011784612433984876,3273,8,0.004017080646008253,10.38,5700,0.8708838224411011,0.0007,5699,28500,10.38,-0.5910499691963196
0.005790004041045904,3273,8,0.0025379727594554424,11.05,5800,-181.3177032470703,0.0007,5799,29000,11.05,-0.2676040530204773
1962.9459228515625,3273,9,-16.664817810058594,12.61,5900,-0.0012360811233520508,0.0007,5899,29500,12.61,-0.4134237766265869
0.0005395898479036987,3273,9,0.006004480645060539,14.56,6000,-10.722898483276367,0.0007,5999,30000,14.56,-0.5646291971206665
0.0008248191443271935,3274,9,0.013680982403457165,17.19,6100,-17.806867599487305,0.0007,6099,30500,17.19,-0.4172464907169342
2.5816796551225707e-05,3274,9,0.0020245446357876062,19.7,6200,-13.118721961975098,0.0007,6199,31000,19.7,-0.45406395196914673
4.117435310035944e-05,3274,9,0.0005533908260986209,24.18,6300,-7.557634353637695,0.0007,6299,31500,24.18,-0.3350750207901001
9410.69921875,3275,9,-47.14826583862305,28.96,6400,-0.0015321969985961914,0.0007,6399,32000,28.96,-0.5206282734870911
5.579099706665147e-06,3275,9,0.0005131338839419186,33.06,6500,-0.531490683555603,0.0007,6499,32500,33.06,-0.29703956842422485
1.277120281883981e-05,3276,10,0.0016582084354013205,36.75,6600,-24.50282859802246,0.0007,6599,33000,36.75,-0.20766708254814148
6.253132596611977e-05,3276,10,0.0023644526954740286,41.11,6700,-4.665892124176025,0.0007,6699,33500,41.11,-0.384368360042572
0.002555976388975978,3273,10,0.02610066533088684,44.61,6800,0.2515413761138916,0.0007,6799,34000,44.61,-0.28045588731765747
0.0007928602281026542,3274,10,0.004596521146595478,48.69,6900,-0.9760918617248535,0.0007,6899,34500,48.69,-0.4535759389400482
0.000793435494415462,3275,10,0.008175772614777088,53.05,7000,-2.2561583518981934,0.0007,6999,35000,53.05,-0.5006965398788452
7.721793372184038e-05,3276,10,0.0026839119382202625,55.9,7100,-840.2942504882812,0.0007,7099,35500,55.9,-0.4326867461204529
3.442986781010404e-05,3277,10,0.0021446242462843657,60.71,7200,-3.4149227142333984,0.0007,7199,36000,60.71,-0.3082658648490906
9.235181096300948e-06,3277,11,-0.0008373234304599464,65.5,7300,-5.758528709411621,0.0007,7299,36500,65.5,-0.42400115728378296
2.2825959604233503e-05,3278,11,-0.0010621430119499564,70.31,7400,-21.1697998046875,0.0007,7399,37000,70.31,-0.47201377153396606
2.6449875804246403e-05,3279,11,-0.0029706102795898914,75.04,7500,-26.132274627685547,0.0007,7499,37500,75.04,-0.4566214084625244
2.959057383122854e-05,3278,11,0.0019826616626232862,79.81,7600,-1827.49072265625,0.0007,7599,38000,79.81,-0.35177919268608093
5.495967343449593e-07,3279,11,7.52388295950368e-05,84.57,7700,0.8110964298248291,0.0007,7699,38500,84.57,-0.4399867057800293
7.3802539191092364e-06,3279,11,-0.0004977153148502111,89.33,7800,-47.37605285644531,0.0007,7799,39000,89.33,-0.29603421688079834
3.67781603927142e-06,3280,12,-0.0007765745394863188,94.17,7900,-38.672000885009766,0.0007,7899,39500,94.17,-0.4378882050514221
1.9635679564089514e-05,3280,12,-0.0024749250151216984,99.01,8000,-2.2283236980438232,0.0007,7999,40000,99.01,-0.3728773891925812
2.9317102416825946e-06,3277,12,-0.0006468741921707988,103.84,8100,-104.44158935546875,0.0007,8099,40500,103.84,-0.4607650637626648
3.405497409403324e-06,3277,12,-0.0010148445144295692,108.69,8200,-30.319210052490234,0.0007,8199,41000,108.69,-0.33649927377700806
1.4696619246024056e-06,3277,12,-1.9582098502723966e-06,113.49,8300,-23.66998291015625,0.0007,8299,41500,113.49,-0.3392643630504608
7.82241102115222e-07,3278,12,9.112244879361242e-05,118.35,8400,-2.7626688480377197,0.0007,8399,42000,118.35,-0.3498825430870056
4.836823563891812e-07,3278,12,-7.616921357112005e-05,123.16,8500,-0.6832271814346313,0.0007,8499,42500,123.16,-0.3488139808177948
5.63554920063325e-07,3278,13,7.383753836620599e-05,127.92,8600,-3.128640651702881,0.0007,8599,43000,127.92,-0.3330392837524414
2.28987778427836e-06,3279,13,-0.0007340017473325133,132.75,8700,-2.9080846309661865,0.0007,8699,43500,132.75,-0.4219393730163574
4.969188012182713e-07,3279,13,-0.0003585372178349644,137.6,8800,-2.2028615474700928,0.0007,8799,44000,137.6,-0.3946094214916229
2.4174805730581284e-06,3279,13,-0.0005704284412786365,142.41,8900,-0.5596576929092407,0.0007,8899,44500,142.41,-0.4372686445713043
1.1994852684438229e-06,3280,13,7.627372542629018e-05,147.25,9000,-0.6598069667816162,0.0007,8999,45000,147.25,-0.2737503945827484
3.253808245062828e-08,3281,13,6.475254394899821e-06,151.95,9100,-1.845926284790039,0.0007,9099,45500,151.95,-0.20592939853668213
1.2310222246014746e-06,3281,14,0.00023812994186300784,156.68,9200,-1.0235521793365479,0.0007,9199,46000,156.68,-0.25088009238243103
1.3906625326853828e-06,3282,14,-6.004266833770089e-05,161.51,9300,0.22498315572738647,0.0007,9299,46500,161.51,-0.20593354105949402
9.68866515904665e-07,3282,14,-0.000309979630401358,166.26,9400,-2.2974047660827637,0.0007,9399,47000,166.26,-0.3906237781047821
2.702465167203627e-07,3273,14,2.3341191990766674e-05,171.07,9500,0.7173113822937012,0.0007,9499,47500,171.07,-0.18250207602977753
4.4801271315009217e-07,3273,14,4.470162093639374e-05,175.77,9600,0.28649258613586426,0.0007,9599,48000,175.77,-0.24437066912651062
1.4947611362003954e-06,3273,14,-0.00032163452124223113,180.45,9700,-6.641986846923828,0.0007,9699,48500,180.45,-0.16203899681568146
1.3152370001989766e-06,3274,14,0.0001839339529396966,185.15,9800,-0.10624504089355469,0.0007,9799,49000,185.15,-0.28396254777908325
6.727641448378563e-07,3274,15,-0.00011547216854523867,189.86,9900,-1.0916874408721924,0.0007,9899,49500,189.86,-0.3073963522911072
8.25244910629408e-07,3274,15,0.0001267742773052305,194.61,10000,0.20242160558700562,0.0007,9999,50000,194.61,-0.2763093113899231
2.1279906832205597e-06,3274,15,0.0002517920802347362,199.39,10100,0.22276878356933594,0.0007,10099,50500,199.39,-0.282579243183136
1.4025718542143295e-07,3275,15,4.394934876472689e-05,205.77,10200,0.9782359004020691,0.0007,10199,51000,205.77,-0.18938292562961578
1.2229150343046058e-05,3275,15,0.0014595116954296827,209.69,10300,-1.8189704418182373,0.0007,10299,51500,209.69,-0.2672620415687561
4.997011160412512e-07,3276,15,-0.0007465090602636337,212.99,10400,-5.837329864501953,0.0007,10399,52000,212.99,-0.10200033336877823
3.257300562609089e-08,3275,16,-1.6864421468198998e-06,217.71,10500,0.8332064151763916,0.0007,10499,52500,217.71,-0.06801576912403107
4.357658269782405e-07,3275,16,-5.58653446205426e-05,222.46,10600,-1.7817721366882324,0.0007,10599,53000,222.46,-0.2728164494037628
1.757522056777816e-07,3276,16,-1.6484439129271777e-06,227.23,10700,-17.336698532104492,0.0007,10699,53500,227.23,-0.08679606020450592
1.6775448585804043e-08,3273,16,1.5484290543099632e-06,231.98,10800,0.9060885906219482,0.0007,10799,54000,231.98,-0.07701022177934647
1.52963912114501e-06,3273,16,-0.0004890769487246871,236.74,10900,-5.039332866668701,0.0007,10899,54500,236.74,-0.4093502163887024
1.190283819596516e-05,3274,16,5.946502278675325e-05,241.38,11000,-2.3199026584625244,0.0007,10999,55000,241.38,-0.09258358180522919
4.1167950826093147e-07,3274,16,-0.0004003321810159832,246.11,11100,-85.27184295654297,0.0007,11099,55500,246.11,-0.25457653403282166
2.187793143093586e-06,3274,17,-0.0002418188378214836,250.92,11200,-0.41572487354278564,0.0007,11199,56000,250.92,-0.3136686086654663
2.796063256482739e-07,3275,17,-6.3982282881625e-05,255.68,11300,-21.409852981567383,0.0007,11299,56500,255.68,-0.2736057639122009
2.8678100534307305e-06,3275,17,-0.000658402219414711,260.4,11400,-9.37679672241211,0.0007,11399,57000,260.4,-0.388856440782547
3.1956005841493607e-08,3276,17,2.5620909127610503e-06,265.2,11500,0.8138786554336548,0.0007,11499,57500,265.2,-0.14868666231632233
7.906230052867613e-07,3276,17,-0.0003820342826656997,269.9,11600,-1.9231157302856445,0.0007,11599,58000,269.9,-0.41375961899757385
1.5320256352424622e-07,3277,17,-0.00015705999976489693,274.51,11700,-35.09172058105469,0.0007,11699,58500,274.51,-0.2787606120109558
1.24353687169787e-06,3277,17,-0.0006162662757560611,279.03,11800,-0.9385408163070679,0.0007,11799,59000,279.03,-0.31852564215660095
4.938803499499045e-07,3278,18,-0.0004011314013041556,283.54,11900,-1.6582705974578857,0.0007,11899,59500,283.54,-0.4150766432285309
2.337782689210144e-06,3278,18,-0.00075479008955881,287.39,12000,-2.9272122383117676,0.0007,11999,60000,287.39,-0.4169004559516907
1.9895377789680424e-08,3277,18,3.5204770938435104e-06,291.24,12100,0.9087403416633606,0.0007,12099,60500,291.24,-0.10561306774616241
3.2702229191272636e-07,3277,18,-0.00015353455091826618,295.05,12200,-1.276266098022461,0.0007,12199,61000,295.05,-0.345695436000824
2.67329164671537e-06,3277,18,8.097219688352197e-05,298.94,12300,-0.4034649133682251,0.0007,12299,61500,298.94,-0.1818159520626068
2.75915965630702e-07,3277,18,-0.000261370005318895,303.67,12400,-21.591110229492188,0.0007,12399,62000,303.67,-0.3349473476409912
2.1758721686637728e-06,3278,19,-0.00036405803984962404,308.36,12500,-1.4862065315246582,0.0007,12499,62500,308.36,-0.3711608648300171
1.2005563121419982e-06,3278,19,7.749436190351844e-05,312.28,12600,0.7191304564476013,0.0007,12599,63000,312.28,-0.21901293098926544
3.0751223221159307e-06,3279,19,-0.0005850355373695493,316.27,12700,0.23941320180892944,0.0007,12699,63500,316.27,-0.3390392065048218
1.1412193856585873e-07,3279,19,1.2266721569176298e-05,320.86,12800,0.8369430303573608,0.0007,12799,64000,320.86,-0.15917375683784485
9.794136985874502e-07,3278,19,-0.00036760279908776283,325.48,12900,-1.6759247779846191,0.0007,12899,64500,325.48,-0.3575575351715088
6.410991915117847e-08,3278,19,-8.395918121095747e-05,330.21,13000,0.16147339344024658,0.0007,12999,65000,330.21,-0.35493233799934387
8.993083611130714e-08,3279,19,-8.177470590453595e-06,334.66,13100,-3.7059826850891113,0.0007,13099,65500,334.66,-0.1168254166841507
6.137299237707339e-07,3279,20,4.011950659332797e-05,338.73,13200,0.6011136770248413,0.0007,13199,66000,338.73,-0.20619158446788788
1.2222910754644545e-06,3279,20,-0.000879038474522531,342.63,13300,-4.198646068572998,0.0007,13299,66500,342.63,-0.1282055526971817
2.0115427105338313e-05,3280,20,-0.00032038328936323524,347.06,13400,-7.724464416503906,0.0007,13399,67000,347.06,-0.27218207716941833
2.08965502679348e-07,3278,20,4.084764441358857e-05,351.01,13500,-8713.0,0.0007,13499,67500,351.01,-0.21717095375061035
1.0432908084112569e-06,3278,20,-0.0005461764521896839,355.02,13600,-10.449049949645996,0.0007,13599,68000,355.02,-0.21753868460655212
3.5871053682967613e-07,3278,20,-5.574298120336607e-05,359.3,13700,-1.7394018173217773,0.0007,13699,68500,359.3,-0.25675851106643677
1.3004755601286888e-06,3279,21,-0.0006532336701638997,363.74,13800,-1.1504745483398438,0.0007,13799,69000,363.74,-0.3523920178413391
3.211153625670704e-06,3279,21,0.0007294065435416996,367.8,13900,-5.227410316467285,0.0007,13899,69500,367.8,-0.19031867384910583
1.5084864344316884e-06,3280,21,-0.0005027349689044058,372.45,14000,0.0719957947731018,0.0007,13999,70000,372.45,-0.234715074300766
1.937965805609565e-07,3280,21,-1.1979273040196858e-05,376.27,14100,-1.1151881217956543,0.0007,14099,70500,376.27,-0.12172186374664307
1.3524783071261481e-06,3280,21,-0.0001083258175640367,380.19,14200,-0.1354072093963623,0.0007,14199,71000,380.19,-0.25563859939575195
8.22369486286334e-07,3281,21,5.93623481108807e-05,384.28,14300,0.1746552586555481,0.0007,14299,71500,384.28,-0.21899166703224182
4.443456305125437e-07,3281,21,6.936145655345172e-05,388.26,14400,0.6172142028808594,0.0007,14399,72000,388.26,-0.2659303545951843
6.440095745574581e-08,3281,22,1.3582908650278114e-05,392.17,14500,0.6242820024490356,0.0007,14499,72500,392.17,-0.1864376664161682
5.187350211599551e-07,3282,22,-4.6982342610135674e-05,396.15,14600,-2.8519794940948486,0.0007,14599,73000,396.15,-0.1981494426727295
1.0052463039755821e-07,3281,22,-8.041039836825803e-05,400.88,14700,0.6516371965408325,0.0007,14699,73500,400.88,-0.26519984006881714
2.5890767574310303e-07,3280,22,1.6666390365571715e-05,405.45,14800,0.34380388259887695,0.0007,14799,74000,405.45,-0.14037197828292847
1.335865817964077e-07,3280,22,5.368721758713946e-06,409.9,14900,0.7649929523468018,0.0007,14899,74500,409.9,-0.08148729801177979
7.199822107395448e-07,3280,22,0.00012710451846942306,413.91,15000,0.6408761739730835,0.0007,14999,75000,413.91,-0.2706868052482605
6.42767417957657e-06,3280,23,0.00031757145188748837,417.79,15100,0.7843651175498962,0.0007,15099,75500,417.79,-0.27608680725097656
3.6655692383646965e-06,3280,23,-2.8635618946282193e-05,421.09,15200,-3.1856002807617188,0.0007,15199,76000,421.09,-0.10524222999811172
4.154280759394169e-07,3280,23,1.0294407729816157e-05,425.3,15300,0.7908183336257935,0.0007,15299,76500,425.3,-0.09168195724487305
1.0016374574206566e-07,3281,23,6.167036190163344e-06,429.85,15400,0.20692342519760132,0.0007,15399,77000,429.85,-0.1082909107208252
3.204797280886851e-07,3281,23,5.7579087297199294e-05,434.44,15500,0.6716659069061279,0.0007,15499,77500,434.44,-0.2726563811302185
7.631024345755577e-08,3281,23,-3.6237641324987635e-05,439.07,15600,-1.127638339996338,0.0007,15599,78000,439.07,-0.2628219425678253
1.2757955119013786e-06,3281,23,-0.0008099457481876016,443.79,15700,-0.614100456237793,0.0007,15699,78500,443.79,-0.2871573567390442
4.0370505303144455e-06,3281,24,-0.00015945766062941402,448.39,15800,0.21227067708969116,0.0007,15799,79000,448.39,-0.24785307049751282
6.0356688891261e-07,3281,24,4.652683492167853e-05,452.9,15900,0.1446927785873413,0.0007,15899,79500,452.9,-0.2624965310096741
1.0801246617120341e-06,3282,24,0.00016828141815494746,457.63,16000,0.7426106929779053,0.0007,15999,80000,457.63,-0.261243999004364
2.901360858231783e-06,3282,24,-0.00019696285016834736,462.13,16100,-1.5463910102844238,0.0007,16099,80500,462.13,-0.2827604413032532
1.939816911544767e-06,3281,24,-0.0005304928636178374,466.59,16200,-3.6419968605041504,0.0007,16199,81000,466.59,-0.19260089099407196
8.480856195092201e-08,3281,24,1.4473665032710414e-05,471.06,16300,0.815496027469635,0.0007,16299,81500,471.06,-0.1881585568189621
1.3657379440701334e-06,3281,24,-0.00020800270431209356,475.04,16400,0.32798874378204346,0.0007,16399,82000,475.04,-0.35085296630859375
1.4616874750572606e-06,3281,25,-0.0004062292573507875,478.53,16500,-0.4288879632949829,0.0007,16499,82500,478.53,-0.3927164077758789
2.0568609215843026e-06,3281,25,-0.00041040265932679176,482.11,16600,-0.16438007354736328,0.0007,16599,83000,482.11,-0.3811922073364258
6.563495702494038e-08,3281,25,-0.0001070601720130071,484.87,16700,-16.036163330078125,0.0007,16699,83500,484.87,-0.40607184171676636
3.0082185276114615e-06,3282,25,0.0001270633947569877,487.39,16800,0.5529614686965942,0.0007,16799,84000,487.39,-0.21866938471794128
7.881317287683487e-08,3282,25,1.2375366168271285e-05,489.36,16900,0.7007177472114563,0.0007,16899,84500,489.36,-0.20325596630573273
1.172476913779974e-06,3282,25,-0.0005283590289764106,489.36,17000,0.023619532585144043,0.0007,16999,85000,489.36,-0.3380843997001648
9.417999535799026e-08,3282,26,-0.00011168966011609882,489.36,17100,-39.020145416259766,0.0007,17099,85500,489.36,-0.20020084083080292
1.3533048104363843e-06,3282,26,7.096476474544033e-05,489.36,17200,0.43636125326156616,0.0007,17199,86000,489.36,-0.19927650690078735
8.011702590238201e-08,3283,26,1.0659824511094484e-05,489.36,17300,0.5696619153022766,0.0007,17299,86500,489.36,-0.19400499761104584
4.382804092983861e-07,3283,26,7.157030631788075e-05,489.36,17400,0.7328459024429321,0.0007,17399,87000,489.36,-0.24407562613487244
1.1834781616926193e-06,3282,26,0.00012891506776213646,489.36,17500,0.8798609375953674,0.0007,17499,87500,489.36,-0.27950435876846313
2.60816875652381e-07,3282,26,-1.9918303223676048e-05,489.36,17600,0.09922200441360474,0.0007,17599,88000,489.36,-0.1732562780380249
1.4633405953645706e-07,3282,26,-5.530040289158933e-05,489.36,17700,0.91837477684021,0.0007,17699,88500,489.36,-0.356771320104599
0.00015283579705283046,3282,27,0.0025545749813318253,486.06,17800,0.35525286197662354,0.0007,17799,89000,486.06,-0.328346312046051
1.083989673134056e-06,3282,27,6.347007001750171e-05,484.77,17900,0.8007462620735168,0.0007,17899,89500,484.77,-0.20649144053459167
5.649752097269811e-07,3282,27,-0.0003165900125168264,484.77,18000,0.7917896509170532,0.0007,17999,90000,484.77,-0.1566598117351532
6.424961895845627e-08,3282,27,1.434119803889189e-05,484.77,18100,0.8949469327926636,0.0007,18099,90500,484.77,-0.1895357072353363
1.2714880881503632e-07,3282,27,2.5201941753039137e-05,484.77,18200,-3.613699436187744,0.0007,18199,91000,484.77,-0.28226548433303833
9.660143263090504e-08,3282,27,2.0560068151098676e-05,484.77,18300,0.6436431407928467,0.0007,18299,91500,484.77,-0.22269482910633087
2.8252484298718628e-06,3282,28,4.851799531024881e-05,484.77,18400,-0.9153400659561157,0.0007,18399,92000,484.77,-0.23276881873607635
1.3058190688752802e-06,3282,28,2.412103822280187e-05,484.77,18500,0.24764418601989746,0.0007,18499,92500,484.77,-0.1048208624124527
1.9171625353919808e-06,3283,28,8.232264372054487e-05,484.77,18600,-0.4453471899032593,0.0007,18599,93000,484.77,-0.18408676981925964
1.2854695796704618e-06,3282,28,0.00023544640862382948,484.77,18700,-1.1375491619110107,0.0007,18699,93500,484.77,-0.2160838544368744
9.783892664927407e-07,3282,28,8.398958743782714e-05,484.77,18800,-3.608668327331543,0.0007,18799,94000,484.77,-0.23167502880096436
6.993068524252521e-08,3281,28,-2.0023603610752616e-06,484.77,18900,-0.8622109889984131,0.0007,18899,94500,484.77,-0.04516671970486641
1.5072291148499062e-07,3281,28,-0.0001492233423050493,484.77,19000,-2.680432081222534,0.0007,18999,95000,484.77,-0.28743603825569153
7.944647109070502e-07,3281,29,2.629757182148751e-05,484.77,19100,0.3971569538116455,0.0007,19099,95500,484.77,-0.12991805374622345
1.6848790096446464e-07,3282,29,5.906622845941456e-06,484.77,19200,0.15305113792419434,0.0007,19199,96000,484.77,-0.07727265357971191
1.4856690313536092e-06,3282,29,0.00014009168080519885,484.77,19300,-0.8041276931762695,0.0007,19299,96500,484.77,-0.2472151219844818
1.1916272057987953e-07,3282,29,3.4271749882464064e-06,484.77,19400,0.8997675776481628,0.0007,19399,97000,484.77,-0.058741290122270584
2.655130856510368e-06,3282,29,0.00044751245877705514,484.77,19500,0.40162694454193115,0.0007,19499,97500,484.77,-0.22756722569465637
2.83936969935894e-07,3282,29,-7.180940156104043e-05,484.77,19600,0.6601591110229492,0.0007,19599,98000,484.77,-0.2619483172893524
6.456859296122275e-07,3282,30,-0.0005696022999472916,484.77,19700,-7.278508186340332,0.0007,19699,98500,484.77,-0.3096389174461365
3.3242395147681236e-07,3282,30,-3.0719416827196255e-05,484.77,19800,-4.139841556549072,0.0007,19799,99000,484.77,-0.17344506084918976
7.450347538906499e-07,3282,30,-3.385151649126783e-05,485.34,19900,-0.8874847888946533,0.0007,19899,99500,485.34,-0.16591960191726685
1.1280295666438178e-06,3282,30,-0.0002619947772473097,487.84,20000,-4.565799713134766,0.0007,19999,100000,487.84,-0.3487235903739929
3.0198133771364155e-08,3282,30,-2.855071215890348e-05,490.49,20100,0.8612267374992371,0.0007,20099,100500,490.49,-0.3778301775455475
1.4877878484753637e-08,3281,30,3.1291688173951115e-06,493.37,20200,0.9658294916152954,0.0007,20199,101000,493.37,-0.1668040007352829
2.8416980768497524e-08,3282,30,-4.380507562018465e-06,494.79,20300,0.9729210734367371,0.0007,20299,101500,494.79,-0.14867059886455536
1.4270190717979858e-07,3282,31,-1.3452164239424746e-05,494.79,20400,0.8197068572044373,0.0007,20399,102000,494.79,-0.13560447096824646
9.269930887967348e-05,3282,31,-0.004032460041344166,492.15,20500,0.9794442653656006,0.0007,20499,102500,492.15,-0.21899786591529846
0.0006967850495129824,3282,31,0.0033935983665287495,487.1,20600,0.5453289747238159,0.0007,20599,103000,487.1,-0.2505090832710266
0.0003848064807243645,3283,31,-0.0056878384202718735,487.1,20700,0.13923996686935425,0.0007,20699,103500,487.1,-0.2672165632247925
1.460709654566017e-06,3283,31,-6.101467806729488e-05,487.1,20800,-13.663999557495117,0.0007,20799,104000,487.1,-0.23250898718833923
2.6743625767267076e-06,3283,31,-0.0007392982952296734,487.1,20900,-64.79463195800781,0.0007,20899,104500,487.1,-0.21687349677085876
4.3390318182900955e-07,3283,31,-3.561568883014843e-05,487.1,21000,-1.2126998901367188,0.0007,20999,105000,487.1,-0.24939307570457458
7.16024089797429e-07,3284,32,-0.00028834506520070136,487.1,21100,-5.383230209350586,0.0007,21099,105500,487.1,-0.2891745865345001
1.3546552963816794e-06,3284,32,-0.00013256786041893065,487.1,21200,-14.948124885559082,0.0007,21199,106000,487.1,-0.26228731870651245
6.628455366808339e-07,3284,32,-0.0002063099091174081,487.1,21300,-574.092041015625,0.0007,21299,106500,487.1,-0.37272611260414124
1.380452943067212e-07,3284,32,0.00012914616672787815,487.1,21400,-12.955144882202148,0.0007,21399,107000,487.1,-0.2661936283111572
5.5445127600251e-07,3283,32,1.831370173022151e-05,487.1,21500,-0.7149323225021362,0.0007,21499,107500,487.1,-0.23887912929058075
1.2355740182101727e-06,3283,32,-0.00024454190861433744,487.1,21600,-74.14913940429688,0.0007,21599,108000,487.1,-0.33610469102859497
2.3819738714792038e-07,3283,33,2.7694919481291436e-05,487.1,21700,-1.810389757156372,0.0007,21699,108500,487.1,-0.18318495154380798
1.7134007634922455e-07,3283,33,-1.5658248230465688e-05,487.1,21800,-5.369243621826172,0.0007,21799,109000,487.1,-0.23882730305194855
1.5829922404009267e-06,3284,33,-0.000417323230067268,487.1,21900,-678.03515625,0.0007,21899,109500,487.1,-0.2031034231185913
5.509122047442361e-07,3284,33,-0.00011935226939385757,487.1,22000,-98.44479370117188,0.0007,21999,110000,487.1,-0.28888648748397827
3.8755825926273246e-07,3284,33,-0.0003622663498390466,487.1,22100,-4.7316813468933105,0.0007,22099,110500,487.1,-0.1698223054409027
5.072797648608685e-07,3284,33,1.1818356142612174e-05,487.1,22200,-5.8104119300842285,0.0007,22199,111000,487.1,-0.20825472474098206
1.8899445421993732e-06,3284,33,0.00033900135895237327,487.1,22300,-4.534028053283691,0.0007,22299,111500,487.1,-0.30826324224472046
6.662448726046932e-08,3285,34,7.999226909305435e-06,487.1,22400,0.42298340797424316,0.0007,22399,112000,487.1,-0.1371314376592636
2.940301726539474e-07,3285,34,-5.840397352585569e-05,487.1,22500,0.20270711183547974,0.0007,22499,112500,487.1,-0.2877423167228699
1.7111829947680235e-05,3285,34,0.0021730174776166677,487.1,22600,-0.7007651329040527,0.0007,22599,113000,487.1,-0.25244641304016113
2.48856140387943e-05,3285,34,0.0006397622637450695,487.1,22700,-0.7366622686386108,0.0007,22699,113500,487.1,-0.22646041214466095
1.7663697349235008e-07,3285,34,-5.169043106434401e-06,487.1,22800,-8.031641960144043,0.0007,22799,114000,487.1,-0.3747887909412384
1.4692452168674208e-05,3284,34,0.001046961173415184,487.1,22900,-0.017592787742614746,0.0007,22899,114500,487.1,-0.3506079316139221
1.0903982911258936e-05,3284,35,0.0009082056349143386,487.1,23000,-1.8316006660461426,0.0007,22999,115000,487.1,-0.36342495679855347
3.6744168596669624e-07,3284,35,8.0899571912596e-06,487.1,23100,0.05820554494857788,0.0007,23099,115500,487.1,-0.2655480206012726
1.1292285995168072e-09,3281,35,-7.457635433638643e-07,487.1,23200,0.9521893262863159,0.0007,23199,116000,487.1,-0.11863772571086884
3.705464678205317e-06,3281,35,-0.0022236346267163754,487.1,23300,-2.015381097793579,0.0007,23299,116500,487.1,-0.09992723912000656
2.645188885708194e-07,3282,35,-0.00012641890498343855,487.1,23400,-1.3841156959533691,0.0007,23399,117000,487.1,-0.33223918080329895
5.4913108726850623e-08,3282,35,3.7179106584517285e-06,487.1,23500,0.8225921988487244,0.0007,23499,117500,487.1,-0.18198847770690918
5.407491698861122e-07,3282,35,9.188014519168064e-05,487.1,23600,0.9605493545532227,0.0007,23599,118000,487.1,-0.21371424198150635
8.1175238619835e-07,3282,36,0.00014488495071418583,487.1,23700,0.7484150528907776,0.0007,23699,118500,487.1,-0.20019879937171936
1.307111290316243e-07,3282,36,1.0969076356559526e-05,487.1,23800,0.9058648347854614,0.0007,23799,119000,487.1,-0.15002486109733582
2.2695166990160942e-07,3282,36,2.1774612832814455e-05,487.1,23900,0.7426978945732117,0.0007,23899,119500,487.1,-0.19872242212295532
1.0380754389416325e-07,3282,36,1.0440461664984468e-05,487.1,24000,0.7788066864013672,0.0007,23999,120000,487.1,-0.19539675116539001
2.0285485788917867e-06,3282,36,0.0003585284866858274,487.1,24100,0.8798508048057556,0.0007,24099,120500,487.1,-0.19330990314483643
2.6701019351094146e-07,3280,36,-3.735546124516986e-05,487.1,24200,0.3245433568954468,0.0007,24199,121000,487.1,-0.21536894142627716
1.7804559604428505e-07,3278,37,-4.216533125145361e-05,487.1,24300,-0.18792295455932617,0.0007,24299,121500,487.1,-0.24005822837352753
2.9584626304313133e-07,3278,37,8.27743933768943e-05,487.1,24400,-30.256431579589844,0.0007,24399,122000,487.1,-0.3748140335083008
8.365371968466206e-07,3278,37,-0.0006358589162118733,487.1,24500,-2.9052469730377197,0.0007,24499,122500,487.1,-0.22800937294960022
1.2068892374372808e-06,3279,37,-0.0005534210940822959,487.1,24600,0.24009764194488525,0.0007,24599,123000,487.1,-0.2565384805202484
8.882722113412456e-07,3279,37,-0.0004592431359924376,487.1,24700,0.27306926250457764,0.0007,24699,123500,487.1,-0.24717840552330017
3.5623320400191005e-06,3279,37,0.00016502384096384048,487.11,24800,0.5071481466293335,0.0007,24799,124000,487.11,-0.2542359232902527
4.218646608933341e-06,3279,37,0.0006462470046244562,487.72,24900,-4.919856071472168,0.0007,24899,124500,487.72,-0.2376115769147873
1.1599506706261309e-06,3279,38,4.5714354200754315e-05,487.72,25000,-20.918880462646484,0.0007,24999,125000,487.72,-0.2659270167350769
3.2965326113298943e-07,3279,38,3.907117570634e-05,487.72,25100,-5.62999153137207,0.0007,25099,125500,487.72,-0.23892733454704285
1.475331373512745e-06,3279,38,0.00021165888756513596,487.72,25200,0.27875059843063354,0.0007,25199,126000,487.72,-0.2959301471710205
6.718141776218545e-06,3280,38,0.0004944160464219749,487.72,25300,-2.7703068256378174,0.0007,25299,126500,487.72,-0.4080759882926941
1.4131422858554288e-06,3280,38,0.00036957155680283904,487.72,25400,-244.9341583251953,0.0007,25399,127000,487.72,-0.47541388869285583
7.757334969937801e-07,3279,38,0.00014595886750612408,487.72,25500,-6794.0,0.0007,25499,127500,487.72,-0.38333529233932495
4.1535821537763695e-07,3279,39,0.0002045249129878357,487.72,25600,-37.32999801635742,0.0007,25599,128000,487.72,-0.38045525550842285
3.3488032613604446e-07,3279,39,3.1060724722919986e-05,487.72,25700,-4.385797023773193,0.0007,25699,128500,487.72,-0.27934014797210693
7.280032150447369e-07,3279,39,3.880984877469018e-05,487.72,25800,-4.604365348815918,0.0007,25799,129000,487.72,-0.18334490060806274
1.232838275910808e-08,3280,39,-3.2857435598998563e-06,487.72,25900,0.40264463424682617,0.0007,25899,129500,487.72,-0.1384902149438858
1.5305121792152931e-07,3280,39,-0.0001454028533771634,487.72,26000,-0.5533205270767212,0.0007,25999,130000,487.72,-0.14270925521850586
5.547772161662579e-07,3280,39,-0.0013339815195649862,487.72,26100,-1.8706023693084717,0.0007,26099,130500,487.72,-0.09792780876159668
2.3104948354557564e-07,3280,39,0.00018791650654748082,487.72,26200,-1.5756139755249023,0.0007,26199,131000,487.72,-0.15041449666023254
2.578599378466606e-08,3280,40,-9.108495760301594e-06,487.72,26300,-0.3657940626144409,0.0007,26299,131500,487.72,-0.18541647493839264
6.041140068191453e-07,3280,40,4.987299325875938e-05,487.72,26400,-1.6819944381713867,0.0007,26399,132000,487.72,-0.21766836941242218
3.5355333238840103e-07,3280,40,9.758879969012924e-06,487.72,26500,-1.4192554950714111,0.0007,26499,132500,487.72,-0.09628264605998993
2.1748709855273773e-07,3280,40,7.4788285928661935e-06,487.72,26600,0.3942806124687195,0.0007,26599,133000,487.72,-0.2731267809867859
2.3598549603320862e-07,3280,40,3.513795672915876e-05,487.72,26700,-9.241829872131348,0.0007,26699,133500,487.72,-0.22998523712158203
1.347751776847872e-06,3280,40,0.00017037225188687444,487.72,26800,0.2972959876060486,0.0007,26799,134000,487.72,-0.25693589448928833
3.1768576036483864e-07,3279,41,-3.113046841463074e-05,487.72,26900,-2.505690813064575,0.0007,26899,134500,487.72,-0.25124382972717285
2.5621847044021706e-07,3280,41,0.00013191241305321455,487.72,27000,-481.1142578125,0.0007,26999,135000,487.72,-0.3730195164680481
5.439622441372194e-07,3280,41,0.0002136919356416911,487.72,27100,-1.190018653869629,0.0007,27099,135500,487.72,-0.3460076153278351
1.2735720247292193e-06,3280,41,7.749012729618698e-05,487.72,27200,-8.68299674987793,0.0007,27199,136000,487.72,-0.2040499746799469
6.00470215772475e-08,3280,41,8.571869329898618e-06,487.72,27300,-398.5999755859375,0.0007,27299,136500,487.72,-0.1265949308872223
1.0175862996675278e-07,3280,41,0.00010329382348572835,487.72,27400,-4.738605499267578,0.0007,27399,137000,487.72,-0.33363407850265503
6.136484671515063e-07,3280,41,3.4354361559962854e-05,488.99,27500,-2.4022998809814453,0.0007,27499,137500,488.99,-0.14856405556201935
9.603100181720947e-08,3280,42,7.331925189646427e-06,491.02,27600,-249.8000030517578,0.0007,27599,138000,491.02,-0.11663182824850082
7.160822974583425e-07,3280,42,0.00011873177572852,492.31,27700,0.6409754157066345,0.0007,27699,138500,492.31,-0.27187517285346985
1.0325456969439983e-06,3280,42,7.140108209569007e-05,492.31,27800,-1.3914031982421875,0.0007,27799,139000,492.31,-0.21695968508720398
1.09837856143713e-06,3280,42,0.00011421825911384076,492.31,27900,-66.50452423095703,0.0007,27899,139500,492.31,-0.2870982885360718
5.162204388398095e-07,3280,42,4.097092096344568e-05,492.31,28000,-7.502785682678223,0.0007,27999,140000,492.31,-0.33880364894866943
5.017814601160353e-06,3281,42,-0.0006021178560331464,492.31,28100,0.26414698362350464,0.0007,28099,140500,492.31,-0.25165772438049316
1.6426201909780502e-07,3280,42,4.329902003519237e-05,492.31,28200,-3.2551865577697754,0.0007,28199,141000,492.31,-0.2529368996620178
1.2376228823995916e-06,3280,43,0.000289427291136235,492.31,28300,-11.556471824645996,0.0007,28299,141500,492.31,-0.2968289852142334
4.2867614524766395e-07,3280,43,-4.8783851525513455e-05,492.31,28400,-0.9449198246002197,0.0007,28399,142000,492.31,-0.23064692318439484
2.073473297059536e-06,3280,43,0.0001735830446705222,492.31,28500,-0.8153747320175171,0.0007,28499,142500,492.31,-0.25659510493278503
2.3945466409713845e-07,3280,43,-0.00022528614499606192,492.31,28600,-0.8078570365905762,0.0007,28599,143000,492.31,-0.21112582087516785
4.243862349539995e-06,3280,43,0.00020439029322005808,492.31,28700,-0.8799173831939697,0.0007,28699,143500,492.31,-0.26108142733573914
6.498652282971307e-07,3280,43,0.00010604205454001203,492.31,28800,-147.14222717285156,0.0007,28799,144000,492.31,-0.286194771528244
9.090755952456675e-07,3280,44,0.0004632565251085907,492.31,28900,-0.11240625381469727,0.0007,28899,144500,492.31,-0.20631146430969238
1.5277183251782844e-07,3280,44,-0.00012590657570399344,492.31,29000,0.6348630785942078,0.0007,28999,145000,492.31,-0.34750646352767944
3.0184165211721847e-07,3280,44,8.988450281322002e-05,492.31,29100,0.3577900528907776,0.0007,29099,145500,492.31,-0.2461668998003006
3.635650358546627e-08,3281,44,2.992602958329371e-06,492.31,29200,-17.201942443847656,0.0007,29199,146000,492.31,-0.24996009469032288
3.24595021083951e-06,3281,44,0.0004845689982175827,492.31,29300,-1.2438218593597412,0.0007,29299,146500,492.31,-0.20147299766540527
1.0011717677116394e-07,3281,44,-2.3473735666357243e-07,492.31,29400,-0.7907466888427734,0.0007,29399,147000,492.31,-0.2203507125377655
2.792803570628166e-07,3280,44,-0.00017427263082936406,492.31,29500,0.2874612808227539,0.0007,29499,147500,492.31,-0.3561077415943146
1.5271362485691498e-07,3280,45,2.2431677280110307e-05,492.31,29600,-8.48177433013916,0.0007,29599,148000,492.31,-0.2211064100265503
1.4593824460007454e-07,3280,45,1.1528590221132617e-05,492.31,29700,-8.588235855102539,0.0007,29699,148500,492.31,-0.14178498089313507
1.2548058521133498e-06,3280,45,0.00015290852752514184,492.31,29800,0.5874593257904053,0.0007,29799,149000,492.31,-0.2695971727371216
2.640182970026217e-07,3280,45,0.00015873806842137128,492.31,29900,-4.5449538230896,0.0007,29899,149500,492.31,-0.17626336216926575
8.257338635075939e-08,3280,45,6.001288966217544e-06,492.31,30000,-1.6813769340515137,0.0007,29999,150000,492.31,-0.33850622177124023
2.9391375733212044e-07,3280,45,0.0002245162322651595,492.31,30100,-0.681097149848938,0.0007,30099,150500,492.31,-0.25021201372146606
1.0258518301498043e-07,3281,46,3.576092058210634e-05,492.31,30200,-13.472726821899414,0.0007,30199,151000,492.31,-0.2645902931690216
2.0902371034026146e-07,3281,46,2.795613545458764e-05,492.83,30300,-6.678722858428955,0.0007,30299,151500,492.83,-0.20652994513511658
1.013267365124193e-06,3281,46,0.0003048705402761698,494.95,30400,0.35049110651016235,0.0007,30399,152000,494.95,-0.26894456148147583
1.9047874388888886e-07,3281,46,3.0506213079206645e-05,497.46,30500,-2.69452166557312,0.0007,30499,152500,497.46,-0.28182560205459595
3.069872178684818e-08,3281,46,4.910331881546881e-06,500.0,30600,-297.39996337890625,0.0007,30599,153000,500.0,-0.11823785305023193
1.4936086145667105e-08,3281,46,-3.940031456295401e-05,500.0,30700,-4.191999912261963,0.0007,30699,153500,500.0,-0.31224268674850464
1.1090887852560627e-07,3281,46,0.00012810455518774688,500.0,30800,-0.028826236724853516,0.0007,30799,154000,500.0,-0.1643473505973816
4.739849828183651e-07,3280,47,-0.00014819673378951848,500.0,30900,-10.823894500732422,0.0007,30899,154500,500.0,-0.19790498912334442
2.1243468495413254e-07,3280,47,1.5933839677018113e-05,500.0,31000,0.06635069847106934,0.0007,30999,155000,500.0,-0.23030808568000793
5.210749876027876e-08,3280,47,1.6328041965607554e-05,500.0,31100,0.24610167741775513,0.0007,31099,155500,500.0,-0.1775355041027069
5.506444633596175e-09,3280,47,-7.267811383826484e-07,500.0,31200,0.90546715259552,0.0007,31199,156000,500.0,-0.06531885266304016
3.7183053080980244e-08,3280,47,-1.9607643480412662e-05,500.0,31300,0.8177501559257507,0.0007,31299,156500,500.0,-0.2485845535993576
7.980852387845516e-07,3280,47,3.0809263989795e-05,500.0,31400,-0.3326702117919922,0.0007,31399,157000,500.0,-0.12326769530773163
1.3915123986407707e-07,3280,48,5.627270365948789e-05,500.0,31500,0.9032668471336365,0.0007,31499,157500,500.0,-0.22793665528297424
3.033783357864195e-08,3280,48,-9.340540418634191e-05,500.0,31600,-2.2929294109344482,0.0007,31599,158000,500.0,-0.3697803020477295
4.4151676092951675e-07,3281,48,0.00010112350719282404,500.0,31700,0.25854021310806274,0.0007,31699,158500,500.0,-0.2179625928401947
1.6944250091910362e-07,3281,48,2.0877438146271743e-05,500.0,31800,-1.6728243827819824,0.0007,31799,159000,500.0,-0.1666644811630249
2.1763844415545464e-07,3281,48,-3.0766939744353294e-05,500.0,31900,0.36085283756256104,0.0007,31899,159500,500.0,-0.1803983747959137
8.145580210339176e-08,3281,48,1.227706979989307e-05,500.0,32000,-22.154998779296875,0.0007,31999,160000,500.0,-0.28544777631759644
4.4989866410105606e-07,3281,48,2.3496942958445288e-05,500.0,32100,-1.1773016452789307,0.0007,32099,160500,500.0,-0.16368791460990906
9.508803344715488e-08,3280,49,7.881656347308308e-05,500.0,32200,0.25742095708847046,0.0007,32199,161000,500.0,-0.1922682225704193
2.3969914053623143e-08,3280,49,-3.111093292318401e-06,500.0,32300,0.5743831992149353,0.0007,32299,161500,500.0,-0.1521632969379425
5.926704034209251e-07,3280,49,2.888413109758403e-05,500.0,32400,-3.2064690589904785,0.0007,32399,162000,500.0,-0.17182356119155884
3.99099644710077e-06,3280,49,0.00018045988690573722,500.0,32500,-2.2671265602111816,0.0007,32499,162500,500.0,-0.22707800567150116
1.489534042775631e-07,3280,49,2.1774685592390597e-05,500.0,32600,-8.274877548217773,0.0007,32599,163000,500.0,-0.20961733162403107
5.395151561060629e-07,3280,49,-0.0004271345678716898,500.0,32700,0.10345429182052612,0.0007,32699,163500,500.0,-0.20430096983909607
3.024469918955219e-08,3281,49,-1.7532469200887135e-06,500.0,32800,0.4740166664123535,0.0007,32799,164000,500.0,-0.22868363559246063
1.1345488246661262e-06,3281,50,-6.56482734484598e-05,500.0,32900,0.45912015438079834,0.0007,32899,164500,500.0,-0.2539854347705841
1.434469538708072e-07,3281,50,5.109353151055984e-05,500.0,33000,-3.6865649223327637,0.0007,32999,165000,500.0,-0.23955969512462616
2.284906713612145e-06,3280,50,6.336135265883058e-05,500.0,33100,-0.43500733375549316,0.0007,33099,165500,500.0,-0.17684704065322876
2.0979204862214829e-07,3281,50,0.00012490681547205895,500.0,33200,0.3574506640434265,0.0007,33199,166000,500.0,-0.2198094129562378
3.9086444303393364e-07,3281,50,3.436945553403348e-05,500.0,33300,-4.831350803375244,0.0007,33299,166500,500.0,-0.20863012969493866
5.236012157183723e-07,3281,50,-1.6796340787550434e-05,500.0,33400,-1.7687976360321045,0.0007,33399,167000,500.0,-0.19810375571250916
4.7204085262819717e-07,3281,51,4.139971497352235e-05,500.0,33500,-2.0861058235168457,0.0007,33499,167500,500.0,-0.26681026816368103
6.583286449313164e-07,3280,51,3.56197269866243e-05,500.0,33600,0.2499638795852661,0.0007,33599,168000,500.0,-0.1642010360956192
2.4645123275490732e-08,3280,51,3.5123248380841687e-06,500.0,33700,0.4742029309272766,0.0007,33699,168500,500.0,-0.1556245982646942
7.442082505804137e-07,3280,51,6.45991531200707e-05,500.0,33800,-0.44013750553131104,0.0007,33799,169000,500.0,-0.22574742138385773
2.3496104972764442e-07,3280,51,9.026761108543724e-05,500.0,33900,-2.480614185333252,0.0007,33899,169500,500.0,-0.22840666770935059
2.62563105479785e-07,3280,51,3.9759215724188834e-05,500.0,34000,-1.1466364860534668,0.0007,33999,170000,500.0,-0.22738900780677795
1.0167714492581581e-07,3280,51,-0.0002322213986190036,500.0,34100,0.5923099517822266,0.0007,34099,170500,500.0,-0.1757369339466095
9.442213695365353e-07,3280,52,3.5279725125292316e-05,500.0,34200,-0.3611346483230591,0.0007,34199,171000,500.0,-0.194588303565979
1.1224765330553055e-06,3280,52,0.0005447291769087315,500.0,34300,0.33909350633621216,0.0007,34299,171500,500.0,-0.20092172920703888
2.335291426902586e-08,3281,52,-6.836191460024565e-05,500.0,34400,0.5872839689254761,0.0007,34399,172000,500.0,-0.35734036564826965
3.544846549630165e-08,3281,52,7.810559509380255e-06,500.0,34500,-81.66666412353516,0.0007,34499,172500,500.0,-0.1414463371038437
8.966308229219067e-08,3281,52,3.714138438226655e-05,500.0,34600,-2.240788459777832,0.0007,34599,173000,500.0,-0.30457037687301636
8.303322829306126e-07,3281,52,0.00021038218983449042,500.0,34700,0.6954332590103149,0.0007,34699,173500,500.0,-0.22012944519519806
6.181653411374555e-09,3281,53,-1.691781471890863e-05,500.0,34800,-3.208888530731201,0.0007,34799,174000,500.0,-0.3351287841796875
3.525172473928251e-07,3280,53,0.00013896403834223747,500.0,34900,-0.519778847694397,0.0007,34899,174500,500.0,-0.32080140709877014
6.96163615643286e-09,3280,53,-8.737491953070275e-06,500.0,35000,0.8777581453323364,0.0007,34999,175000,500.0,-0.23127099871635437
2.2259773402311112e-07,3280,53,8.199096555472352e-06,500.0,35100,-3.406374454498291,0.0007,35099,175500,500.0,-0.09263506531715393
1.885928213596344e-08,3280,53,9.575926014804281e-06,500.0,35200,0.02756178379058838,0.0007,35199,176000,500.0,-0.2400638312101364
1.4237594214705496e-08,3280,53,-8.428932005699608e-07,500.0,35300,0.7586776614189148,0.0007,35299,176500,500.0,-0.04449700191617012
1.3103242508805124e-06,3280,53,-8.8604268967174e-05,500.0,35400,0.35481488704681396,0.0007,35399,177000,500.0,-0.24784064292907715
2.7311034500598907e-06,3281,54,-0.00022894961875863373,500.0,35500,-0.16552448272705078,0.0007,35499,177500,500.0,-0.19742557406425476
1.9751023216940666e-07,3280,54,5.184909696254181e-06,500.0,35600,-7.876008033752441,0.0007,35599,178000,500.0,-0.23611009120941162
3.161723611810885e-07,3280,54,1.5131899090192746e-05,500.0,35700,-1.46909761428833,0.0007,35699,178500,500.0,-0.11185754835605621
9.271316514514183e-08,3280,54,1.0389905582997017e-05,500.0,35800,-13.118919372558594,0.0007,35799,179000,500.0,-0.15965141355991364
8.770730630658363e-08,3280,54,7.22642507753335e-05,500.0,35900,-7.436795234680176,0.0007,35899,179500,500.0,-0.41101694107055664
2.5464686359555344e-07,3281,54,1.2445880201994441e-05,500.0,36000,-2.435215950012207,0.0007,35999,180000,500.0,-0.09443815052509308
2.8603244217606516e-08,3281,55,5.017403054807801e-06,500.0,36100,-291.6000061035156,0.0007,36099,180500,500.0,-0.12880413234233856
6.090500619393424e-07,3280,55,3.463338362053037e-05,500.0,36200,0.18302476406097412,0.0007,36199,181000,500.0,-0.12341998517513275
2.1827174805366667e-06,3278,55,0.00015609947149641812,500.0,36300,0.32573962211608887,0.0007,36299,181500,500.0,-0.17215485870838165
1.5390105190249415e-08,3278,55,4.403101229399908e-06,500.0,36400,0.6494624018669128,0.0007,36399,182000,500.0,-0.12447471916675568
6.101909093558788e-07,3278,55,0.00023250505910255015,500.0,36500,0.8028364181518555,0.0007,36499,182500,500.0,-0.16622920334339142
1.8988154124599532e-06,3278,55,3.669011130114086e-05,500.0,36600,0.15309357643127441,0.0007,36599,183000,500.0,-0.17158105969429016
1.0429648966692184e-07,3279,55,-0.00010705428576329723,500.0,36700,0.22114109992980957,0.0007,36699,183500,500.0,-0.3643234372138977
3.5862905178873916e-07,3279,56,2.289334361194051e-06,500.0,36800,0.355934739112854,0.0007,36799,184000,500.0,-0.12761691212654114
5.3551048040390015e-09,3279,56,4.3389391635173524e-07,500.0,36900,-3.2799997329711914,0.0007,36899,184500,500.0,-0.0392894372344017
9.067589701317047e-08,3279,56,9.916542694554664e-06,500.0,37000,0.7688888907432556,0.0007,36999,185000,500.0,-0.08472707122564316
2.2829045320804653e-08,3279,56,-5.020577191316988e-06,500.0,37100,0.7006122469902039,0.0007,37099,185500,500.0,-0.09863077104091644
6.098998994730209e-08,3279,56,3.837957410723902e-05,500.0,37200,-0.09065079689025879,0.0007,37199,186000,500.0,-0.20045402646064758
1.3161916001536156e-07,3279,56,-3.33069619955495e-05,500.0,37300,-9.19228458404541,0.0007,37299,186500,500.0,-0.14856567978858948
3.103632550960356e-08,3279,57,2.4416010546701727e-06,500.0,37400,-7.493332862854004,0.0007,37399,187000,500.0,-0.06556083261966705
2.8684734587614003e-08,3279,57,1.9185140445188154e-06,500.0,37500,-8.115151405334473,0.0007,37499,187500,500.0,-0.058685965836048126
1.1245719910846219e-08,3279,57,-5.379300637287088e-05,500.0,37600,-9.29777717590332,0.0007,37599,188000,500.0,-0.2774825692176819
2.945307553403609e-09,3279,57,6.513134280794475e-07,500.0,37700,0.7644444108009338,0.0007,37699,188500,500.0,-0.07030505686998367
2.612592595596652e-07,3279,57,1.2017318113066722e-05,500.0,37800,-2.0357062816619873,0.0007,37799,189000,500.0,-0.10525941848754883
1.2586824027494004e-07,3279,57,1.1961049494857434e-05,500.0,37900,-1.281796932220459,0.0007,37899,189500,500.0,-0.12363480031490326
3.9271543528229813e-07,3279,57,7.046214159345254e-05,500.0,38000,0.621735692024231,0.0007,37999,190000,500.0,-0.1626371294260025
1.1920929132713809e-08,3279,58,-3.036926273125573e-06,500.0,38100,0.8098583817481995,0.0007,38099,190500,500.0,-0.11820279061794281
1.0640360592617526e-08,3279,58,-4.7363930207211524e-05,500.0,38200,nan,0.0007,38199,191000,500.0,-0.26338762044906616
2.9767397435875864e-08,3279,58,2.1489800019480754e-06,500.0,38300,0.9079872369766235,0.0007,38299,191500,500.0,-0.06195110082626343
4.444736845243824e-08,3279,58,1.5112085748114623e-05,500.0,38400,-0.7214725017547607,0.0007,38399,192000,500.0,-0.22252170741558075
1.3181707458898018e-07,3279,58,2.337485238967929e-05,500.0,38500,0.9454267024993896,0.0007,38499,192500,500.0,-0.16779698431491852
1.0606599687434937e-07,3279,58,1.8420867490931414e-05,500.0,38600,0.3759481906890869,0.0007,38599,193000,500.0,-0.1400747001171112
2.2107268904392186e-08,3279,58,-4.393212293507531e-05,500.0,38700,-32.214542388916016,0.0007,38699,193500,500.0,-0.12345399707555771
6.757909432053566e-08,3280,59,4.550790436042007e-06,500.0,38800,0.918743371963501,0.0007,38799,194000,500.0,-0.08713837713003159
6.97094932888831e-08,3279,59,-4.419983724801568e-06,500.0,38900,0.4455798864364624,0.0007,38899,194500,500.0,-0.062061019241809845
2.2514723241329193e-06,3279,59,0.000256471976172179,500.0,39000,0.33356136083602905,0.0007,38999,195000,500.0,-0.2360595017671585
1.6283010495499184e-07,3279,59,4.87149809487164e-05,500.0,39100,-35.79999923706055,0.0007,39099,195500,500.0,-0.25138789415359497
4.108296636218256e-08,3279,59,-6.9309448917920236e-06,500.0,39200,-63.04444885253906,0.0007,39199,196000,500.0,-0.15801197290420532
1.309323067744117e-07,3279,59,2.9820017516613007e-05,500.0,39300,0.5604129433631897,0.0007,39299,196500,500.0,-0.1535598337650299
1.1618249473599462e-08,3280,60,-1.2101178072043695e-05,500.0,39400,-1.3366665840148926,0.0007,39399,197000,500.0,-0.256387323141098
4.1851308196783066e-08,3280,60,1.1707287740136962e-05,500.0,39500,0.1066390872001648,0.0007,39499,197500,500.0,-0.19572332501411438
4.253932388564863e-07,3280,60,0.00019375976989977062,500.0,39600,0.176957368850708,0.0007,39599,198000,500.0,-0.24560999870300293
4.5116757974028587e-07,3280,60,3.6132776585873216e-05,500.0,39700,-0.08946835994720459,0.0007,39699,198500,500.0,-0.151488795876503
5.296897143125534e-09,3280,60,2.1038570139353396e-06,500.0,39800,-0.28888893127441406,0.0007,39799,199000,500.0,-0.10019665956497192
4.4411279986888985e-07,3280,60,2.1469979401445016e-05,500.0,39900,0.09174013137817383,0.0007,39899,199500,500.0,-0.1578507125377655
2.8995563639000466e-07,3280,60,-0.00015836278907954693,500.0,40000,0.6682349443435669,0.0007,39999,200000,500.0,-0.26538175344467163
9.697396663455038e-09,3280,61,-1.590885645441631e-08,500.0,40100,nan,0.0007,40099,200500,500.0,-0.336045503616333
1.0721851140260696e-07,3279,61,-3.504771257212269e-06,500.0,40200,-20.64716911315918,0.0007,40199,201000,500.0,-0.3653859496116638
4.780362132805749e-07,3279,61,-6.825296441093087e-05,500.0,40300,-2.7332980632781982,0.0007,40299,201500,500.0,-0.18273046612739563
1.7551937503412773e-07,3279,61,1.1026864740415476e-05,500.0,40400,0.06479835510253906,0.0007,40399,202000,500.0,-0.2313840687274933
2.5727786123752594e-08,3279,61,1.204579348268453e-06,500.0,40500,-90.69999694824219,0.0007,40499,202500,500.0,-0.05507390946149826
3.71015644873296e-08,3279,61,2.6342906494392082e-05,500.0,40600,-404.39996337890625,0.0007,40599,203000,500.0,-0.1494322270154953
6.111804395914078e-09,3279,62,-1.356168922939105e-05,500.0,40700,0.3675000071525574,0.0007,40699,203500,500.0,-0.18731185793876648
5.975598327268017e-08,3279,62,3.723261033883318e-05,500.0,40800,-10.640000343322754,0.0007,40799,204000,500.0,-0.21333613991737366
7.35861249268055e-07,3279,62,0.00011269402602920309,500.0,40900,-0.14308834075927734,0.0007,40899,204500,500.0,-0.15703250467777252
9.164214276324856e-08,3279,62,0.00013281394785735756,500.0,41000,-48.49333572387695,0.0007,40999,205000,500.0,-0.11101676523685455
9.638024778269028e-08,3279,62,1.283533674723003e-05,500.0,41100,-0.29656982421875,0.0007,41099,205500,500.0,-0.14239385724067688
7.578637273297772e-09,3280,62,-1.9126797269564122e-05,500.0,41200,-6.25079345703125,0.0007,41199,206000,500.0,-0.2297903597354889
3.0915254001229187e-07,3280,62,6.97193099767901e-05,500.0,41300,-0.04402363300323486,0.0007,41299,206500,500.0,-0.21635660529136658
1.3470416604377533e-07,3280,63,-1.835651528381277e-05,500.0,41400,-0.14955401420593262,0.0007,41399,207000,500.0,-0.17550964653491974
4.938338094007122e-08,3280,63,-0.00010087028203997761,500.0,41500,-0.44622230529785156,0.0007,41499,207500,500.0,-0.29000234603881836
1.011649164439632e-08,3279,63,3.727533567143837e-06,500.0,41600,-0.1472393274307251,0.0007,41599,208000,500.0,-0.25225821137428284
7.048947736620903e-08,3279,63,7.329133222810924e-05,500.0,41700,-3.2068967819213867,0.0007,41699,208500,500.0,-0.16850608587265015
4.529720243340307e-08,3279,63,-1.6777852579252794e-05,500.0,41800,-2.344120502471924,0.0007,41799,209000,500.0,-0.25632748007774353
6.289686780291959e-07,3279,63,8.522660937160254e-05,500.0,41900,0.6469366550445557,0.0007,41899,209500,500.0,-0.23408560454845428
5.568726919591427e-07,3279,64,-2.7497535484144464e-05,500.0,42000,0.13793039321899414,0.0007,41999,210000,500.0,-0.1337587535381317
1.534028001515253e-06,3279,64,8.747838728595525e-05,500.0,42100,-2.9480738639831543,0.0007,42099,210500,500.0,-0.19147343933582306
2.0440202774807403e-07,3279,64,9.242164378520101e-05,500.0,42200,-3.28236722946167,0.0007,42199,211000,500.0,-0.4030061662197113
1.528533211114791e-08,3279,64,-3.839837518171407e-05,500.0,42300,-235.0,0.0007,42299,211500,500.0,-0.4163803458213806
2.0342413620255684e-07,3280,64,7.991824531927705e-05,500.0,42400,-1.3411264419555664,0.0007,42399,212000,500.0,-0.34188345074653625
1.8939142591989366e-06,3280,64,8.470563625451177e-05,500.0,42500,0.19220763444900513,0.0007,42499,212500,500.0,-0.1578686535358429
2.559623624165397e-07,3279,64,-6.69995934003964e-05,500.0,42600,-8.77762508392334,0.0007,42599,213000,500.0,-0.1759914606809616
4.870816994184679e-08,3279,65,1.2541277101263404e-05,500.0,42700,-32.282352447509766,0.0007,42699,213500,500.0,-0.35889774560928345
7.087364650715244e-08,3280,65,6.645866051258054e-06,500.0,42800,-3.485813617706299,0.0007,42799,214000,500.0,-0.13064712285995483
1.5394413139802055e-06,3279,65,5.149862408870831e-05,500.0,42900,-0.3581523895263672,0.0007,42899,214500,500.0,-0.16955454647541046
2.7721282549464377e-06,3279,65,0.00016785439220257103,500.0,43000,-1.0239977836608887,0.0007,42999,215000,500.0,-0.23600056767463684
4.286412291776287e-08,3279,65,2.300422693224391e-06,500.0,43100,-99.17777252197266,0.0007,43099,215500,500.0,-0.056799907237291336
1.5405240105792473e-07,3279,65,-1.63188324222574e-05,500.0,43200,-0.29287707805633545,0.0007,43199,216000,500.0,-0.18026113510131836
9.86387007628764e-08,3279,66,-7.956215995363891e-06,500.0,43300,0.7151347994804382,0.0007,43299,216500,500.0,-0.11869166046380997
2.75915965630702e-07,3279,66,9.399967893841676e-06,500.0,43400,-3.176522731781006,0.0007,43399,217000,500.0,-0.09910380095243454
6.076879799365997e-07,3279,66,4.030873969895765e-05,500.0,43500,-7.692330360412598,0.0007,43499,217500,500.0,-0.17505109310150146
2.405722625553608e-07,3279,66,-0.0001952955062733963,500.0,43600,0.24166268110275269,0.0007,43599,218000,500.0,-0.33212050795555115
8.257920853793621e-07,3279,66,-2.257883534184657e-05,500.0,43700,0.025455355644226074,0.0007,43699,218500,500.0,-0.1330970823764801
1.4987308816216682e-07,3280,66,2.1749656298197806e-05,500.0,43800,-9.097450256347656,0.0007,43799,219000,500.0,-0.20056073367595673
5.784677341580391e-07,3280,66,-1.724481990095228e-05,500.0,43900,0.17942291498184204,0.0007,43899,219500,500.0,-0.11538185179233551
5.01796591834136e-07,3279,67,0.00010828729864442721,500.0,44000,-0.08741283416748047,0.0007,43999,220000,500.0,-0.24294844269752502
9.301817271989421e-07,3280,67,1.69619161169976e-05,500.0,44100,-10.467812538146973,0.0007,44099,220500,500.0,-0.09514442086219788
2.1655578166246414e-06,3280,67,6.100321115809493e-05,500.0,44200,-0.6687488555908203,0.0007,44199,221000,500.0,-0.14801737666130066
5.513196583706303e-07,3279,67,-0.00016233698988799006,500.0,44300,0.3344746232032776,0.0007,44299,221500,500.0,-0.24407954514026642
1.0874354927636887e-07,3279,67,-8.83291068021208e-06,500.0,44400,-0.7678884267807007,0.0007,44399,222000,500.0,-0.11252051591873169
1.9127037731436758e-08,3279,67,-2.649666726028954e-07,500.0,44500,-0.21884310245513916,0.0007,44499,222500,500.0,-0.26233556866645813
2.3955945493980835e-07,3279,67,0.0002445689169690013,500.0,44600,0.417128324508667,0.0007,44599,223000,500.0,-0.11669214814901352
3.325985886704075e-08,3279,68,3.464369001449086e-05,500.0,44700,-0.13760268688201904,0.0007,44699,223500,500.0,-0.19046685099601746
4.877802162184253e-09,3279,68,4.2471566530366545e-07,500.0,44800,0.5407999753952026,0.0007,44799,224000,500.0,-0.10051975399255753
4.7088832388908486e-07,3279,68,8.351012183993589e-06,500.0,44900,-0.15244853496551514,0.0007,44899,224500,500.0,-0.09268598258495331
1.3111858265801857e-07,3279,68,6.947412475710735e-05,500.0,45000,-0.3974097967147827,0.0007,44999,225000,500.0,-0.29074376821517944
3.702007234096527e-07,3280,68,0.00035058113280683756,500.0,45100,0.2588883638381958,0.0007,45099,225500,500.0,-0.1706201285123825
2.3798784809514473e-07,3280,68,3.235068652429618e-05,500.0,45200,0.4567689895629883,0.0007,45199,226000,500.0,-0.17276902496814728
1.172593329101801e-06,3280,69,0.000417663948610425,500.0,45300,-1.2123520374298096,0.0007,45299,226500,500.0,-0.17515221238136292
3.441236984258467e-08,3280,69,-4.02804971599835e-06,500.0,45400,0.729275107383728,0.0007,45399,227000,500.0,-0.09820550680160522
6.996560664163098e-09,3280,69,1.6994611087284284e-06,500.0,45500,0.7755555510520935,0.0007,45499,227500,500.0,-0.08273975551128387
1.3550743638290896e-08,3279,69,-3.061139796045609e-05,500.0,45600,0.0805395245552063,0.0007,45599,228000,500.0,-0.3432810604572296
2.5171320316985657e-07,3279,69,9.238892380381003e-05,500.0,45700,-0.22475194931030273,0.0007,45699,228500,500.0,-0.3284648060798645
4.6553321908504586e-07,3279,69,6.379360274877399e-05,500.0,45800,-9.711421012878418,0.0007,45799,229000,500.0,-0.1971888244152069
9.486335557085113e-07,3280,69,3.6975161492591724e-05,500.0,45900,-2.617871046066284,0.0007,45899,229500,500.0,-0.1414577066898346
7.563037911495485e-07,3279,70,2.0487557776505128e-05,500.0,46000,-6.729423522949219,0.0007,45999,230000,500.0,-0.11603422462940216
2.0301668257616257e-07,3280,70,-2.858626794477459e-05,500.0,46100,-273.4666748046875,0.0007,46099,230500,500.0,-0.20146748423576355
5.7800207287073135e-08,3280,70,-2.6690304366638884e-05,500.0,46200,-0.3206249475479126,0.0007,46199,231000,500.0,-0.1520046889781952
3.97092669857102e-08,3280,70,2.85364621959161e-05,500.0,46300,0.42313623428344727,0.0007,46299,231500,500.0,-0.1693514883518219
1.72643925822058e-08,3280,70,1.764280000315921e-06,500.0,46400,-239.7999725341797,0.0007,46399,232000,500.0,-0.06063370779156685
1.7369165661307306e-08,3280,70,7.12405039848818e-07,500.0,46500,-0.044898033142089844,0.0007,46499,232500,500.0,-0.04905737563967705
2.2586900172427704e-07,3280,71,9.757240331964567e-05,500.0,46600,-0.8198121786117554,0.0007,46599,233000,500.0,-0.341193825006485
1.6030389815568924e-07,3280,71,2.4041505639615934e-06,500.0,46700,-0.015947461128234863,0.0007,46699,233500,500.0,-0.09905287623405457
1.4622928290464188e-07,3280,71,2.257260166516062e-05,500.0,46800,-6.311583518981934,0.0007,46799,234000,500.0,-0.2680138945579529
8.172355236979456e-09,3279,71,-4.145929415244609e-05,500.0,46900,-3.2074999809265137,0.0007,46899,234500,500.0,-0.12469775974750519
7.974449545145035e-08,3279,71,-0.00012191329005872831,500.0,47000,0.7246780395507812,0.0007,46999,235000,500.0,-0.2719488739967346
1.4784745649976117e-09,3279,71,1.7926006421475904e-06,500.0,47100,0.8722222447395325,0.0007,47099,235500,500.0,-0.11659707874059677
1.492816977588518e-06,3279,71,0.0002814441395457834,500.0,47200,0.002186119556427002,0.0007,47199,236000,500.0,-0.2960781753063202
2.1801096750095894e-07,3279,72,2.1634654331137426e-05,500.0,47300,-0.24171888828277588,0.0007,47299,236500,500.0,-0.15273213386535645
2.0256265997886658e-08,3279,72,4.284789156372426e-06,500.0,47400,nan,0.0007,47399,237000,500.0,-0.2011066973209381
1.7008279229457912e-08,3279,72,2.6410059490444837e-06,500.0,47500,-9.853333473205566,0.0007,47499,237500,500.0,-0.0991303101181984
1.1491356133319641e-07,3280,72,-1.3015390322834719e-05,500.0,47600,0.5604267716407776,0.0007,47599,238000,500.0,-0.12824352085590363
5.306210226763142e-08,3280,72,3.520311292959377e-05,500.0,47700,-6.266666412353516,0.0007,47699,238500,500.0,-0.20990733802318573
1.2273667948647926e-07,3278,72,4.1666826291475445e-06,500.0,47800,-0.6223385334014893,0.0007,47799,239000,500.0,-0.08919624984264374
4.152534671675312e-08,3278,73,1.6493047496624058e-06,500.0,47900,-5.254053592681885,0.0007,47899,239500,500.0,-0.052143681794404984
3.010500293498808e-08,3279,73,1.2719880032818764e-05,500.0,48000,0.05450350046157837,0.0007,47999,240000,500.0,-0.22974976897239685
8.202623291708733e-08,3278,73,4.3465759517857805e-05,500.0,48100,-2.463803768157959,0.0007,48099,240500,500.0,-0.1990353912115097
5.023321136832237e-08,3279,73,3.510063152134535e-06,500.0,48200,-4.992232799530029,0.0007,48199,241000,500.0,-0.06457843631505966
8.046627186786282e-08,3278,73,0.00010258595284540206,500.0,48300,-4.194202899932861,0.0007,48299,241500,500.0,-0.24447491765022278
2.535525744917777e-08,3278,73,4.608444942277856e-05,500.0,48400,-2.66068959236145,0.0007,48399,242000,500.0,-0.08784797042608261
1.476029893865416e-07,3278,73,8.080293628154323e-05,500.0,48500,-1.3602211475372314,0.0007,48499,242500,500.0,-0.19490335881710052
1.3237585960723663e-07,3279,74,0.00010162475518882275,500.0,48600,-0.4008829593658447,0.0007,48599,243000,500.0,-0.22104886174201965
1.0919757542637853e-08,3278,74,-1.7213803857885068e-06,500.0,48700,-0.05750012397766113,0.0007,48699,243500,500.0,-0.06908301264047623
1.6530975477380139e-09,3278,74,1.4100705811870284e-06,500.0,48800,0.4977778196334839,0.0007,48799,244000,500.0,-0.11748258024454117
2.5727786567841804e-09,3279,74,-4.812689894606592e-06,500.0,48900,-0.3450000286102295,0.0007,48899,244500,500.0,-0.17753306031227112
2.894084971671873e-08,3279,74,-1.1935982229260844e-06,500.0,49000,0.5796680450439453,0.0007,48999,245000,500.0,-0.04958994314074516
8.310890109441971e-08,3279,74,1.3135906556271948e-05,500.0,49100,-2.8954951763153076,0.0007,49099,245500,500.0,-0.16283784806728363
7.672933577396179e-08,3279,75,-4.4358654122333974e-05,500.0,49200,0.08352798223495483,0.0007,49199,246000,500.0,-0.22765915095806122
2.6752241311100988e-08,3279,75,2.5440403987886384e-06,500.0,49300,-13.670969009399414,0.0007,49299,246500,500.0,-0.14163827896118164
7.718336192397146e-09,3279,75,6.389744839907507e-07,500.0,49400,0.5452631711959839,0.0007,49399,247000,500.0,-0.036590687930583954
8.96397978067398e-09,3279,75,-6.453340120060602e-06,500.0,49500,-0.822857141494751,0.0007,49499,247500,500.0,-0.20322144031524658
2.423766964909646e-08,3278,75,6.080966159061063e-06,500.0,49600,-21.157577514648438,0.0007,49599,248000,500.0,-0.19448056817054749
3.103632550960356e-08,3278,75,-3.931419541913783e-06,500.0,49700,0.26399993896484375,0.0007,49699,248500,500.0,-0.09881052374839783
7.463851829925261e-07,3278,75,3.283005935372785e-05,500.0,49800,0.3729533553123474,0.0007,49799,249000,500.0,-0.11840715259313583
1.524807942132611e-07,3279,76,0.00032521970570087433,500.0,49900,-1.8982698917388916,0.0007,49899,249500,500.0,-0.03976966813206673
1.2988456887796929e-07,3278,76,1.3777647609458654e-06,500.0,50000,-4.865030765533447,0.0007,49999,250000,500.0,-0.026225944980978966
1.0977965203551321e-08,3279,76,2.3273773877008352e-06,500.0,50100,-0.11176466941833496,0.0007,50099,250500,500.0,-0.16582246124744415
9.301584213972092e-08,3279,76,1.025715573632624e-05,500.0,50200,0.6554839015007019,0.0007,50199,251000,500.0,-0.1038723737001419
1.3527460041018458e-08,3279,76,-1.2514431546151172e-05,500.0,50300,0.23779147863388062,0.0007,50299,251500,500.0,-0.1961260735988617
3.996537856210125e-08,3279,76,-7.754485409350309e-07,500.0,50400,0.54358971118927,0.0007,50399,252000,500.0,-0.025375980883836746
5.383044410223192e-08,3279,76,8.448958510598459e-07,500.0,50500,-6.882667064666748,0.0007,50499,252500,500.0,-0.022494561970233917
1.0943040251731873e-08,3279,77,-1.0772739187814295e-05,500.0,50600,-7.018180847167969,0.0007,50599,253000,500.0,-0.26518410444259644
1.7811544239521027e-08,3279,77,1.9500967027852312e-05,500.0,50700,-6.351898193359375,0.0007,50699,253500,500.0,-0.2670826315879822
3.668246790766716e-07,3279,77,-0.00021428707987070084,500.0,50800,0.41201531887054443,0.0007,50799,254000,500.0,-0.32579514384269714
4.197936576133543e-08,3279,77,-3.0066241833992535e-06,500.0,50900,0.017736971378326416,0.0007,50899,254500,500.0,-0.06421877443790436
3.725290298461914e-09,3279,77,-7.238500074890908e-06,500.0,51000,-0.020799994468688965,0.0007,50999,255000,500.0,-0.2336936891078949
2.2421590983867645e-07,3279,77,3.7920726754236966e-05,500.0,51100,0.20326167345046997,0.0007,51099,255500,500.0,-0.1873854398727417
1.1642696051694656e-07,3279,78,4.996559437131509e-05,500.0,51200,0.05975949764251709,0.0007,51199,256000,500.0,-0.2658044099807739
1.2966339113518188e-07,3279,78,-3.131094854325056e-05,500.0,51300,0.050334811210632324,0.0007,51299,256500,500.0,-0.19377589225769043
1.3685784949757362e-07,3279,78,0.00013071396097075194,500.0,51400,-0.04122805595397949,0.0007,51399,257000,500.0,-0.1436004340648651
1.7345882952213287e-08,3279,78,2.9907692805863917e-05,500.0,51500,0.4819362759590149,0.0007,51499,257500,500.0,-0.32673385739326477
7.614725916482712e-08,3279,78,-2.4404986106674187e-05,500.0,51600,-9.267058372497559,0.0007,51599,258000,500.0,-0.18133024871349335
1.0554212792612816e-07,3279,78,6.72225360176526e-06,500.0,51700,-7.040677070617676,0.0007,51699,258500,500.0,-0.09409843385219574
3.367895260453224e-07,3279,78,2.089033296215348e-05,500.0,51800,0.21560817956924438,0.0007,51799,259000,500.0,-0.1326163411140442
3.405148163437843e-08,3279,79,-2.734609915933106e-05,500.0,51900,-2.4187655448913574,0.0007,51899,259500,500.0,-0.2378082275390625
5.901092592353052e-08,3279,79,3.1791284982318757e-06,500.0,52000,-58.79999923706055,0.0007,51999,260000,500.0,-0.20667485892772675
4.8382208461816845e-08,3279,79,-2.6582956706988625e-06,500.0,52100,0.6351363658905029,0.0007,52099,260500,500.0,-0.06097104400396347
1.188716822753122e-07,3279,79,2.034865701716626e-06,500.0,52200,-2.6462223529815674,0.0007,52199,261000,500.0,-0.03645328804850578
1.309323067744117e-07,3279,79,2.7320837034494616e-05,500.0,52300,-2.205713987350464,0.0007,52299,261500,500.0,-0.2057519257068634
1.5578697798446228e-07,3279,79,-0.00011673014523694292,500.0,52400,0.28057706356048584,0.0007,52399,262000,500.0,-0.4025161862373352
2.3633474199868942e-07,3279,80,5.538143523153849e-05,500.0,52500,-0.9495639801025391,0.0007,52499,262500,500.0,-0.24877548217773438
5.385372858768278e-08,3279,80,2.7058929390477715e-06,500.0,52600,-1.5067484378814697,0.0007,52599,263000,500.0,-0.05395851284265518
2.421438605182402e-09,3279,80,-9.60118541115662e-06,500.0,52700,-10.946667671203613,0.0007,52699,263500,500.0,-0.24170665442943573
1.110252938474332e-07,3279,80,-0.00011776542669394985,500.0,52800,0.4956955313682556,0.0007,52799,264000,500.0,-0.22274422645568848
2.77999792075434e-08,3279,80,1.9315419194754213e-05,500.0,52900,-6.5707316398620605,0.0007,52899,264500,500.0,-0.31774213910102844
1.260777935385704e-07,3279,80,1.8324204575037584e-05,500.0,53000,-0.009983539581298828,0.0007,52999,265000,500.0,-0.2364637851715088
1.57160684466362e-08,3280,80,-4.964796289641527e-07,500.0,53100,0.7282644510269165,0.0007,53099,265500,500.0,-0.027544870972633362
5.296897143125534e-09,3280,81,5.793075388282887e-07,500.0,53200,-0.6755554676055908,0.0007,53199,266000,500.0,-0.06688759475946426
2.5506597722824154e-08,3279,81,7.590471113871899e-07,500.0,53300,-15.206060409545898,0.0007,53299,266500,500.0,-0.04524509236216545
1.0386575155507671e-07,3280,81,9.320007848145906e-06,500.0,53400,-1.3299336433410645,0.0007,53399,267000,500.0,-0.11298038810491562
3.096647605005387e-09,3280,81,-2.557545667514205e-05,500.0,53500,-4.930000305175781,0.0007,53499,267500,500.0,-0.24178346991539001
7.683411129555395e-10,3279,81,1.6513141076757165e-08,500.0,53600,0.9418181777000427,0.0007,53599,268000,500.0,-0.07204288244247437
3.4447293018047276e-08,3279,81,1.3137517953509814e-06,500.0,53700,-3.4000000953674316,0.0007,53699,268500,500.0,-0.04469263553619385
8.861534439574825e-08,3279,82,2.884182322304696e-05,500.0,53800,-5.871942520141602,0.0007,53799,269000,500.0,-0.23046645522117615
9.825453339828982e-09,3279,82,-2.0802173821721226e-05,500.0,53900,-0.1528768539428711,0.0007,53899,269500,500.0,-0.1842350959777832
4.224711958045191e-08,3279,82,2.1518237190321088e-05,500.0,54000,-21.60645294189453,0.0007,53999,270000,500.0,-0.21812626719474792
8.591451106099157e-09,3279,82,1.921448074426735e-06,500.0,54100,-10.079999923706055,0.0007,54099,270500,500.0,-0.10019674152135849
3.8486906106527385e-08,3280,82,3.1552285690850113e-06,500.0,54200,-2.086956262588501,0.0007,54199,271000,500.0,-0.0918484777212143
1.953449135783103e-08,3280,82,1.0966808076773304e-05,500.0,54300,-4.388888835906982,0.0007,54299,271500,500.0,-0.22253353893756866
3.5378615592662754e-08,3280,82,3.264552651671693e-05,500.0,54400,-11.839999198913574,0.0007,54399,272000,500.0,-0.2700711190700531
4.2503234709556637e-08,3280,83,-2.4688647499715444e-06,500.0,54500,-1.5358023643493652,0.0007,54499,272500,500.0,-0.15213079750537872
1.0303919850684906e-07,3280,83,2.2416954834625358e-06,500.0,54600,-7.849274635314941,0.0007,54599,273000,500.0,-0.044082559645175934
3.969762296662793e-09,3280,83,-2.9857455956516787e-05,500.0,54700,nan,0.0007,54699,273500,500.0,-0.34400424361228943
3.7499702898458054e-07,3279,83,0.00019295797392260283,500.0,54800,0.15474402904510498,0.0007,54799,274000,500.0,-0.19487878680229187
1.528533211114791e-08,3279,83,1.1590511348913424e-05,500.0,54900,0.3565610647201538,0.0007,54899,274500,500.0,-0.29623135924339294
5.23286871612072e-08,3279,83,-1.0327787094865926e-05,500.0,55000,-0.011764764785766602,0.0007,54999,275000,500.0,-0.1097017154097557
7.283990157702647e-07,3279,84,0.0001547097199363634,500.0,55100,-0.3702014684677124,0.0007,55099,275500,500.0,-0.2111479938030243
1.9154977337620949e-07,3279,84,0.00027135893469676375,500.0,55200,-0.894206166267395,0.0007,55199,276000,500.0,-0.3095075488090515
5.1746610552072525e-08,3279,84,8.059130777837709e-05,500.0,55300,-4.184000015258789,0.0007,55299,276500,500.0,-0.3861231505870819
1.209205890972953e-07,3279,84,0.00028326173196546733,500.0,55400,0.18764257431030273,0.0007,55399,277000,500.0,-0.10728428512811661
1.034815824141333e-07,3279,84,8.387206617044285e-05,500.0,55500,-5.956521987915039,0.0007,55499,277500,500.0,-0.15889057517051697
6.795162477146732e-08,3279,84,-2.120384124282282e-05,500.0,55600,0.6474640965461731,0.0007,55599,278000,500.0,-0.22063712775707245
1.887674443423748e-07,3279,84,-2.987441621371545e-05,500.0,55700,0.622820258140564,0.0007,55699,278500,500.0,-0.215892031788826
1.409905934224298e-07,3279,85,6.7984933593834285e-06,500.0,55800,-0.24188625812530518,0.0007,55799,279000,500.0,-0.07970907539129257
1.2281816452741623e-07,3279,85,9.368054452352226e-05,500.0,55900,-0.8324108123779297,0.0007,55899,279500,500.0,-0.1363258957862854
4.514586038339985e-08,3279,85,9.309824963565916e-05,500.0,56000,-1.149235486984253,0.0007,55999,280000,500.0,-0.13324446976184845
5.125766477931393e-08,3279,85,3.2434895729238633e-06,500.0,56100,-6.583784103393555,0.0007,56099,280500,500.0,-0.07324198633432388
1.5832484212552345e-09,3279,85,-7.943214654915209e-07,500.0,56200,0.1603603959083557,0.0007,56199,281000,500.0,-0.25679972767829895
2.164975683172088e-07,3277,85,-0.0001263874873984605,500.0,56300,0.24716877937316895,0.0007,56299,281500,500.0,-0.37872350215911865
5.855690687894821e-08,3277,86,4.656908640754409e-05,500.0,56400,-1.4539878368377686,0.0007,56399,282000,500.0,-0.21394047141075134
1.1071096928105817e-08,3278,86,-2.738486045927857e-06,500.0,56500,0.4036363363265991,0.0007,56499,282500,500.0,-0.08562393486499786
1.8707941862317057e-08,3278,86,1.0084377208841033e-06,500.0,56600,-1.5694913864135742,0.0007,56599,283000,500.0,-0.07141964882612228
2.2128224941297958e-07,3278,86,4.7628022912249435e-06,500.0,56700,-1.0340721607208252,0.0007,56699,283500,500.0,-0.06047873944044113
8.234055570710552e-08,3278,86,6.476402631960809e-07,500.0,56800,-0.6063454151153564,0.0007,56799,284000,500.0,-0.22144265472888947
2.582091873648551e-08,3278,86,1.4702211501571583e-06,500.0,56900,-7.088889122009277,0.0007,56899,284500,500.0,-0.05653926730155945
5.9371814131736755e-09,3278,86,8.376405276067089e-07,500.0,57000,nan,0.0007,56999,285000,500.0,-0.12456159293651581
1.115025938247527e-07,3278,87,2.2650498067378066e-05,500.0,57100,-0.4687608480453491,0.0007,57099,285500,500.0,-0.17121663689613342
2.569402681729116e-07,3278,87,1.3539442079490982e-05,500.0,57200,-0.97489333152771,0.0007,57199,286000,500.0,-0.11465997993946075
2.796761577883444e-07,3278,87,-5.724454968003556e-05,500.0,57300,0.1479625105857849,0.0007,57299,286500,500.0,-0.20385105907917023
1.4923280389211868e-07,3278,87,-2.4116336135193706e-05,500.0,57400,0.08321630954742432,0.0007,57399,287000,500.0,-0.1748635321855545
3.899913281202316e-09,3278,87,-8.627139322925359e-07,500.0,57500,-0.6666666269302368,0.0007,57499,287500,500.0,-0.2532084584236145
5.164067147234164e-07,3278,87,1.0864814612432383e-05,500.0,57600,-0.3666423559188843,0.0007,57599,288000,500.0,-0.11855725944042206
5.1048118621110916e-08,3278,88,3.479698352748528e-05,500.0,57700,-3.708423614501953,0.0007,57699,288500,500.0,-0.4035949110984802
8.498318493366241e-09,3278,88,4.2561014197417535e-06,500.0,57800,-2.235555648803711,0.0007,57799,289000,500.0,-0.15131540596485138
5.2840913866702977e-08,3278,88,-6.45453401375562e-05,500.0,57900,0.4647548198699951,0.0007,57899,289500,500.0,-0.34308764338493347
1.3161916001536156e-07,3277,88,-6.998782919254154e-05,500.0,58000,0.28631579875946045,0.0007,57999,290000,500.0,-0.35157814621925354
5.231704491848177e-08,3277,88,3.404953167773783e-05,500.0,58100,-11.540740966796875,0.0007,58099,290500,500.0,-0.22705809772014618
1.715263380219767e-07,3278,88,1.197688834508881e-05,500.0,58200,-0.4935237169265747,0.0007,58199,291000,500.0,-0.10097762197256088
7.30506144464016e-08,3278,88,0.00011947159509873018,500.0,58300,-7.6173906326293945,0.0007,58299,291500,500.0,-0.3378899097442627
4.3668552507369895e-07,3278,89,-8.383903332287446e-05,500.0,58400,0.3158378005027771,0.0007,58399,292000,500.0,-0.2891536355018616
2.6309862732887268e-08,3278,89,4.910146344627719e-06,500.0,58500,-2.53513503074646,0.0007,58499,292500,500.0,-0.1990230530500412
1.1197990090749954e-07,3278,89,-0.000153209941345267,500.0,58600,0.4412158727645874,0.0007,58599,293000,500.0,-0.37055763602256775
2.479995657722611e-07,3278,89,-3.827780165011063e-05,500.0,58700,0.32225823402404785,0.0007,58699,293500,500.0,-0.21204495429992676
6.96163615643286e-09,3278,89,2.8840620871051215e-05,500.0,58800,nan,0.0007,58799,294000,500.0,-0.16393938660621643
3.8117869394227455e-07,3278,89,-4.890502896159887e-05,500.0,58900,0.4949219822883606,0.0007,58899,294500,500.0,-0.21335454285144806
4.249159246683121e-09,3277,89,1.3567017731475062e-06,500.0,59000,nan,0.0007,58999,295000,500.0,-0.25619596242904663
8.584232773500844e-07,3278,90,0.00034511342528276145,500.0,59100,-0.34774887561798096,0.0007,59099,295500,500.0,-0.41642242670059204
2.0815059897927313e-08,3278,90,1.8935303387479507e-06,500.0,59200,-33.68571472167969,0.0007,59199,296000,500.0,-0.07175102084875107
1.1543743028141762e-07,3278,90,9.430745558347553e-05,500.0,59300,-3.1281042098999023,0.0007,59299,296500,500.0,-0.26077255606651306
1.3409881205461716e-07,3278,90,0.00012857864203397185,500.0,59400,-1.2713346481323242,0.0007,59399,297000,500.0,-0.3429933488368988
2.491287887096405e-08,3278,90,2.7049714844906703e-05,500.0,59500,-255.39999389648438,0.0007,59499,297500,500.0,-0.3573550283908844
3.5623088923131263e-09,3278,90,-4.847872219215787e-07,500.0,59600,0.12997031211853027,0.0007,59599,298000,500.0,-0.0759987086057663
1.4842953532934189e-08,3278,91,5.615824193228036e-06,500.0,59700,-1.4812498092651367,0.0007,59699,298500,500.0,-0.130764901638031
4.708534220299043e-07,3278,91,-7.027354877209291e-05,500.0,59800,-0.7537366151809692,0.0007,59799,299000,500.0,-0.17885902523994446
2.9453076422214508e-08,3278,91,-4.428062675287947e-05,500.0,59900,-11.431111335754395,0.0007,59899,299500,500.0,-0.1153249591588974
3.302702822338688e-08,3278,91,-4.4169146349304356e-06,500.0,60000,0.8488240242004395,0.0007,59999,300000,500.0,-0.10891322046518326
