train/policy_loss,train/explained_variance,time/fps,train/entropy_loss,time/time_elapsed,rollout/ep_len_mean,rollout/ep_rew_mean,train/value_loss,time/iterations,time/total_timesteps,train/n_updates,train/learning_rate
-3.291367292404175,-0.07346534729003906,289,-0.785792350769043,1,123.0,-452.90699700000005,24.991384506225586,100,500,99,0.0007
-4.182948112487793,-0.022536277770996094,301,-0.8526003956794739,3,115.75,-456.83833174999995,8.512462615966797,200,1000,199,0.0007
-32.28594207763672,-1.3470649719238281e-05,309,-1.3549810647964478,4,114.0,-443.28141116666666,526.4387817382812,300,1500,299,0.0007
-40.058624267578125,3.4570693969726562e-06,313,-1.3256642818450928,6,119.6,-452.49512186666664,844.1302490234375,400,2000,399,0.0007
-3.1605820655822754,-0.015602350234985352,323,-0.7105115056037903,7,124.45,-507.79352865,52.67335891723633,500,2500,499,0.0007
-13.499015808105469,-0.0017740726470947266,356,-1.114671230316162,8,122.58333333333333,-488.3188419166666,95.97589111328125,600,3000,599,0.0007
-17.459474563598633,-0.0003917217254638672,354,-1.338792085647583,9,118.62068965517241,-431.7535004827586,138.0167694091797,700,3500,699,0.0007
-9.610697746276855,-0.0036171674728393555,355,-0.9201970100402832,11,122.78125,-424.47410384374996,50.160499572753906,800,4000,799,0.0007
6.672599792480469,-0.4019780158996582,356,-1.1357905864715576,12,125.57142857142857,-396.8737931714286,25.560970306396484,900,4500,899,0.0007
1.1977016925811768,-0.13238859176635742,357,-0.9471399188041687,13,123.675,-366.894715575,3.6231541633605957,1000,5000,999,0.0007
-2.318956136703491,0.05739039182662964,376,-0.8082977533340454,14,123.70454545454545,-338.21635093181817,11.579659461975098,1100,5500,1099,0.0007
-4.668381690979004,0.35535550117492676,394,-0.9002764821052551,15,126.26086956521739,-336.5351237173913,30.554195404052734,1200,6000,1199,0.0007
-1.5777325630187988,0.11608707904815674,410,-0.9502919912338257,15,128.46,-332.36722991999994,4.178387641906738,1300,6500,1299,0.0007
1.576017141342163,-0.44140028953552246,425,-0.8268458247184753,16,131.39622641509433,-320.94927299999995,7.628839015960693,1400,7000,1399,0.0007
-1.478652834892273,0.6393475532531738,439,-0.2666195333003998,17,131.39622641509433,-320.94927299999995,9.787522315979004,1500,7500,1499,0.0007
-8.223922729492188,0.0188596248626709,452,-0.8577449917793274,17,143.72727272727272,-306.3348595636363,38.142173767089844,1600,8000,1599,0.0007
0.8043929934501648,-0.3835146427154541,445,-0.9167798161506653,19,146.10344827586206,-295.5656856034483,3.652569532394409,1700,8500,1699,0.0007
3.0953469276428223,0.17246884107589722,439,-0.8996434211730957,20,146.27868852459017,-282.17047221311475,61.210533142089844,1800,9000,1799,0.0007
19.57859992980957,0.11046618223190308,435,-1.0994529724121094,21,148.44444444444446,-274.25650196825404,127.54168701171875,1900,9500,1899,0.0007
13.517721176147461,-0.2523277997970581,431,-1.1749733686447144,23,154.0625,-266.71767349999993,108.49041748046875,2000,10000,1999,0.0007
-1.5788096189498901,0.4500882625579834,440,-0.6998717188835144,23,159.6153846153846,-263.1394460307692,26.868335723876953,2100,10500,2099,0.0007
2.363128423690796,0.568031370639801,436,-0.8045040965080261,25,163.37313432835822,-255.1844582686567,9.2289400100708,2200,11000,2199,0.0007
-2.066617250442505,0.6372157335281372,432,-0.36258846521377563,26,165.2608695652174,-247.8977214927536,6.2861714363098145,2300,11500,2299,0.0007
2.2745208740234375,-0.24570810794830322,439,-0.7257627844810486,27,165.59722222222223,-239.63490941666663,35.7014274597168,2400,12000,2399,0.0007
1.4004230499267578,0.36818253993988037,446,-0.09997119009494781,27,168.82432432432432,-231.56654758108104,6016.25390625,2500,12500,2499,0.0007
-0.07339011132717133,0.025343716144561768,453,-1.073429822921753,28,168.37333333333333,-230.61313529333327,0.028688248246908188,2600,13000,2599,0.0007
-8.669492721557617,-0.17595112323760986,460,-0.3295857012271881,29,176.03947368421052,-224.34285056578943,218.19564819335938,2700,13500,2699,0.0007
-6.098710536956787,-0.18730580806732178,466,-0.7553218603134155,30,175.2405063291139,-218.4928867974683,69.76869201660156,2800,14000,2799,0.0007
2.404468059539795,0.6124123334884644,472,-0.7554820775985718,30,174.65853658536585,-212.0903079634146,16.467426300048828,2900,14500,2899,0.0007
0.39437881112098694,0.9748433232307434,478,-0.8809491991996765,31,177.38095238095238,-207.39595635714284,0.1813807189464569,3000,15000,2999,0.0007
-4.476493835449219,0.05187898874282837,473,-0.652435302734375,32,179.6627906976744,-203.53636947674414,135.27499389648438,3100,15500,3099,0.0007
0.005762253422290087,-0.057791709899902344,478,-0.31135374307632446,33,179.11494252873564,-203.06703504597698,0.01139727421104908,3200,16000,3199,0.0007
0.02647583559155464,-4.681527137756348,483,-0.02481110580265522,34,183.17777777777778,-193.35222742222217,91.70128631591797,3300,16500,3299,0.0007
-0.25250405073165894,-0.04565560817718506,488,-0.1651783436536789,34,182.04347826086956,-192.99558699999994,0.1632409393787384,3400,17000,3399,0.0007
0.03920663520693779,0.9262542128562927,487,-1.0220191478729248,35,182.01041666666666,-181.75211816666663,0.24070365726947784,3500,17500,3499,0.0007
1.7415218353271484,-1.3201816082000732,491,-0.5678605437278748,36,181.05050505050505,-176.5379917171717,31.680078506469727,3600,18000,3599,0.0007
-0.5056183338165283,0.9189791679382324,496,-0.9166975021362305,37,182.08,-171.03094843999995,0.6424818634986877,3700,18500,3699,0.0007
5.07381010055542,0.35868316888809204,501,-0.5589197874069214,37,185.42,-163.47332199999994,90.39778900146484,3800,19000,3799,0.0007
-0.007289080880582333,-0.0005530118942260742,506,-0.44504308700561523,38,186.83,-159.774778,0.005167079158127308,3900,19500,3899,0.0007
-0.028913378715515137,0.9976357221603394,510,-1.2005113363265991,39,191.51,-148.19126879999996,0.05729799345135689,4000,20000,3999,0.0007
-2.281630039215088,0.030753910541534424,515,-0.7034188508987427,39,196.39,-135.70952118999995,13.539263725280762,4100,20500,4099,0.0007
0.1480744183063507,-0.051743507385253906,510,-0.9202046394348145,41,197.66,-124.67604947,0.8420045971870422,4200,21000,4199,0.0007
0.7458938360214233,0.8583210706710815,506,-1.0455373525619507,42,200.54,-117.40647219,1.3172619342803955,4300,21500,4299,0.0007
-1.2213431596755981,0.8347448706626892,510,-0.7535337805747986,43,201.88,-102.6020128,1.115926742553711,4400,22000,4399,0.0007
-0.17006242275238037,0.9455451965332031,514,-0.6538418531417847,43,203.38,-85.58459892,0.3283788561820984,4500,22500,4499,0.0007
-0.04038497060537338,0.06830167770385742,511,-0.13416029512882233,44,204.86,-77.40215457000001,0.022616282105445862,4600,23000,4599,0.0007
0.22808976471424103,0.9175028204917908,507,-0.8462933301925659,46,207.8,-62.67356485000001,0.28522294759750366,4700,23500,4699,0.0007
0.02050633728504181,0.7726330161094666,509,-0.183277890086174,47,209.54,-52.57343782000001,0.290621280670166,4800,24000,4799,0.0007
0.32784271240234375,0.6941790580749512,512,-1.0534143447875977,47,215.7,-43.781137980000004,1.0134031772613525,4900,24500,4899,0.0007
-2.3355085849761963,0.849205732345581,507,-0.5745056867599487,49,219.07,-40.348057280000006,24.976715087890625,5000,25000,4999,0.0007
0.3268137574195862,0.9114534258842468,506,-0.8115220069885254,50,221.91,-33.173155840000014,0.6105114817619324,5100,25500,5099,0.0007
0.619997501373291,0.07303261756896973,501,-0.2874165177345276,51,225.92,-28.30081725000001,69.96836853027344,5200,26000,5199,0.0007
0.009980384260416031,-0.5290613174438477,497,-0.07161616533994675,53,227.18,-25.93758324000001,1.1390949487686157,5300,26500,5299,0.0007
-0.2808648645877838,0.024450242519378662,493,-0.6752150058746338,54,230.16,-22.539916560000016,0.07876835763454437,5400,27000,5399,0.0007
-45.41279220581055,-0.5654566287994385,489,-0.9466111063957214,56,232.15,-9.84758553,947.3001708984375,5500,27500,5499,0.0007
1.089784860610962,0.9027813076972961,491,-1.059708833694458,56,233.33,-7.145345780000001,1.62285578250885,5600,28000,5599,0.0007
1.5190212726593018,0.7092502117156982,494,-1.188031792640686,57,235.46,-1.906044889999999,2.206977367401123,5700,28500,5699,0.0007
-0.6193165183067322,0.8713833093643188,497,-1.1725441217422485,58,238.99,0.7665265800000002,0.5837289690971375,5800,29000,5799,0.0007
0.03916003555059433,-5.420997142791748,500,-0.06418122351169586,58,240.42,0.5748277600000015,22.581565856933594,5900,29500,5899,0.0007
-0.3765028119087219,0.6033684611320496,497,-0.8690217733383179,60,239.32,9.46752471,0.8270953893661499,6000,30000,5999,0.0007
-3.300431728363037,-2.539764404296875,500,-0.8238898515701294,60,239.75,14.70251285,31.6367130279541,6100,30500,6099,0.0007
2.6160616874694824,0.5680460929870605,503,-0.6222938299179077,61,240.53,18.83399097,23.02425765991211,6200,31000,6199,0.0007
0.605881929397583,-0.05019080638885498,505,-0.09818296134471893,62,241.94,23.32397489,0.12328751385211945,6300,31500,6299,0.0007
0.0018252745503559709,0.9894767999649048,508,-0.8751861453056335,62,239.13,24.43513586,0.04475002735853195,6400,32000,6399,0.0007
-0.05303487926721573,0.9243179559707642,510,-0.8048661947250366,63,240.73,29.079298310000002,0.6595104932785034,6500,32500,6499,0.0007
0.16997727751731873,0.9202538728713989,513,-0.7511109113693237,64,240.81,29.818059299999994,0.29456889629364014,6600,33000,6599,0.0007
-11.65522575378418,0.050833940505981445,515,-0.2507542073726654,64,236.32,26.63641377,4561.73046875,6700,33500,6699,0.0007
-0.632968544960022,0.9864431619644165,518,-0.7269890904426575,65,229.78,25.89049383,0.5013109445571899,6800,34000,6799,0.0007
0.11586029827594757,0.9625545144081116,519,-0.8766061663627625,66,228.88,25.324158199999996,0.2768263816833496,6900,34500,6899,0.0007
-0.00360974483191967,-0.3818509578704834,516,-0.18478325009346008,67,230.43,27.51842245,1.1789976358413696,7000,35000,6999,0.0007
1.3427464962005615,0.5402075052261353,514,-1.005737066268921,69,228.47,26.681742989999996,4.242441654205322,7100,35500,7099,0.0007
-1.7541749477386475,-4.845694541931152,511,-0.10991556942462921,70,222.93,26.599282239999997,5.718007564544678,7200,36000,7199,0.0007
-0.4081772267818451,0.9709629416465759,506,-0.9184800982475281,72,221.32,25.445774279999995,0.46624916791915894,7300,36500,7299,0.0007
6.480446815490723,-0.8164891004562378,502,-0.9172561764717102,73,215.36,26.15200296,51.584861755371094,7400,37000,7399,0.0007
2.9774959087371826,0.8491869568824768,498,-1.0395801067352295,75,215.89,27.56613386,5.976589202880859,7500,37500,7499,0.0007
-0.18636317551136017,-5.580718517303467,494,-1.3055084943771362,76,216.3,27.89241075,1.5523221492767334,7600,38000,7599,0.0007
-1.8560621738433838,-0.6383771896362305,492,-1.1268930435180664,78,219.19,29.4613604,2.4135937690734863,7700,38500,7699,0.0007
5.921266078948975,-1.0966761112213135,492,-1.1259492635726929,79,219.19,29.4613604,24.18853187561035,7800,39000,7799,0.0007
-0.2996343970298767,-2.0486714839935303,494,-1.0003042221069336,79,227.81,28.90860416,2.6542763710021973,7900,39500,7899,0.0007
-3.2371573448181152,-0.43056297302246094,493,-0.9575713872909546,81,227.81,28.90860416,14.789693832397461,8000,40000,7999,0.0007
1.160796880722046,0.3735801577568054,491,-0.6246827840805054,82,236.47,30.4833349,1.8344929218292236,8100,40500,8099,0.0007
-2.7242939472198486,0.15434789657592773,488,-0.9384792447090149,83,236.47,30.4833349,5.665825843811035,8200,41000,8199,0.0007
0.32294169068336487,0.2547183632850647,486,-0.8015243411064148,85,245.19,31.386705420000002,1.3700294494628906,8300,41500,8299,0.0007
-1.4699496030807495,0.6331846714019775,484,-0.8365418314933777,86,245.19,31.386705420000002,1.187251329421997,8400,42000,8399,0.0007
1.2051714658737183,-0.7055298089981079,482,-1.0005807876586914,88,252.27,27.916033600000006,2.5775704383850098,8500,42500,8499,0.0007
-1.9963858127593994,0.377689003944397,484,-0.48786982893943787,88,252.27,27.916033600000006,2.161350727081299,8600,43000,8599,0.0007
0.45528897643089294,-3.2994093894958496,484,-0.9820137023925781,89,260.75,26.99823427,0.8792001008987427,8700,43500,8699,0.0007
2.77776837348938,-0.3843003511428833,482,-1.1898266077041626,91,260.75,26.99823427,6.783445835113525,8800,44000,8799,0.0007
-0.0048285722732543945,-0.362105131149292,484,-0.6882592439651489,91,269.24,25.92330649,1.8768666982650757,8900,44500,8899,0.0007
0.08473895490169525,0.9778448939323425,485,-1.147486925125122,92,269.24,25.92330649,0.058215297758579254,9000,45000,8999,0.0007
-0.05092823505401611,0.4880563020706177,483,-0.6042050719261169,94,277.94,26.11590322,0.31540578603744507,9100,45500,9099,0.0007
1.883048415184021,0.09748595952987671,481,-1.125186800956726,95,277.94,26.11590322,4.144054412841797,9200,46000,9199,0.0007
-3.2438950538635254,0.430164098739624,483,-0.8195335268974304,96,286.27,25.520689960000006,3.251309871673584,9300,46500,9299,0.0007
-1.660793662071228,0.6721780300140381,484,-1.065144419670105,96,286.27,25.520689960000006,1.78163743019104,9400,47000,9399,0.0007
-0.7610829472541809,0.6498611569404602,486,-0.26163479685783386,97,294.58,25.682413299999997,0.7843360900878906,9500,47500,9499,0.0007
0.3540686368942261,0.6958589553833008,488,-1.1983619928359985,98,294.58,25.682413299999997,0.10688383877277374,9600,48000,9599,0.0007
0.5906396508216858,0.9431669116020203,486,-0.8333269953727722,99,303.43,24.334618759999998,0.7067517042160034,9700,48500,9699,0.0007
0.26003071665763855,-2.4012248516082764,484,-0.792383074760437,101,303.43,24.334618759999998,0.3452792167663574,9800,49000,9799,0.0007
2.2424511909484863,-0.01745915412902832,485,-1.068131685256958,101,312.2,25.064838959999992,4.666285037994385,9900,49500,9899,0.0007
0.35452085733413696,-2.021202802658081,483,-0.7774952054023743,103,312.2,25.064838959999992,2.0858304500579834,10000,50000,9999,0.0007
-0.1602655053138733,0.8434467315673828,481,-0.5711869597434998,104,319.1,23.747319179999995,0.4165099263191223,10100,50500,10099,0.0007
4.428170204162598,-0.3169959783554077,483,-0.933594822883606,105,319.1,23.747319179999995,21.70510482788086,10200,51000,10199,0.0007
0.013374025002121925,0.15466958284378052,485,-0.587884783744812,106,324.58,20.803481839999996,1.0596888065338135,10300,51500,10299,0.0007
-0.7080729603767395,0.4854973554611206,485,-0.3754821717739105,107,324.58,20.803481839999996,3.5315945148468018,10400,52000,10399,0.0007
-0.6747800707817078,-0.7704566717147827,487,-1.1682765483856201,107,332.15,19.903223629999996,3.295539379119873,10500,52500,10499,0.0007
0.853186309337616,0.7291337251663208,489,-0.9290924072265625,108,332.15,19.903223629999996,2.98486328125,10600,53000,10599,0.0007
0.30938977003097534,0.6841527223587036,490,-0.4486079216003418,108,337.16,16.916098959999996,1.1010076999664307,10700,53500,10699,0.0007
0.7377089858055115,-2.838294744491577,492,-0.9996318817138672,109,342.4,18.163210619999994,5.390986442565918,10800,54000,10799,0.0007
0.10059654712677002,0.7883690595626831,493,-0.6572040319442749,110,342.4,18.163210619999994,1.3823325634002686,10900,54500,10899,0.0007
-0.7583016753196716,-0.24836301803588867,495,-0.6948882341384888,111,346.36,17.61225627,2.8403217792510986,11000,55000,10999,0.0007
-0.005663890391588211,-0.00011086463928222656,496,-0.11101961135864258,111,346.36,17.61225627,0.07261788845062256,11100,55500,11099,0.0007
-0.0010340200969949365,-0.0071179866790771484,497,-0.022134490311145782,112,350.23,19.22008714,0.13773168623447418,11200,56000,11199,0.0007
0.5807806849479675,0.8405287265777588,499,-1.1638238430023193,113,355.44,22.978027970000003,0.7491683959960938,11300,56500,11299,0.0007
-0.0035382802598178387,1.329183578491211e-05,500,-0.04169938713312149,113,357.83,27.27353913,0.32130664587020874,11400,57000,11399,0.0007
2.137633800506592,0.837985098361969,501,-1.130456805229187,114,359.09,34.467209569999994,3.8918628692626953,11500,57500,11499,0.0007
-0.558890700340271,0.8059892654418945,503,-1.1612775325775146,115,360.76,36.82893947,0.9765684008598328,11600,58000,11599,0.0007
0.4652951657772064,0.8699802756309509,504,-0.5200754404067993,115,364.41,41.86826503,6.6009416580200195,11700,58500,11699,0.0007
1.5372353792190552,0.8100615739822388,505,-0.6350175142288208,116,362.25,42.5944719,2.6195285320281982,11800,59000,11799,0.0007
-0.6379414796829224,0.8624293804168701,506,-0.39606279134750366,117,362.24,42.52628357,3.3128809928894043,11900,59500,11899,0.0007
-0.2748103439807892,0.9689264297485352,504,-1.163407564163208,118,366.77,42.28560079,0.1325910985469818,12000,60000,11999,0.0007
-0.02492387220263481,0.9926700592041016,505,-0.4830489158630371,119,365.66,42.1444855,0.01673785224556923,12100,60500,12099,0.0007
-0.00060793396551162,-0.027333498001098633,503,-0.00019235322542954236,121,365.85,42.01876667,408.52093505859375,12200,61000,12199,0.0007
0.5335732698440552,0.3220442533493042,501,-0.8067387342453003,122,369.57,41.58390281999999,2.1174988746643066,12300,61500,12299,0.0007
-0.227412611246109,0.8130162954330444,502,-0.9238893389701843,123,369.57,41.58390281999999,0.22088217735290527,12400,62000,12399,0.0007
-0.7834262251853943,-0.24630773067474365,504,-0.8244938850402832,123,375.42,39.10142124000001,4.378228187561035,12500,62500,12499,0.0007
-1.9224716424942017,0.4328778386116028,502,-0.7414976358413696,125,375.42,39.10142124000001,4.151303768157959,12600,63000,12599,0.0007
-0.5835614800453186,-0.7152184247970581,503,-0.7443199753761292,126,383.48,37.734182600000004,7.091161251068115,12700,63500,12699,0.0007
-3.019500494003296,-0.9122470617294312,505,-0.8791934251785278,126,383.48,37.734182600000004,19.4627628326416,12800,64000,12799,0.0007
-1.7038707733154297,-0.6120003461837769,506,-0.7458124160766602,127,390.51,33.67663777,2.740067720413208,12900,64500,12899,0.0007
-0.2257658690214157,0.7668265104293823,507,-0.6950915455818176,128,390.51,33.67663777,0.421405553817749,13000,65000,12999,0.0007
-0.9051824808120728,0.6514516472816467,506,-0.38615065813064575,129,393.11,33.55713773,1.0672839879989624,13100,65500,13099,0.0007
-2.1541988849639893,-0.17545294761657715,504,-0.684402346611023,130,393.11,33.55713773,7.042482852935791,13200,66000,13199,0.0007
-0.5991495847702026,0.28020137548446655,503,-0.7888524532318115,132,401.52,32.15097298999999,0.7257939577102661,13300,66500,13299,0.0007
0.22478020191192627,0.7033700942993164,502,-0.8145755529403687,133,401.52,32.15097298999999,1.0416498184204102,13400,67000,13399,0.0007
-0.15127350389957428,0.6502141356468201,503,-0.45540276169776917,134,409.12,30.486627870000003,0.9665034413337708,13500,67500,13499,0.0007
0.4847201406955719,0.2435484528541565,502,-0.8040498495101929,135,409.12,30.486627870000003,0.8894655108451843,13600,68000,13599,0.0007
-0.309739887714386,-0.551699161529541,501,-0.5635603070259094,136,414.98,27.78660382,1.549869179725647,13700,68500,13699,0.0007
-0.0019824891351163387,0.5357798337936401,502,-0.474517285823822,137,414.98,27.78660382,0.38220709562301636,13800,69000,13799,0.0007
0.05587542802095413,-0.1302245855331421,503,-0.6858254671096802,137,420.38,24.16883286,0.3854092061519623,13900,69500,13899,0.0007
0.270119309425354,0.9726167917251587,505,-0.8394100069999695,138,420.38,24.16883286,0.16795524954795837,14000,70000,13999,0.0007
0.00021441867284011096,-1.0310251712799072,503,-0.0004937353660352528,139,428.81,23.787252999999996,273.12054443359375,14100,70500,14099,0.0007
0.36159759759902954,0.9773060083389282,502,-1.087810754776001,141,432.46,25.47756415,0.12768398225307465,14200,71000,14199,0.0007
0.19771072268486023,0.528436541557312,501,-0.7189517617225647,142,437.5,27.405670309999994,1.1372157335281372,14300,71500,14299,0.0007
0.2607797682285309,0.7030346393585205,500,-0.6078798174858093,143,437.5,27.405670309999994,3.6724438667297363,14400,72000,14399,0.0007
-0.9797197580337524,0.729982852935791,499,-0.6911894679069519,145,445.65,26.123065190000002,1.8481289148330688,14500,72500,14499,0.0007
-0.5667651295661926,0.8551875352859497,497,-0.286825954914093,146,445.65,26.123065190000002,0.46112728118896484,14600,73000,14599,0.0007
0.9849804043769836,0.1540650725364685,498,-0.6329656839370728,147,453.77,26.152208100000003,0.8849433064460754,14700,73500,14699,0.0007
-2.8695356845855713,0.11262190341949463,497,-0.5575912594795227,148,453.77,26.152208100000003,5.883681297302246,14800,74000,14799,0.0007
-0.5113308429718018,0.738514244556427,496,-0.42808637022972107,150,461.46,24.961590200000003,1.7118911743164062,14900,74500,14899,0.0007
-0.013356983661651611,0.40508347749710083,497,-0.6405529379844666,150,461.46,24.961590200000003,0.22375699877738953,15000,75000,14999,0.0007
-0.4637870788574219,-8.374346733093262,496,-0.6028598546981812,151,469.21,24.54101586,2.3284718990325928,15100,75500,15099,0.0007
0.05720822140574455,0.9097765684127808,495,-0.8746917843818665,153,469.21,24.54101586,0.15499253571033478,15200,76000,15199,0.0007
0.34993496537208557,0.8789491653442383,494,-0.5547528266906738,154,475.95,21.63780194,0.5538118481636047,15300,76500,15299,0.0007
-0.22942690551280975,0.9121134281158447,495,-0.5939198732376099,155,480.29,23.939298550000004,0.3789694905281067,15400,77000,15399,0.0007
0.10809068381786346,0.823661208152771,496,-0.6625824570655823,155,480.29,23.939298550000004,1.1303126811981201,15500,77500,15499,0.0007
-0.3158404231071472,0.9118483066558838,497,-0.7577052116394043,156,488.29,24.59287878,0.3056734502315521,15600,78000,15599,0.0007
-0.5319433808326721,-0.512004017829895,498,-0.7587544918060303,157,488.29,24.59287878,1.5500264167785645,15700,78500,15699,0.0007
-0.26343464851379395,0.45783060789108276,499,-0.7278248071670532,158,495.14,26.64937073,1.6820824146270752,15800,79000,15799,0.0007
0.7300900220870972,0.9586415886878967,500,-0.5723664164543152,158,500.86,28.952165389999994,0.7795528173446655,15900,79500,15899,0.0007
-0.10887767374515533,0.9868910312652588,502,-0.45634564757347107,159,502.41,29.212502479999994,0.03310450166463852,16000,80000,15999,0.0007
0.5727120637893677,0.9667333960533142,503,-0.8662846684455872,159,503.72,28.54578058,0.4532800316810608,16100,80500,16099,0.0007
0.0029891151934862137,0.008880019187927246,504,-0.03456423804163933,160,505.3,31.140649149999998,0.4384443163871765,16200,81000,16199,0.0007
0.615146815776825,0.8917664289474487,505,-0.7769187688827515,161,507.28,33.73104671,1.2653529644012451,16300,81500,16299,0.0007
-0.05266374349594116,0.9451702237129211,503,-0.6291684508323669,162,511.32,35.79610081,0.12364822626113892,16400,82000,16399,0.0007
-0.5806659460067749,0.352486252784729,502,-0.6491670608520508,164,511.32,35.79610081,0.5247531533241272,16500,82500,16499,0.0007
0.11382033675909042,0.8475439548492432,503,-0.6736995577812195,164,519.42,35.15900817,0.6374515295028687,16600,83000,16599,0.0007
-0.22301702201366425,0.9284414649009705,502,-0.756538450717926,166,519.42,35.15900817,0.1429007351398468,16700,83500,16699,0.0007
-1.4314281940460205,0.24196118116378784,501,-0.6783540844917297,167,527.53,34.92065187,1.4673025608062744,16800,84000,16799,0.0007
-0.6596323251724243,-0.7800912857055664,502,-0.7728089094161987,168,527.53,34.92065187,3.385058641433716,16900,84500,16899,0.0007
-0.03477110713720322,0.8397544622421265,503,-0.37786608934402466,168,534.78,31.0395141,0.367521196603775,17000,85000,16999,0.0007
-0.015954483300447464,0.4854602813720703,504,-0.3264150619506836,169,534.78,31.0395141,0.8462481498718262,17100,85500,17099,0.0007
0.4215390682220459,0.64598149061203,505,-0.6132953763008118,170,540.76,27.80355966,1.7434451580047607,17200,86000,17199,0.0007
-0.5912355184555054,0.9519587755203247,506,-0.8733092546463013,170,540.76,27.80355966,0.5353188514709473,17300,86500,17299,0.0007
-0.2525976598262787,0.8147266507148743,507,-0.6046823263168335,171,547.24,26.446294679999998,0.9354483485221863,17400,87000,17399,0.0007
0.22658953070640564,0.9187445044517517,507,-0.529625415802002,172,549.88,26.083895330000004,1.017575740814209,17500,87500,17499,0.0007
-0.6023203134536743,-0.13392877578735352,508,-0.4421384334564209,173,552.53,25.700744700000005,2.6418514251708984,17600,88000,17599,0.0007
0.6956914663314819,-0.7969081401824951,508,-0.5160226821899414,173,555.24,27.32911052,3.5382251739501953,17700,88500,17699,0.0007
-0.03485962375998497,0.9768248796463013,508,-0.7884230613708496,175,560.62,32.99208547,0.30688440799713135,17800,89000,17799,0.0007
-0.769952654838562,0.8838960528373718,507,-1.0108920335769653,176,562.66,35.78412702,0.5532099008560181,17900,89500,17899,0.0007
-0.06281639635562897,0.40767037868499756,506,-0.7188133001327515,177,565.52,38.92255068,0.46666842699050903,18000,90000,17999,0.0007
0.24054138362407684,-0.1294548511505127,507,-0.43446463346481323,178,567.73,39.30814058000001,0.1691136658191681,18100,90500,18099,0.0007
-0.5781548619270325,0.9529143571853638,508,-0.8114582896232605,178,570.78,41.27763682,0.28763213753700256,18200,91000,18199,0.0007
-0.0011103881988674402,-0.08740150928497314,509,-0.0001317277055932209,179,577.27,43.480587719999995,11406.833984375,18300,91500,18299,0.0007
0.012773245573043823,0.9125950932502747,509,-0.5187854766845703,180,577.27,43.480587719999995,0.1533411294221878,18400,92000,18399,0.0007
-0.5057045817375183,0.7997748255729675,510,-0.4664308428764343,181,583.37,45.43166418999999,0.4329347610473633,18500,92500,18499,0.0007
0.6575254201889038,0.5183610916137695,511,-0.4410511553287506,181,588.71,47.52468540999999,14.703776359558105,18600,93000,18599,0.0007
-0.39298370480537415,0.848381757736206,512,-0.5970770716667175,182,591.79,50.25767796,1.186938762664795,18700,93500,18699,0.0007
-0.2589331865310669,0.9926031231880188,511,-0.6956329345703125,183,594.41,52.413874310000004,0.7018173336982727,18800,94000,18799,0.0007
1.2280811071395874,-0.8991308212280273,510,-0.3924660086631775,185,593.94,51.59185664,2.8530068397521973,18900,94500,18899,0.0007
0.12580503523349762,0.7034819722175598,511,-0.5112752914428711,185,597.31,51.88536728,1.0473682880401611,19000,95000,18999,0.0007
0.24271877110004425,0.9536729454994202,511,-0.5291533470153809,186,598.38,51.062169420000004,0.6599003672599792,19100,95500,19099,0.0007
-0.09167106449604034,0.347842812538147,510,-0.20370253920555115,187,603.15,53.63344773,3.4561753273010254,19200,96000,19199,0.0007
0.6172674298286438,0.7101773619651794,511,-0.36483263969421387,188,603.15,53.63344773,5.143532752990723,19300,96500,19299,0.0007
0.0337848961353302,0.9659493565559387,512,-0.5132461786270142,189,611.16,55.84048567999999,0.02924378775060177,19400,97000,19399,0.0007
0.18125465512275696,0.48641765117645264,513,-0.532730221748352,189,615.0,58.39355657,2.15635347366333,19500,97500,19499,0.0007
-0.6884250640869141,0.7112040519714355,514,-0.6749371290206909,190,616.86,60.55335646999999,2.1457767486572266,19600,98000,19599,0.0007
-0.9524250030517578,0.7523853778839111,514,-0.6604325771331787,191,616.86,60.55335646999999,4.4178571701049805,19700,98500,19699,0.0007
-0.25661951303482056,0.7689580917358398,515,-0.6032428741455078,191,625.64,60.96923419000001,0.6943441033363342,19800,99000,19799,0.0007
-0.58976811170578,-0.921263575553894,516,-0.532749593257904,192,625.64,60.96923419000001,4.254490852355957,19900,99500,19899,0.0007
-0.5237957239151001,0.3388199806213379,515,-0.34988126158714294,194,634.75,60.44533177,2.198417901992798,20000,100000,19999,0.0007
-0.34818822145462036,0.18339401483535767,514,-0.5715972781181335,195,634.75,60.44533177,1.3184173107147217,20100,100500,20099,0.0007
-1.0563751459121704,0.8896023035049438,513,-0.44196948409080505,196,643.61,60.00959338,0.46873345971107483,20200,101000,20199,0.0007
-0.32707679271698,0.7494208812713623,511,-0.5258488059043884,198,646.47,62.44193223,1.285660982131958,20300,101500,20299,0.0007
0.11562886089086533,-2.9386627674102783,510,-0.6829981803894043,199,646.47,62.44193223,0.7340445518493652,20400,102000,20399,0.0007
-0.41422995924949646,0.47570961713790894,510,-0.43277254700660706,200,654.72,61.04244845,0.907355785369873,20500,102500,20499,0.0007
-0.11597174406051636,-0.8153349161148071,509,-0.5290639400482178,202,654.72,61.04244845,0.7313108444213867,20600,103000,20599,0.0007
0.44731250405311584,0.5384216904640198,508,-0.38083866238594055,203,663.66,60.044561650000006,2.7326791286468506,20700,103500,20699,0.0007
0.4289301931858063,0.6122872829437256,507,-0.42815732955932617,204,663.66,60.044561650000006,1.3402330875396729,20800,104000,20799,0.0007
0.019986199215054512,-3.165605068206787,506,-0.2401597797870636,206,672.21,59.30760728000001,0.25280702114105225,20900,104500,20899,0.0007
-0.4037981629371643,-0.09434342384338379,505,-0.5636003613471985,207,672.21,59.30760728000001,2.838434934616089,21000,105000,20999,0.0007
-0.13460604846477509,0.5643457770347595,506,-0.5193377733230591,208,680.36,58.307852090000004,0.8454285860061646,21100,105500,21099,0.0007
-0.1966366469860077,0.6922783851623535,507,-0.43281054496765137,209,680.36,58.307852090000004,1.0533407926559448,21200,106000,21199,0.0007
-0.05193867161870003,0.9964724779129028,507,-0.666777491569519,209,684.8,54.04233341000001,0.016799742355942726,21300,106500,21299,0.0007
0.019985122606158257,-0.3157459497451782,508,-0.04060373827815056,210,682.63,51.77964653000001,5.601729393005371,21400,107000,21399,0.0007
0.12371914088726044,0.9441065788269043,508,-0.49582943320274353,211,677.93,53.976747450000005,0.7641822099685669,21500,107500,21499,0.0007
-1.4870907068252563,-0.30397748947143555,509,-0.585543155670166,211,677.93,53.976747450000005,9.60538387298584,21600,108000,21599,0.0007
-0.0,-31.25939178466797,510,-1.2168129615020007e-06,212,672.28,54.00665168000001,8678.458984375,21700,108500,21699,0.0007
-0.0786532312631607,0.9198092222213745,509,-0.5643625855445862,214,672.28,54.00665168000001,0.3099973201751709,21800,109000,21799,0.0007
-0.2514151930809021,0.9841185808181763,509,-0.9149101376533508,214,668.56,56.128034160000006,0.22423896193504333,21900,109500,21899,0.0007
-0.8397372364997864,0.939313530921936,508,-0.874504566192627,216,668.56,56.128034160000006,2.674851655960083,22000,110000,21999,0.0007
-1.0750852823257446,0.0155409574508667,508,-0.40363866090774536,217,668.18,58.03454817000001,1.3959696292877197,22100,110500,22099,0.0007
1.0561119318008423,-0.3693859577178955,508,-0.6848441362380981,218,668.18,58.03454817000001,2.352825164794922,22200,111000,22199,0.0007
-2.919745683670044,0.7616957426071167,508,-0.4756981432437897,219,668.18,57.548072860000005,4.106145858764648,22300,111500,22299,0.0007
-0.26310598850250244,0.916006863117218,509,-0.6962717175483704,219,668.18,57.548072860000005,0.32717546820640564,22400,112000,22399,0.0007
-0.0106766726821661,0.9895901083946228,508,-0.845014214515686,221,668.18,57.805838570000006,0.028845855966210365,22500,112500,22499,0.0007
0.17669665813446045,0.9954927563667297,508,-0.6556353569030762,222,656.48,60.44487770999999,0.0984160453081131,22600,113000,22599,0.0007
-0.2533620595932007,0.978551983833313,508,-0.4386315941810608,223,649.66,60.42195686,0.18460869789123535,22700,113500,22699,0.0007
-0.02364426665008068,0.9892849922180176,507,-0.4766024649143219,224,644.52,62.96771775,0.015653114765882492,22800,114000,22799,0.0007
-1.4895778894424438,0.8711206912994385,508,-0.16419395804405212,225,644.52,62.96771775,1.4650628566741943,22900,114500,22899,0.0007
0.02409485913813114,0.950758159160614,508,-0.5200134515762329,225,644.52,63.885540899999995,0.0762220025062561,23000,115000,22999,0.0007
0.6319809556007385,0.9097009897232056,507,-0.4678885340690613,227,640.61,66.59210363,0.7215608358383179,23100,115500,23099,0.0007
4.908148765563965,-3.544257164001465,507,-0.5879414677619934,228,640.61,66.59210363,158.41937255859375,23200,116000,23199,0.0007
-0.1704370677471161,0.8947436809539795,508,-0.5888835191726685,229,637.44,65.89905539,0.5031534433364868,23300,116500,23299,0.0007
0.3534209132194519,-0.030612826347351074,507,-0.18750929832458496,230,637.44,65.89905539,0.16561584174633026,23400,117000,23399,0.0007
-0.18127094209194183,0.830190896987915,506,-0.5421143770217896,231,637.44,66.45145017,0.5545549392700195,23500,117500,23499,0.0007
-7.511012518079951e-05,-0.0012525320053100586,505,-0.06753353774547577,233,637.44,66.45145017,4.349431401351467e-05,23600,118000,23599,0.0007
-0.15014992654323578,0.8883069753646851,505,-0.4959586560726166,234,634.06,62.925445550000006,0.19710329174995422,23700,118500,23699,0.0007
0.00428407546132803,0.9897237420082092,504,-0.573215663433075,235,632.44,60.504894400000005,0.020651597529649734,23800,119000,23799,0.0007
-0.2968229651451111,0.771643340587616,504,-0.39776429533958435,236,630.45,58.30764152999999,0.33502820134162903,23900,119500,23899,0.0007
-2.271399974822998,-0.2569235563278198,505,-0.5194390416145325,237,630.45,58.30764152999999,6.743360996246338,24000,120000,23999,0.0007
-0.13608109951019287,0.7909619808197021,505,-0.5323559045791626,238,637.21,54.76867054999999,0.5590242147445679,24100,120500,24099,0.0007
0.07361622154712677,0.9611807465553284,504,-0.5443432927131653,239,640.14,53.43562063999999,0.09964365512132645,24200,121000,24199,0.0007
0.07392003387212753,0.3552126884460449,504,-0.6367982625961304,240,644.09,52.289384009999985,0.9236990809440613,24300,121500,24299,0.0007
-0.49510377645492554,0.36227715015411377,505,-0.5562237501144409,241,644.09,52.289384009999985,2.993412494659424,24400,122000,24399,0.0007
-0.06802482903003693,-0.19258928298950195,506,-0.2504798471927643,241,649.56,50.72582539,1.702235460281372,24500,122500,24499,0.0007
0.6537083387374878,-0.43566250801086426,507,-0.3837760090827942,242,649.56,50.72582539,10.638628005981445,24600,123000,24599,0.0007
-0.1667904555797577,0.9305827617645264,506,-0.46295803785324097,243,655.47,47.163169429999996,0.20483465492725372,24700,123500,24699,0.0007
0.07959524542093277,0.9786462783813477,507,-0.6332772374153137,244,656.33,43.71341656,0.1340130865573883,24800,124000,24799,0.0007
0.007804492954164743,0.864494800567627,508,-0.20899000763893127,244,656.57,40.982991309999996,0.2861252427101135,24900,124500,24899,0.0007
0.36531394720077515,-4.639035701751709,507,-0.49755042791366577,246,658.63,37.240614799999996,0.9468425512313843,25000,125000,24999,0.0007
-0.19113902747631073,0.9445686936378479,508,-0.5151280164718628,246,661.03,38.39503928999999,0.609432578086853,25100,125500,25099,0.0007
-0.07134577631950378,0.9816757440567017,508,-0.4605964124202728,247,666.65,37.44201588,0.04895231872797012,25200,126000,25199,0.0007
-0.08372840285301208,-0.012763500213623047,509,-0.6715680360794067,248,666.65,37.44201588,0.02741888538002968,25300,126500,25299,0.0007
-0.1602669060230255,0.9098912477493286,510,-0.38471952080726624,248,672.98,37.962660789999994,1.510785460472107,25400,127000,25399,0.0007
-0.0004299202119000256,0.011354327201843262,509,-0.017543304711580276,250,672.98,37.962660789999994,0.04804535210132599,25500,127500,25499,0.0007
0.018469426780939102,-2.0806684494018555,510,-0.14220747351646423,250,677.41,39.24497160000001,5.803284168243408,25600,128000,25599,0.0007
0.01663144677877426,0.9360604882240295,510,-0.35731449723243713,251,677.41,39.24497160000001,0.2056012898683548,25700,128500,25699,0.0007
0.5518635511398315,-0.08621466159820557,510,-0.3390006422996521,252,683.38,36.82781165,1.2535759210586548,25800,129000,25799,0.0007
0.11716508865356445,0.9158950448036194,510,-0.5462406873703003,253,683.38,36.82781165,0.267167329788208,25900,129500,25899,0.0007
-0.21563854813575745,0.8500080108642578,511,-0.3717923164367676,254,685.58,34.55293317,0.36879149079322815,26000,130000,25999,0.0007
0.3690112233161926,0.5936501026153564,512,-0.5018536448478699,254,685.58,34.55293317,1.4634523391723633,26100,130500,26099,0.0007
0.3491693139076233,0.09204500913619995,512,-0.6570636630058289,255,683.11,36.72496803999999,0.9845906496047974,26200,131000,26199,0.0007
1.706725379335694e-05,-0.019623994827270508,512,-0.001062547555193305,256,681.06,39.046217850000005,0.039882950484752655,26300,131500,26299,0.0007
-0.2673562467098236,0.8404176831245422,512,-0.37640032172203064,257,681.06,39.046217850000005,0.3411843180656433,26400,132000,26399,0.0007
-0.2843058705329895,0.8032711148262024,511,-0.4852946400642395,258,679.51,41.63111555,1.0682287216186523,26500,132500,26499,0.0007
-0.2913817763328552,0.7389293909072876,512,-0.5784740447998047,259,679.51,41.63111555,0.6466462016105652,26600,133000,26599,0.0007
-1.0021995306015015,0.9076296091079712,512,-0.5225107669830322,260,682.72,38.70886497000001,1.507299780845642,26700,133500,26699,0.0007
-0.1791258603334427,0.5891250371932983,512,-0.15230542421340942,261,682.72,38.70886497000001,0.5692344307899475,26800,134000,26799,0.0007
1.1514190435409546,0.2423725128173828,512,-0.4120142459869385,262,682.72,39.257751449999994,4.722487449645996,26900,134500,26899,0.0007
0.4945661127567291,-0.30604875087738037,512,-0.49581965804100037,263,682.72,39.257751449999994,1.4212090969085693,27000,135000,26999,0.0007
0.2704523801803589,0.6480812430381775,513,-0.7094048261642456,263,682.72,39.411464890000005,0.42191725969314575,27100,135500,27099,0.0007
-0.09925249218940735,0.725169837474823,514,-0.17829538881778717,264,678.7,41.78336008,0.8166211843490601,27200,136000,27199,0.0007
0.2145666778087616,0.8793720006942749,514,-0.8990419507026672,265,671.95,41.621540800000005,0.5714222192764282,27300,136500,27299,0.0007
-1.6283962726593018,0.7230060696601868,515,-0.43284162878990173,265,666.41,43.47533386,4.341912269592285,27400,137000,27399,0.0007
-0.31298190355300903,0.8170021772384644,515,-0.87018221616745,266,665.21,40.93062233,0.22752146422863007,27500,137500,27499,0.0007
0.18070074915885925,0.8871201276779175,515,-0.8673826456069946,267,665.74,40.619320939999994,0.3181147575378418,27600,138000,27599,0.0007
1.0021131038665771,0.9678998589515686,516,-0.6406933069229126,268,665.74,40.619320939999994,1.4481247663497925,27700,138500,27699,0.0007
0.39210766553878784,0.8730833530426025,517,-0.554668128490448,268,664.59,40.78429662,2.3094043731689453,27800,139000,27799,0.0007
0.12339083850383759,0.9459704756736755,518,-0.3019009828567505,269,660.37,42.21530577000001,1.3988598585128784,27900,139500,27899,0.0007
-0.038218993693590164,0.6032266020774841,518,-0.672076404094696,269,656.65,42.1255509,0.3586058020591736,28000,140000,27999,0.0007
0.15161308646202087,0.47193706035614014,517,-0.5069361925125122,271,656.65,42.1255509,0.2215820997953415,28100,140500,28099,0.0007
0.4782988429069519,0.9175630211830139,517,-0.7776122689247131,272,656.65,41.83062908000001,0.7498494386672974,28200,141000,28199,0.0007
0.717772364616394,0.6413769721984863,516,-0.6533917784690857,273,656.65,41.83062908000001,2.3864779472351074,28300,141500,28299,0.0007
0.08806543052196503,0.9433333873748779,515,-0.47847801446914673,275,656.65,42.173657330000005,0.18630404770374298,28400,142000,28399,0.0007
0.3980233073234558,0.9373288750648499,515,-0.4667956233024597,276,655.66,38.96043842000001,0.3853073716163635,28500,142500,28499,0.0007
1.1938581466674805,0.572559118270874,514,-0.6919434070587158,277,649.01,37.98556601000001,2.0811872482299805,28600,143000,28599,0.0007
0.21982240676879883,0.10542237758636475,514,-0.6971580982208252,279,643.32,35.769590199999996,0.7443343997001648,28700,143500,28699,0.0007
-0.5028678178787231,0.747856616973877,513,-0.27016782760620117,280,643.26,35.74474111,3.0192551612854004,28800,144000,28799,0.0007
0.0001297680864809081,-0.4040651321411133,512,-0.003160924417898059,281,643.26,35.74474111,0.14253494143486023,28900,144500,28899,0.0007
0.25866881012916565,0.7163348197937012,512,-0.829835057258606,283,647.95,36.99567365,0.4893714487552643,29000,145000,28999,0.0007
0.008979584090411663,-0.12062811851501465,511,-0.2575840651988983,284,647.95,36.99567365,1.1031959056854248,29100,145500,29099,0.0007
0.47636547684669495,-0.3367365598678589,510,-0.6850626468658447,285,654.85,34.66214078,4.781477928161621,29200,146000,29199,0.0007
-0.07488976418972015,-0.15443897247314453,509,-0.4941788613796234,287,654.85,34.66214078,3.508197784423828,29300,146500,29299,0.0007
-0.6085624098777771,-0.08243846893310547,509,-0.6283849477767944,288,661.82,31.164946840000006,1.6740694046020508,29400,147000,29399,0.0007
-0.46409326791763306,0.7572324275970459,509,-0.17982932925224304,289,663.09,27.77995067,1.907139539718628,29500,147500,29499,0.0007
-0.12154437601566315,0.5223024487495422,510,-0.5563609600067139,289,661.21,24.505636669999998,1.5275688171386719,29600,148000,29599,0.0007
-0.05939215421676636,0.20865249633789062,509,-0.4286431670188904,291,658.26,23.29847973,0.8779569864273071,29700,148500,29699,0.0007
-0.4237360954284668,0.45349347591400146,510,-0.6505531072616577,291,658.26,23.29847973,2.0499625205993652,29800,149000,29799,0.0007
0.43510884046554565,0.5488979816436768,511,-0.2676989436149597,292,658.26,22.511886710000002,11.465028762817383,29900,149500,29899,0.0007
-0.09021223336458206,0.4185149073600769,511,-0.4964456558227539,293,658.26,22.511886710000002,1.7298614978790283,30000,150000,29999,0.0007
-0.6288140416145325,-0.21082890033721924,512,-0.486002117395401,293,658.26,21.935749740000006,0.8857465982437134,30100,150500,30099,0.0007
-1.100401520729065,0.31096452474594116,512,-0.4963440001010895,294,658.26,21.935749740000006,4.7976813316345215,30200,151000,30199,0.0007
0.6502556800842285,-0.2538492679595947,512,-0.6052282452583313,295,658.26,21.65621412,1.6796890497207642,30300,151500,30299,0.0007
-0.5975886583328247,0.6646886467933655,511,-0.4231289327144623,297,658.26,21.65621412,1.1811411380767822,30400,152000,30399,0.0007
0.5589535236358643,0.3825622797012329,512,-0.32632192969322205,297,659.2,21.544617439999993,0.8768182992935181,30500,152500,30499,0.0007
-0.27537399530410767,0.6256158351898193,512,-0.6914549469947815,298,659.2,21.544617439999993,0.5135735273361206,30600,153000,30599,0.0007
0.2684805393218994,0.39359045028686523,513,-0.5903167128562927,299,663.01,18.596377909999998,1.489466667175293,30700,153500,30699,0.0007
0.1933840960264206,0.9596288800239563,513,-0.5104365944862366,299,663.01,18.596377909999998,0.15273866057395935,30800,154000,30799,0.0007
0.0128356097266078,-0.9098182916641235,514,-0.2269039899110794,300,668.22,19.14206497,2.7131004333496094,30900,154500,30899,0.0007
0.03343840688467026,-0.6422691345214844,515,-0.3812319338321686,300,668.22,19.14206497,0.974801242351532,31000,155000,30999,0.0007
-1.228933572769165,0.8533611297607422,515,-0.5933418273925781,301,673.4,16.7768628,7.274043083190918,31100,155500,31099,0.0007
-0.07003168761730194,0.9704937934875488,516,-0.7199620008468628,302,672.9,13.297587179999995,0.04923173785209656,31200,156000,31199,0.0007
0.0952681452035904,-2.7042431831359863,517,-0.4846112132072449,302,672.9,13.297587179999995,1.4518591165542603,31300,156500,31299,0.0007
0.12427859008312225,0.15234994888305664,517,-0.633517324924469,303,678.93,10.435190629999997,0.6131950616836548,31400,157000,31399,0.0007
0.493632972240448,0.07793086767196655,518,-0.6925640106201172,303,678.93,10.435190629999997,0.808090090751648,31500,157500,31499,0.0007
0.014948958531022072,0.12204015254974365,518,-0.7219484448432922,304,685.55,7.189751889999999,1.7470144033432007,31600,158000,31599,0.0007
-0.37086087465286255,-0.17948663234710693,519,-0.5625038743019104,305,685.55,7.189751889999999,6.879965782165527,31700,158500,31699,0.0007
1.1431143283843994,-0.8479669094085693,519,-0.617741584777832,305,691.25,2.513953700000002,5.80092191696167,31800,159000,31799,0.0007
0.8520494699478149,0.9523662328720093,520,-0.29725784063339233,306,691.25,2.513953700000002,0.2979618310928345,31900,159500,31899,0.0007
-0.7927290201187134,-0.3111468553543091,521,-0.5908847451210022,307,697.61,2.1843307300000006,2.300090789794922,32000,160000,31999,0.0007
-0.16552002727985382,0.8580281734466553,521,-0.6542031168937683,307,697.61,2.1843307300000006,0.1898212730884552,32100,160500,32099,0.0007
-0.541373074054718,0.38511645793914795,522,-0.4469621777534485,308,702.94,-0.9261108699999996,3.781618595123291,32200,161000,32199,0.0007
-1.4960426092147827,0.40691936016082764,522,-0.370057612657547,308,702.94,-0.9261108699999996,3.9565398693084717,32300,161500,32299,0.0007
-0.03803063556551933,0.6143913269042969,522,-0.826065182685852,310,707.63,-4.089867119999999,0.301592618227005,32400,162000,32399,0.0007
-0.10691549628973007,0.9753450751304626,522,-0.41048747301101685,310,707.63,-4.089867119999999,0.4881401062011719,32500,162500,32499,0.0007
-0.7577484846115112,0.602643609046936,522,-0.4480009078979492,312,713.69,-4.248921789999997,0.6521016955375671,32600,163000,32599,0.0007
0.5667489767074585,0.35056155920028687,522,-0.2960204482078552,312,713.69,-4.248921789999997,1.9328477382659912,32700,163500,32699,0.0007
0.070097416639328,0.07451832294464111,523,-0.422304630279541,313,716.03,-6.257756459999999,1.814544916152954,32800,164000,32799,0.0007
0.006579509470611811,0.9602748155593872,523,-0.5591503977775574,314,716.03,-6.257756459999999,0.10303809493780136,32900,164500,32899,0.0007
0.10016210377216339,0.7938889265060425,523,-0.5143705606460571,315,719.39,-8.73642999,0.33474597334861755,33000,165000,32999,0.0007
-0.13309209048748016,0.9100695848464966,523,-0.3785955309867859,316,718.35,-11.901141929999996,0.27406617999076843,33100,165500,33099,0.0007
0.02568182721734047,0.2620896100997925,524,-0.09452936053276062,316,718.35,-11.901141929999996,3.3408007621765137,33200,166000,33199,0.0007
-1.655694603919983,-0.24855709075927734,524,-0.8523159027099609,317,723.43,-15.06547673,5.476496696472168,33300,166500,33299,0.0007
-0.29452988505363464,0.7131814956665039,524,-0.36799299716949463,318,723.43,-15.06547673,3.6025688648223877,33400,167000,33399,0.0007
-0.3918699026107788,-0.011254310607910156,523,-0.44214901328086853,319,731.31,-15.15233735,5.939633369445801,33500,167500,33499,0.0007
0.019224047660827637,0.8004591464996338,522,-0.084261953830719,321,731.31,-15.15233735,2.991163969039917,33600,168000,33599,0.0007
2.2122035026550293,0.10039550065994263,522,-0.6783629655838013,322,735.9,-18.759009980000002,6.899441719055176,33700,168500,33699,0.0007
0.007865335792303085,0.9331032037734985,521,-0.31948137283325195,323,735.9,-18.759009980000002,0.2113819569349289,33800,169000,33799,0.0007
-0.6877753138542175,-0.3393235206604004,521,-0.5723352432250977,325,742.76,-19.304428670000004,1.6832548379898071,33900,169500,33899,0.0007
-0.05637294054031372,-0.1572049856185913,520,-0.6470640897750854,326,742.76,-19.304428670000004,0.17238165438175201,34000,170000,33999,0.0007
0.03165509179234505,0.9991321563720703,519,-0.5482502579689026,327,750.22,-19.534644450000005,0.012950274161994457,34100,170500,34099,0.0007
0.5090090036392212,-0.9471745491027832,519,-0.374124675989151,329,755.63,-20.460513830000004,4.184347152709961,34200,171000,34199,0.0007
0.9673274159431458,0.5502403974533081,519,-0.4820147156715393,329,755.63,-20.460513830000004,0.8374810218811035,34300,171500,34299,0.0007
0.14897878468036652,-1.1071012020111084,520,-0.28858205676078796,330,759.81,-24.020744450000006,3.2222447395324707,34400,172000,34399,0.0007
0.01630439981818199,0.6802448034286499,520,-0.19598117470741272,331,752.3,-26.793561370000003,0.2928580939769745,34500,172500,34499,0.0007
1.0341784954071045,-0.8282843828201294,519,-0.6858853101730347,333,752.3,-26.793561370000003,11.464895248413086,34600,173000,34599,0.0007
-2.112048387527466,-0.8805705308914185,518,-0.9329363107681274,334,757.04,-29.226604130000005,5.23322057723999,34700,173500,34699,0.0007
1.3725210428237915,-1.4868669509887695,518,-0.34404826164245605,335,757.09,-32.718471130000005,1.3772478103637695,34800,174000,34799,0.0007
0.18750232458114624,0.775382936000824,518,-0.44563907384872437,336,757.09,-32.718471130000005,1.5892002582550049,34900,174500,34899,0.0007
0.04802633076906204,0.9591031670570374,519,-0.5131257772445679,336,757.09,-32.7654042,0.114659883081913,35000,175000,34999,0.0007
-0.2227933704853058,0.8677054643630981,518,-0.322885662317276,338,757.09,-32.7654042,0.33344078063964844,35100,175500,35099,0.0007
-0.4565517008304596,0.033052802085876465,518,-0.8181450963020325,339,757.09,-32.39326017,2.5613603591918945,35200,176000,35199,0.0007
0.0642586499452591,0.38064587116241455,518,-0.5088250637054443,340,757.09,-32.39326017,0.9931842684745789,35300,176500,35299,0.0007
-0.10474902391433716,0.3819742202758789,519,-0.42382878065109253,340,756.36,-36.21794249,0.35778704285621643,35400,177000,35399,0.0007
0.8212321400642395,0.0614321231842041,519,-0.27625465393066406,341,750.23,-36.9604666,3.369607448577881,35500,177500,35499,0.0007
0.23402634263038635,0.9370671510696411,520,-0.3091878294944763,342,750.23,-36.9604666,2.173776149749756,35600,178000,35599,0.0007
0.11330543458461761,-5.242190837860107,519,-0.4704269468784332,343,750.23,-35.86264182,0.8034502863883972,35700,178500,35699,0.0007
-0.0922224149107933,-1.3257806301116943,518,-0.451894611120224,344,750.23,-35.86264182,3.4602608680725098,35800,179000,35799,0.0007
0.9354287981987,-0.033797621726989746,518,-0.5498979687690735,346,750.23,-36.14658841000001,3.0433270931243896,35900,179500,35899,0.0007
0.4758020043373108,0.9864026308059692,518,-0.39068761467933655,346,750.23,-36.14658841000001,0.42956870794296265,36000,180000,35999,0.0007
-0.4811566472053528,0.5065780878067017,519,-0.7390197515487671,347,750.22,-33.97215038,2.1754655838012695,36100,180500,36099,0.0007
0.006044515874236822,0.9966338276863098,519,-0.4572013020515442,348,747.48,-33.741734570000006,0.00648707989603281,36200,181000,36199,0.0007
0.23918664455413818,0.17853301763534546,518,-0.6994191408157349,350,747.48,-33.741734570000006,0.6018440127372742,36300,181500,36299,0.0007
0.5930793881416321,0.16107457876205444,518,-0.3397539258003235,350,753.41,-34.033168120000006,2.741788387298584,36400,182000,36399,0.0007
-0.26075276732444763,0.5890220403671265,519,-0.6405025720596313,351,753.41,-34.033168120000006,0.18569503724575043,36500,182500,36499,0.0007
-1.33414626121521,0.3212854266166687,520,-0.5622228384017944,351,758.11,-37.25538266,6.403780460357666,36600,183000,36599,0.0007
-0.32943180203437805,-0.13771629333496094,520,-0.4113233685493469,352,754.36,-39.28201585,7.685850620269775,36700,183500,36699,0.0007
0.10167752206325531,-0.23380720615386963,521,-0.2987136244773865,353,754.36,-39.28201585,2.2938151359558105,36800,184000,36799,0.0007
0.15249869227409363,0.9553577303886414,521,-0.10278479754924774,353,760.01,-39.63731072,0.23881879448890686,36900,184500,36899,0.0007
0.014438184909522533,0.7989411950111389,522,-0.4015628695487976,354,760.01,-39.63731072,0.49945560097694397,37000,185000,36999,0.0007
-0.391427218914032,-0.11690163612365723,522,-0.5711966753005981,354,763.56,-39.5665278,1.155395746231079,37100,185500,37099,0.0007
0.0008908783784136176,-1.0493736267089844,522,-0.003637718502432108,356,748.67,-42.42721407,8.495796203613281,37200,186000,37199,0.0007
0.5353764891624451,0.3416343331336975,522,-0.6454088091850281,357,740.61,-44.17647411000001,2.8238747119903564,37300,186500,37299,0.0007
0.00010204812133451924,0.2931881546974182,521,-0.0011072119232267141,358,737.56,-47.80833318999999,24.679523468017578,37400,187000,37399,0.0007
0.2908207178115845,0.6315994262695312,522,-0.4164774417877197,359,736.37,-51.029157,0.6516259908676147,37500,187500,37499,0.0007
-0.1558314859867096,0.08636772632598877,522,-0.2799679636955261,359,725.04,-55.442334640000006,1.2062022686004639,37600,188000,37599,0.0007
-0.6175179481506348,-0.17700815200805664,522,-0.5025557279586792,360,722.07,-55.80045002000001,10.858442306518555,37700,188500,37699,0.0007
0.06666906923055649,0.9582127332687378,523,-0.23074011504650116,361,719.64,-57.63279143,0.49033746123313904,37800,189000,37799,0.0007
0.21331889927387238,0.17033755779266357,523,-0.6024898290634155,361,719.64,-57.63279143,2.1166069507598877,37900,189500,37899,0.0007
-0.7202098369598389,0.1103101372718811,522,-0.3427775204181671,363,719.64,-58.74557016000001,11.205771446228027,38000,190000,37999,0.0007
-0.08647775650024414,0.885801374912262,522,-0.3501625061035156,364,719.64,-58.74557016000001,0.16656289994716644,38100,190500,38099,0.0007
0.08250100165605545,0.521612286567688,522,-0.27219560742378235,365,718.44,-61.94220078,0.5318421721458435,38200,191000,38199,0.0007
1.1410413980484009,0.82874995470047,522,-0.5543977618217468,366,718.44,-61.94220078,2.507047653198242,38300,191500,38299,0.0007
-0.08073215186595917,0.8400654792785645,523,-0.37458592653274536,366,718.44,-61.82400391,0.35611703991889954,38400,192000,38399,0.0007
-0.8252795338630676,-0.07183432579040527,522,-0.13188797235488892,368,714.74,-65.23891807,2.735048294067383,38500,192500,38499,0.0007
-0.49396103620529175,0.3051005005836487,522,-0.7590590119361877,369,714.74,-65.23891807,0.713109016418457,38600,193000,38599,0.0007
-0.5225561857223511,0.514251708984375,521,-0.5167050361633301,371,717.87,-67.2266389,3.2405102252960205,38700,193500,38699,0.0007
-0.15646983683109283,0.7447726726531982,521,-0.3718852400779724,371,705.73,-69.47640743000001,1.231574535369873,38800,194000,38799,0.0007
0.1277574598789215,-1.4207184314727783,521,-0.21983757615089417,373,705.73,-69.47640743000001,1.0134881734848022,38900,194500,38899,0.0007
0.547237753868103,0.6052969694137573,520,-0.6902877688407898,374,709.95,-70.85108670000001,1.0016720294952393,39000,195000,38999,0.0007
0.03466620296239853,0.6722618341445923,521,-0.10054490715265274,375,708.13,-72.49802264,2.3940014839172363,39100,195500,39099,0.0007
0.43291863799095154,-0.02091503143310547,521,-0.44411516189575195,375,708.13,-72.49802264,6.7255859375,39200,196000,39199,0.0007
-0.2625111937522888,0.8703181743621826,520,-0.33017048239707947,377,711.56,-73.71261048000001,0.6049479246139526,39300,196500,39299,0.0007
-0.6023797988891602,0.4681440591812134,521,-0.5424705743789673,377,711.56,-73.71261048000001,2.842721700668335,39400,197000,39399,0.0007
0.3261498510837555,0.3050937056541443,520,-0.7270854115486145,379,705.37,-78.3837036,0.7064495086669922,39500,197500,39499,0.0007
-29.32010269165039,0.7389730215072632,520,-0.5249010324478149,380,704.0,-82.05561194,3109.476806640625,39600,198000,39599,0.0007
-1.562000036239624,0.955432653427124,520,-0.034623876214027405,381,695.15,-83.94552547000004,1.7469475269317627,39700,198500,39699,0.0007
0.017032772302627563,0.45707207918167114,520,-0.2769119143486023,382,695.15,-83.94552547000004,0.9073584675788879,39800,199000,39799,0.0007
0.6119096875190735,0.05336803197860718,519,-0.3438294529914856,383,693.25,-85.23922841000004,5.911714553833008,39900,199500,39899,0.0007
0.25561851263046265,-1.261747121810913,519,-0.3784443736076355,384,688.41,-87.93320222000003,1.9456638097763062,40000,200000,39999,0.0007
0.12701386213302612,0.18024760484695435,519,-0.4052833616733551,386,687.84,-90.48609326000003,0.5893675088882446,40100,200500,40099,0.0007
-0.564029335975647,0.9786418676376343,519,-0.4715806841850281,386,674.34,-93.94107592,0.8906534314155579,40200,201000,40199,0.0007
0.23937642574310303,-0.6367485523223877,519,-0.3480773866176605,388,674.34,-93.94107592,1.198441982269287,40300,201500,40299,0.0007
-0.1161142960190773,0.37619853019714355,519,-0.5090356469154358,388,665.94,-94.53086013000001,0.3448004722595215,40400,202000,40399,0.0007
-0.38286080956459045,0.4067533016204834,518,-0.37638574838638306,390,661.83,-97.1257669,1.8169934749603271,40500,202500,40499,0.0007
0.42067041993141174,0.9331236481666565,519,-0.30582231283187866,390,662.93,-96.96768196,0.4209975302219391,40600,203000,40599,0.0007
-0.2914324104785919,0.9387041926383972,519,-0.45291581749916077,391,662.93,-96.96768196,0.16265474259853363,40700,203500,40699,0.0007
1.1035691499710083,-0.030981898307800293,520,-0.29288890957832336,392,667.65,-100.44910025000001,7.957073211669922,40800,204000,40799,0.0007
-0.06804978102445602,0.9679146409034729,520,-0.4228459894657135,392,662.84,-103.20568623999999,0.08888164907693863,40900,204500,40899,0.0007
-0.05303315073251724,0.8512647151947021,520,-0.28928953409194946,393,661.43,-103.04082960000001,0.3055635094642639,41000,205000,40999,0.0007
0.06409592926502228,0.6628260612487793,520,-0.4889790117740631,394,661.43,-103.04082960000001,0.7459657192230225,41100,205500,41099,0.0007
-0.1278560757637024,-0.33189618587493896,521,-0.2910582423210144,395,665.65,-105.37195226,2.705125570297241,41200,206000,41199,0.0007
-0.9001657366752625,-0.43465399742126465,521,-0.8070926666259766,395,654.52,-106.01007074,1.4649498462677002,41300,206500,41299,0.0007
-0.12664642930030823,0.631791889667511,521,-0.3754614591598511,397,641.44,-107.21314373,0.8680456876754761,41400,207000,41399,0.0007
0.3162168860435486,-0.25829946994781494,521,-0.38767385482788086,397,641.44,-107.21314373,1.024754524230957,41500,207500,41499,0.0007
0.3957964777946472,0.875927209854126,522,-0.28801366686820984,398,648.49,-106.34820842999997,0.4658200740814209,41600,208000,41599,0.0007
-0.04358219355344772,-0.14648008346557617,521,-0.6335520148277283,399,643.95,-109.4998964,0.17126572132110596,41700,208500,41699,0.0007
-0.005301120691001415,0.8283783793449402,522,-0.3851448893547058,400,643.95,-109.4998964,1.4684410095214844,41800,209000,41799,0.0007
-0.23605528473854065,0.7801113128662109,522,-0.4365921914577484,400,645.96,-111.33337318999999,1.0049808025360107,41900,209500,41899,0.0007
0.48540791869163513,-2.2874481678009033,522,-0.4833258092403412,401,651.39,-112.12748537999998,5.770400524139404,42000,210000,41999,0.0007
0.16296455264091492,0.8539876937866211,523,-0.5751329064369202,402,646.26,-111.37614758999999,1.1196439266204834,42100,210500,42099,0.0007
0.7941068410873413,-0.4163644313812256,523,-0.39151138067245483,402,646.26,-111.37614758999999,12.966461181640625,42200,211000,42199,0.0007
0.08764772862195969,0.7431551218032837,523,-0.22401170432567596,404,645.76,-111.88496521,2.39144229888916,42300,211500,42299,0.0007
0.3046877980232239,0.5152304172515869,522,-0.4214088022708893,405,645.76,-111.88496521,0.5603567361831665,42400,212000,42399,0.0007
-0.19089503586292267,0.943698525428772,522,-0.3992970585823059,406,650.81,-111.40781138,0.05963655188679695,42500,212500,42499,0.0007
0.05274733155965805,0.8181902170181274,522,-0.3322911858558655,407,648.7,-111.29384787999999,0.144182950258255,42600,213000,42599,0.0007
0.6201710104942322,0.15548157691955566,522,-0.4321466386318207,408,647.19,-110.56038186999999,2.3864431381225586,42700,213500,42699,0.0007
0.15606428682804108,0.90340256690979,522,-0.35498300194740295,409,644.15,-108.24083035,0.4606953561306,42800,214000,42799,0.0007
0.10137113183736801,-0.661662220954895,521,-0.32050395011901855,410,644.15,-108.24083035,0.6200096011161804,42900,214500,42899,0.0007
0.028982097283005714,-0.03409528732299805,522,-0.239249587059021,411,642.55,-108.09378806999999,1.2243578433990479,43000,215000,42999,0.0007
-0.003912441898137331,0.9669857621192932,522,-0.4234439432621002,412,642.55,-108.09378806999999,0.0324418880045414,43100,215500,43099,0.0007
0.5043810606002808,0.39851248264312744,523,-0.12600186467170715,412,642.53,-109.33753236000001,3.4426674842834473,43200,216000,43199,0.0007
-0.06889273226261139,0.975554883480072,523,-0.2731780707836151,413,628.68,-109.56307378,0.09343860298395157,43300,216500,43299,0.0007
-0.23969046771526337,-0.3968545198440552,522,-0.45201969146728516,414,628.68,-109.56307378,3.2538254261016846,43400,217000,43399,0.0007
0.17821361124515533,0.7125399112701416,523,-0.3005760610103607,415,626.84,-109.05461926,1.2907843589782715,43500,217500,43499,0.0007
-0.11406278610229492,0.898465633392334,523,-0.32442647218704224,416,626.84,-109.05461926,0.2739773392677307,43600,218000,43599,0.0007
-0.06788374483585358,0.4198238253593445,524,-0.2080504447221756,416,626.84,-109.92714195,1.3589155673980713,43700,218500,43699,0.0007
0.501130223274231,0.5762680768966675,524,-0.5609686374664307,417,627.93,-110.34374398000001,1.9567207098007202,43800,219000,43799,0.0007
-0.2962927222251892,0.7053253650665283,524,-0.4718593955039978,418,627.93,-110.34374398000001,0.4746069014072418,43900,219500,43899,0.0007
0.7711015939712524,-4.723002910614014,525,-0.1875200718641281,418,627.93,-110.35593348000002,1.4190117120742798,44000,220000,43999,0.0007
0.22793975472450256,0.07236534357070923,525,-0.44680461287498474,419,625.72,-111.84036716000003,4.43491792678833,44100,220500,44099,0.0007
-1.0531251430511475,0.20548570156097412,526,-0.4777912199497223,420,625.72,-111.84036716000003,1.3631378412246704,44200,221000,44199,0.0007
-0.21028566360473633,-1.6857655048370361,525,-0.5665239095687866,421,624.12,-111.84798859000003,2.1819329261779785,44300,221500,44299,0.0007
-0.1332077533006668,0.8087967038154602,526,-0.4528997838497162,421,616.39,-112.36807754000002,0.987139105796814,44400,222000,44399,0.0007
0.059934891760349274,0.51006680727005,525,-0.210836261510849,423,604.08,-112.35237380000001,1.4122930765151978,44500,222500,44499,0.0007
0.2180085927248001,0.4943315386772156,526,-0.19786691665649414,423,590.87,-114.51430748000001,1.2748773097991943,44600,223000,44599,0.0007
0.12296190112829208,0.4230332374572754,526,-0.6557985544204712,424,581.11,-115.40083539999999,1.1953109502792358,44700,223500,44699,0.0007
-0.5859225988388062,0.6083366870880127,526,-0.6601709127426147,425,567.22,-116.06767953999999,1.7658888101577759,44800,224000,44799,0.0007
0.020021334290504456,0.7997788190841675,527,-0.41393399238586426,425,560.25,-115.56457185999997,0.2068583220243454,44900,224500,44899,0.0007
0.37736791372299194,0.4767722487449646,527,-0.34036311507225037,426,560.25,-115.56457185999997,0.8794006109237671,45000,225000,44999,0.0007
0.02076832205057144,0.10248303413391113,528,-0.19618937373161316,426,552.42,-115.39263795999999,1.9211126565933228,45100,225500,45099,0.0007
0.15024614334106445,0.5550334453582764,528,-0.2685231566429138,427,537.44,-115.09586426000001,1.7158836126327515,45200,226000,45199,0.0007
-0.9934607744216919,0.3023172616958618,529,-0.3569405674934387,428,529.42,-115.64068911000003,19.160112380981445,45300,226500,45299,0.0007
-0.2865150570869446,0.8157258033752441,529,-0.44425076246261597,428,529.42,-115.64068911000003,0.34323954582214355,45400,227000,45399,0.0007
-0.19710099697113037,-0.7772897481918335,529,-0.24424414336681366,429,535.83,-115.13792068,4.450507640838623,45500,227500,45499,0.0007
0.23561568558216095,0.9516196846961975,529,-0.430521160364151,430,535.83,-115.13792068,0.8435320854187012,45600,228000,45599,0.0007
-0.01911076530814171,0.9241073727607727,528,-0.1139083132147789,432,528.13,-115.64709623,0.5072404146194458,45700,228500,45699,0.0007
-0.6450818777084351,0.48972874879837036,529,-0.42834848165512085,432,528.13,-115.64709623,1.721312165260315,45800,229000,45799,0.0007
-0.06420663744211197,0.8938591480255127,529,-0.24994583427906036,433,528.13,-114.99929448,0.585387110710144,45900,229500,45899,0.0007
-0.16302470862865448,0.9085618257522583,528,-0.5345619916915894,434,528.13,-114.99929448,0.23961830139160156,46000,230000,45999,0.0007
-0.030767207965254784,-0.14941740036010742,528,-0.3462618887424469,436,534.93,-113.77572149,0.664575457572937,46100,230500,46099,0.0007
0.01599380373954773,0.6505922675132751,528,-0.30251818895339966,437,526.61,-114.14085115999998,0.5940921306610107,46200,231000,46199,0.0007
-0.01586247980594635,-0.14450335502624512,528,-0.24125690758228302,437,506.28,-116.09539181999999,1.1651465892791748,46300,231500,46299,0.0007
0.14666840434074402,0.7006012201309204,529,-0.12329830229282379,438,498.46,-116.33368492,3.7336432933807373,46400,232000,46399,0.0007
0.48429831862449646,0.19152814149856567,528,-0.5614615678787231,439,498.46,-116.33368492,0.6087616682052612,46500,232500,46499,0.0007
-0.007549355272203684,0.9124126434326172,528,-0.31245917081832886,440,498.46,-115.55881074000001,0.2631581723690033,46600,233000,46599,0.0007
0.5188065767288208,0.9253572821617126,528,-0.36821573972702026,442,498.46,-115.55881074000001,2.3499810695648193,46700,233500,46699,0.0007
0.04686487466096878,-0.6444883346557617,528,-0.42539334297180176,442,493.63,-114.17069219999999,0.788219153881073,46800,234000,46799,0.0007
-1.697800874710083,-1.7608823776245117,528,-0.0016366196796298027,443,487.59,-116.82343598999998,0.652907133102417,46900,234500,46899,0.0007
-0.019878746941685677,0.8366497755050659,529,-0.29790326952934265,444,488.55,-116.16115776999999,0.4503101408481598,47000,235000,46999,0.0007
-0.4012894630432129,0.9561454653739929,528,-0.5142812728881836,445,488.55,-116.16115776999999,0.2132207155227661,47100,235500,47099,0.0007
-0.6554441452026367,-0.07251417636871338,528,-0.43590182065963745,446,496.61,-115.35143948000001,1.0686824321746826,47200,236000,47199,0.0007
-0.10778415203094482,0.9234033823013306,528,-0.3279690146446228,447,493.43,-115.32540806000002,0.39950692653656006,47300,236500,47299,0.0007
-0.5417147874832153,-0.4122387170791626,528,-0.11434924602508545,448,498.87,-113.28995866,1.8418359756469727,47400,237000,47399,0.0007
0.08755253255367279,-0.5484675168991089,529,-0.4345969557762146,448,498.87,-113.28995866,1.4332191944122314,47500,237500,47499,0.0007
0.9218834042549133,-0.19525456428527832,529,-0.406503289937973,449,504.84,-114.41734303999998,1.961369276046753,47600,238000,47599,0.0007
-0.16766902804374695,0.4006679058074951,528,-0.2820813059806824,450,502.22,-113.65809795999998,2.4631481170654297,47700,238500,47699,0.0007
0.28671687841415405,0.6539374589920044,528,-0.4187048077583313,451,496.54,-113.06704044999998,2.022273063659668,47800,239000,47799,0.0007
-0.024744072929024696,0.9137492775917053,528,-0.42892009019851685,452,489.4,-112.99934798999999,0.03571435064077377,47900,239500,47899,0.0007
0.08133108913898468,0.5518008470535278,528,-0.4671524167060852,454,490.28,-113.41776927999999,1.1502048969268799,48000,240000,47999,0.0007
0.5261904001235962,0.2872273921966553,526,-0.29826027154922485,457,490.28,-113.41776927999999,7.263001918792725,48100,240500,48099,0.0007
-0.10781657695770264,0.8616217970848083,526,-0.2528185248374939,458,498.11,-113.13224150999997,0.1573079526424408,48200,241000,48199,0.0007
-0.11683754622936249,0.840672492980957,526,-0.3188387453556061,459,498.11,-113.13224150999997,0.5902122855186462,48300,241500,48299,0.0007
0.1525525599718094,-0.18666791915893555,525,-0.30671465396881104,460,498.11,-113.62182488999997,1.0155589580535889,48400,242000,48399,0.0007
0.38963502645492554,0.637755274772644,524,-0.40400776267051697,461,498.11,-113.62182488999997,0.7222674489021301,48500,242500,48499,0.0007
0.09931996464729309,0.8487616777420044,524,-0.37267836928367615,463,505.15,-112.02847824999999,0.3904179632663727,48600,243000,48599,0.0007
0.14990785717964172,0.9130833745002747,523,-0.28713759779930115,464,505.15,-112.02847824999999,0.8233613967895508,48700,243500,48699,0.0007
0.28692859411239624,-1.3893277645111084,524,-0.2780015468597412,465,504.69,-110.62934979000002,3.761340618133545,48800,244000,48799,0.0007
0.0765608698129654,0.7449377775192261,524,-0.4665803015232086,466,504.35,-110.4682031,0.39683523774147034,48900,244500,48899,0.0007
-0.10806699097156525,-0.6009677648544312,524,-0.40399184823036194,466,504.35,-110.4682031,12.121310234069824,49000,245000,48999,0.0007
0.08815687894821167,-0.5654771327972412,525,-0.13705900311470032,467,504.17,-110.59912101,19.050134658813477,49100,245500,49099,0.0007
-0.1556730717420578,0.7026543617248535,525,-0.46363919973373413,468,504.17,-110.59912101,0.3213177025318146,49200,246000,49199,0.0007
1.1419703960418701,-1.3640987873077393,525,-0.32888263463974,468,503.13,-111.61377707,2.0405306816101074,49300,246500,49299,0.0007
-0.3660179376602173,0.9635561108589172,526,-0.3156609833240509,469,503.13,-111.61377707,1.0869938135147095,49400,247000,49399,0.0007
-0.9320639371871948,0.8421536087989807,526,-0.309455007314682,470,503.13,-111.55349754999999,2.2327191829681396,49500,247500,49499,0.0007
0.0016117228660732508,0.9770215153694153,525,-0.019372668117284775,471,499.17,-110.43414012000001,0.4124704897403717,49600,248000,49599,0.0007
-0.05293181538581848,0.871529221534729,525,-0.40207648277282715,473,499.17,-110.43414012000001,0.08869031816720963,49700,248500,49699,0.0007
0.34879982471466064,0.8873727917671204,525,-0.20086917281150818,473,506.13,-111.38757839,3.492332935333252,49800,249000,49799,0.0007
-0.02678859233856201,0.16093826293945312,525,-0.1844892054796219,475,501.45,-110.78906744,1.3451337814331055,49900,249500,49899,0.0007
-1.0091817378997803,0.8078718185424805,525,-0.4281708598136902,475,497.04,-110.65579722999999,0.5857133269309998,50000,250000,49999,0.0007
-0.016973309218883514,0.5224995613098145,525,-0.19420433044433594,476,497.04,-110.65579722999999,0.2183808982372284,50100,250500,50099,0.0007
-0.017504651099443436,0.8065561056137085,526,-0.2439088076353073,476,500.4,-110.99151422999999,0.3100239038467407,50200,251000,50199,0.0007
-0.03091796115040779,0.09139931201934814,526,-0.09856152534484863,477,500.4,-110.99151422999999,0.28515323996543884,50300,251500,50299,0.0007
-0.2938680350780487,0.0467303991317749,527,-0.21281981468200684,478,500.14,-110.53230205999998,10.226683616638184,50400,252000,50399,0.0007
-0.4592615067958832,-0.07856810092926025,526,-0.41059717535972595,479,501.06,-110.62841722000002,2.970559597015381,50500,252500,50499,0.0007
-0.19485248625278473,0.6768522262573242,526,-0.15912696719169617,480,505.74,-111.12735294,0.4386504590511322,50600,253000,50599,0.0007
-0.04414457827806473,0.8378934860229492,526,-0.5237852931022644,481,508.78,-108.04532828999999,0.5832809209823608,50700,253500,50699,0.0007
0.47846904397010803,0.39332401752471924,526,-0.4892094135284424,482,508.78,-108.04532828999999,2.2138383388519287,50800,254000,50799,0.0007
0.08032620698213577,-0.6385856866836548,526,-0.4005955755710602,483,503.06,-108.24410583999999,0.6565797924995422,50900,254500,50899,0.0007
-0.11044375598430634,0.5510894060134888,527,-0.21549277007579803,483,504.51,-108.66936307999998,0.9094570875167847,51000,255000,50999,0.0007
0.04928416758775711,0.9554939270019531,527,-0.6544943451881409,484,504.51,-108.66936307999998,0.09192272275686264,51100,255500,51099,0.0007
0.7444046139717102,0.6708643436431885,527,-0.47911572456359863,485,507.07,-108.39987984999999,2.5368492603302,51200,256000,51199,0.0007
0.37534835934638977,0.3583768606185913,528,-0.329497754573822,485,503.7,-106.18034021,2.2874233722686768,51300,256500,51299,0.0007
-0.27973270416259766,0.24872654676437378,528,-0.48932236433029175,486,503.7,-106.18034021,1.7466046810150146,51400,257000,51399,0.0007
0.39557725191116333,0.2058025598526001,528,-0.19014811515808105,486,510.19,-105.02147042,0.444161981344223,51500,257500,51499,0.0007
-0.005809816066175699,0.48178720474243164,529,-0.18591031432151794,487,510.66,-104.91114493,2.206995725631714,51600,258000,51599,0.0007
-0.12023160606622696,0.8374253511428833,528,-0.3804831802845001,489,510.66,-104.91114493,2.0085625648498535,51700,258500,51699,0.0007
0.116143599152565,0.7076185941696167,528,-0.4180259704589844,489,519.75,-105.36753105000001,0.6403130292892456,51800,259000,51799,0.0007
-0.4237712323665619,-0.17124927043914795,528,-0.33636921644210815,491,519.75,-105.36753105000001,1.2475500106811523,51900,259500,51899,0.0007
-0.01959928683936596,0.99309903383255,528,-0.3709529936313629,492,516.52,-106.91414952999999,0.03596976026892662,52000,260000,51999,0.0007
-0.13698215782642365,0.7825490236282349,528,-0.16742320358753204,492,521.16,-104.143012,0.4147876799106598,52100,260500,52099,0.0007
0.11797624826431274,-0.3251301050186157,528,-0.45655831694602966,493,521.16,-104.143012,0.4961739182472229,52200,261000,52199,0.0007
-0.14722569286823273,0.40889567136764526,529,-0.24173231422901154,494,521.16,-104.03279186,2.0472424030303955,52300,261500,52299,0.0007
0.8706468343734741,-0.8207268714904785,529,-0.4348319172859192,494,519.78,-104.30951488,8.233304023742676,52400,262000,52399,0.0007
0.8402770161628723,-0.6478332281112671,529,-0.18812866508960724,496,510.39,-103.95888169999996,6.070279121398926,52500,262500,52499,0.0007
-0.23386962711811066,0.9799229502677917,529,-0.3013830780982971,496,512.52,-104.39371935999996,0.16901879012584686,52600,263000,52599,0.0007
-1.309761881828308,-1.4852159023284912,529,-0.36621415615081787,497,509.0,-104.89310854999998,8.482854843139648,52700,263500,52699,0.0007
-0.25462207198143005,-0.05909621715545654,530,-0.37037068605422974,498,509.0,-104.89310854999998,4.486992835998535,52800,264000,52799,0.0007
0.0782577246427536,0.8828917145729065,530,-0.3576929569244385,498,516.99,-105.28441376999999,0.47723713517189026,52900,264500,52899,0.0007
-0.07408151775598526,0.991672158241272,529,-0.44219812750816345,500,516.99,-105.28441376999999,0.12920759618282318,53000,265000,52999,0.0007
-0.0,0.47958314418792725,530,-1.3127245779287477e-07,500,516.09,-104.86382025,9.417370796203613,53100,265500,53099,0.0007
0.3220938444137573,0.4842681288719177,530,-0.16945892572402954,501,510.8,-104.68175000000001,4.278451919555664,53200,266000,53199,0.0007
-0.2631204128265381,-0.059452056884765625,530,-0.2209877222776413,502,503.25,-103.72345171,2.160766124725342,53300,266500,53299,0.0007
-0.49790626764297485,0.8275468945503235,529,-0.4447343945503235,504,506.3,-104.00974190000001,2.8343870639801025,53400,267000,53399,0.0007
-0.0371224507689476,0.6585372686386108,529,-0.5771780610084534,504,492.92,-105.86750206,2.686561107635498,53500,267500,53499,0.0007
0.029845070093870163,0.9236282110214233,530,-0.2724527418613434,505,492.27,-105.84556688999999,0.21716603636741638,53600,268000,53599,0.0007
-0.0,-2.911106586456299,530,-1.6782351875375967e-13,506,492.27,-105.84556688999999,79.27832794189453,53700,268500,53699,0.0007
0.050022006034851074,-0.8851271867752075,530,-0.3371359705924988,506,485.28,-105.49793555000001,1.1713014841079712,53800,269000,53799,0.0007
-0.7434064149856567,-4.1436662673950195,530,-0.10192114114761353,507,481.22,-104.38686541000001,3.036172389984131,53900,269500,53899,0.0007
-1.2562036514282227,-3.4441041946411133,530,-0.3514513373374939,509,477.78,-103.97876539,6.001887798309326,54000,270000,53999,0.0007
0.08520057797431946,0.7443026304244995,529,-0.3558498024940491,510,479.32,-104.24199417999998,0.8937451243400574,54100,270500,54099,0.0007
-0.3177282214164734,-0.9978597164154053,529,-0.33041316270828247,512,478.47,-102.78869867000002,2.83891224861145,54200,271000,54199,0.0007
-0.1279258280992508,0.9264057278633118,528,-0.582435131072998,513,479.46,-102.90059243,0.30045086145401,54300,271500,54299,0.0007
-0.29011300206184387,0.733830988407135,528,-0.2797410786151886,514,481.65,-100.18181982000002,0.5737742185592651,54400,272000,54399,0.0007
0.06850508600473404,0.9774366021156311,527,-0.382486492395401,516,482.86,-100.17351155,0.04335589334368706,54500,272500,54499,0.0007
-0.23504264652729034,0.34959685802459717,527,-0.4356119632720947,517,487.09,-100.80229298,2.7065703868865967,54600,273000,54599,0.0007
0.5190213918685913,0.873284637928009,527,-0.5003466010093689,518,479.37,-101.59062839,0.38347622752189636,54700,273500,54699,0.0007
0.34125015139579773,0.5489411354064941,526,-0.7463937997817993,520,481.83,-100.3270096,0.61544269323349,54800,274000,54799,0.0007
-0.06214388087391853,-4.271229267120361,526,-0.11013700813055038,521,484.15,-100.38209906,4.834980010986328,54900,274500,54899,0.0007
1.5584815740585327,0.0674857497215271,526,-0.3776874840259552,522,467.15,-101.08463787999999,2.110408306121826,55000,275000,54999,0.0007
1.4005376100540161,0.709860622882843,526,-0.09185910224914551,523,460.33,-102.17415519000002,4.312710762023926,55100,275500,55099,0.0007
0.33517348766326904,0.5438580513000488,526,-0.09152612835168839,523,452.36,-102.61257497000001,1.9505647420883179,55200,276000,55199,0.0007
0.6014308929443359,0.026036858558654785,527,-0.49299925565719604,524,454.94,-99.49037851000001,14.662843704223633,55300,276500,55299,0.0007
-14.884744644165039,0.49565589427948,527,-0.18660517036914825,525,454.93,-99.50884323999998,2352.84521484375,55400,277000,55399,0.0007
0.023592248558998108,0.7831563949584961,527,-0.1909557282924652,525,455.42,-99.38310587999999,0.7705731987953186,55500,277500,55499,0.0007
0.004852005746215582,0.9568634629249573,528,-0.44587236642837524,526,451.35,-99.85495161999998,0.1683272123336792,55600,278000,55599,0.0007
0.6494251489639282,-0.21111226081848145,528,-0.5133442282676697,526,447.23,-100.99091127,2.983079671859741,55700,278500,55699,0.0007
-0.05413248389959335,-0.04614436626434326,528,-0.12363134324550629,527,448.7,-100.36030932,2.424182176589966,55800,279000,55799,0.0007
-0.19945630431175232,0.00019633769989013672,528,-0.25486618280410767,528,447.83,-99.9768012,1.0142713785171509,55900,279500,55899,0.0007
-0.06522654742002487,-0.42107200622558594,528,-0.22324073314666748,530,447.83,-99.9768012,1.5486114025115967,56000,280000,55999,0.0007
0.048639487475156784,0.9686518907546997,528,-0.18632860481739044,530,443.84,-101.03160546999999,0.09490488469600677,56100,280500,56099,0.0007
0.2079772651195526,0.4861207604408264,528,-0.3217823803424835,531,442.24,-100.07737362,1.2725187540054321,56200,281000,56199,0.0007
-0.2517278790473938,0.34746861457824707,528,-0.2565169632434845,532,434.91,-98.89293084,2.0078628063201904,56300,281500,56299,0.0007
-0.3941648006439209,0.7173776030540466,528,-0.38151901960372925,533,437.67,-99.18467792000001,3.657508134841919,56400,282000,56399,0.0007
1.2202622890472412,0.32796525955200195,528,-0.4887167513370514,534,437.46,-99.1640821,2.86895489692688,56500,282500,56499,0.0007
-0.21691946685314178,0.2928873896598816,529,-0.2646884322166443,534,441.96,-96.73013497,0.4145130515098572,56600,283000,56599,0.0007
-0.17366893589496613,0.002110898494720459,529,-0.42472872138023376,535,427.33,-95.40943550000003,3.444751262664795,56700,283500,56699,0.0007
-0.003921196796000004,-0.3818933963775635,529,-0.21384389698505402,536,419.38,-95.06737071000003,1.179343342781067,56800,284000,56799,0.0007
0.17347083985805511,0.7066413164138794,530,-0.2152828872203827,536,404.8,-97.66001484,2.4446301460266113,56900,284500,56899,0.0007
-0.21901042759418488,0.14642661809921265,530,-0.28212785720825195,537,405.81,-97.59225303,2.9588491916656494,57000,285000,56999,0.0007
-0.019522830843925476,0.42921578884124756,530,-0.3430495262145996,537,401.35,-93.69319820000001,0.7087835669517517,57100,285500,57099,0.0007
-0.2445988655090332,0.18911153078079224,531,-0.2953355014324188,538,396.2,-93.42388603000003,9.020055770874023,57200,286000,57199,0.0007
-0.09325423091650009,0.23985439538955688,531,-0.6087547540664673,539,386.95,-93.9250437,1.0379576683044434,57300,286500,57299,0.0007
0.2960357964038849,0.6803341507911682,531,-0.4875936508178711,539,390.96,-91.30917810000001,0.7941392660140991,57400,287000,57399,0.0007
-1.6898435354232788,0.9214231967926025,531,-0.3369172513484955,541,385.82,-90.28502541000002,1.2873815298080444,57500,287500,57499,0.0007
0.06219492480158806,0.20381581783294678,531,-0.16469697654247284,541,385.82,-90.28502541000002,2.6204333305358887,57600,288000,57599,0.0007
0.16017909348011017,0.700588047504425,531,-0.6068704724311829,542,387.57,-87.18428832000001,1.3995647430419922,57700,288500,57699,0.0007
0.4144567847251892,0.11438494920730591,532,-0.54439777135849,542,393.95,-84.37292415,3.239741563796997,57800,289000,57799,0.0007
-0.516907811164856,0.9167069792747498,532,-0.295442670583725,543,393.5,-83.23624736999999,4.040359020233154,57900,289500,57899,0.0007
-0.9302726984024048,0.9771618843078613,532,-0.3037852942943573,544,392.61,-79.41910101,0.17743101716041565,58000,290000,57999,0.0007
-0.22255241870880127,0.5758908987045288,532,-0.5699389576911926,545,392.61,-79.41910101,1.201372504234314,58100,290500,58099,0.0007
-1.0677307844161987,0.23330187797546387,532,-0.5795596837997437,546,392.61,-79.84977339999999,1.5491734743118286,58200,291000,58199,0.0007
-0.43752869963645935,0.8983566761016846,533,-0.46432963013648987,546,394.48,-80.05716982,0.7290271520614624,58300,291500,58299,0.0007
-0.654873251914978,-1.530881643295288,533,-0.5033646821975708,547,396.72,-77.62082943,5.558510780334473,58400,292000,58399,0.0007
0.22088372707366943,0.4000617265701294,533,-0.38786864280700684,547,387.53,-79.65506577,0.4015551209449768,58500,292500,58499,0.0007
-0.30742865800857544,-1.4389472007751465,533,-0.4231606125831604,549,387.57,-76.17110933999999,8.620713233947754,58600,293000,58599,0.0007
0.02864527329802513,-0.11196672916412354,533,-0.10237471014261246,550,391.47,-76.60711652,6.684535980224609,58700,293500,58699,0.0007
0.8775821924209595,-0.17098569869995117,533,-0.4919919967651367,551,394.07,-76.62500627,4.506816864013672,58800,294000,58799,0.0007
-0.0,-0.008223652839660645,533,-2.217726653361285e-12,551,394.07,-76.62500627,1.7224962711334229,58900,294500,58899,0.0007
-0.12890903651714325,0.8424894213676453,533,-0.3193691670894623,553,385.26,-76.57775381000002,0.22628140449523926,59000,295000,58999,0.0007
-0.39420169591903687,0.82181715965271,532,-0.3726091980934143,554,385.26,-76.57775381000002,1.5714938640594482,59100,295500,59099,0.0007
-0.4107568860054016,-0.2816349267959595,533,-0.396355003118515,555,384.7,-74.74461658000001,6.051266193389893,59200,296000,59199,0.0007
0.13882066309452057,0.5314629077911377,533,-0.2553962767124176,555,377.67,-74.67905250000001,4.888567924499512,59300,296500,59299,0.0007
-0.06640730053186417,0.8680933713912964,533,-0.49085408449172974,557,377.9,-74.07210895000001,0.4402407705783844,59400,297000,59399,0.0007
0.24619896709918976,0.19119346141815186,532,-0.5266416668891907,558,377.9,-74.07210895000001,1.3325278759002686,59500,297500,59499,0.0007
-1.3822901248931885,0.8665099143981934,532,-0.3852390646934509,559,381.13,-73.00937835,2.329413652420044,59600,298000,59599,0.0007
0.33029305934906006,-0.3634892702102661,531,-0.5295511484146118,561,381.13,-73.00937835,1.0443124771118164,59700,298500,59699,0.0007
-0.9672274589538574,-21.076221466064453,531,-0.7745208144187927,562,384.4,-75.97708092,5.829646110534668,59800,299000,59799,0.0007
0.03961919993162155,0.13189375400543213,530,-0.11406715214252472,564,384.4,-75.97708092,2.6472132205963135,59900,299500,59899,0.0007
-0.14920154213905334,0.2287479043006897,530,-0.5164120197296143,565,384.4,-76.22207308000002,0.5721591114997864,60000,300000,59999,0.0007
