time/total_timesteps,time/iterations,rollout/ep_rew_mean,time/fps,time/time_elapsed,train/n_updates,train/learning_rate,rollout/ep_len_mean,train/policy_loss,train/entropy_loss,train/explained_variance,train/value_loss
500,100,1.0,183,2,99,0.0007,180.0,-0.005350214894860983,-1.3857742547988892,-0.01239633560180664,1.715193320706021e-05
1000,200,2.3333333333333335,218,4,199,0.0007,223.66666666666666,-0.006237034220248461,-1.3839775323867798,-0.8417384624481201,2.7515232432051562e-05
1500,300,2.5,234,6,299,0.0007,238.83333333333334,-0.005454353988170624,-1.385987639427185,-9.951279640197754,2.191531348216813e-05
2000,400,2.125,243,8,399,0.0007,220.625,-0.007076382637023926,-1.384247064590454,-0.9034672975540161,5.108455661684275e-05
2500,500,2.2,248,10,499,0.0007,224.3,-0.012029169127345085,-1.3855164051055908,-2.149214267730713,8.864954725140706e-05
3000,600,2.1538461538461537,254,11,599,0.0007,223.3846153846154,-0.0014258899027481675,-1.3862730264663696,-0.13444900512695312,2.589360292404308e-06
3500,700,1.7058823529411764,257,13,699,0.0007,204.7058823529412,0.0001570449530845508,-1.3862733840942383,-0.47616612911224365,7.057037265667532e-08
4000,800,1.6,260,15,799,0.0007,199.1,0.002069876529276371,-1.3859063386917114,-2.978241205215454,6.2005033214518335e-06
4500,900,1.6363636363636365,263,17,899,0.0007,200.8181818181818,-0.007966148667037487,-1.3858410120010376,-4.813790321350098,3.931690662284382e-05
5000,1000,1.6,267,18,999,0.0007,199.0,-0.00376358674839139,-1.3832911252975464,-0.9013105630874634,1.2293889994907659e-05
5500,1100,1.7037037037037037,268,20,1099,0.0007,203.2962962962963,0.009289780631661415,-1.3840454816818237,0.319379985332489,5.1628623623400927e-05
6000,1200,1.6551724137931034,269,22,1199,0.0007,202.27586206896552,-0.003921729512512684,-1.3838872909545898,-5.522543430328369,5.328949919203296e-05
6500,1300,1.6774193548387097,269,24,1299,0.0007,202.90322580645162,-0.06043803319334984,-1.385886311531067,-55.283573150634766,0.0019504812080413103
7000,1400,1.6470588235294117,269,25,1399,0.0007,202.5,-0.003666404401883483,-1.3852118253707886,0.3617411255836487,9.065687663678546e-06
7500,1500,1.5945945945945945,268,27,1499,0.0007,200.2972972972973,0.03278951719403267,-1.3858171701431274,-252.9918670654297,0.0013536416226997972
8000,1600,1.641025641025641,268,29,1599,0.0007,203.07692307692307,-0.0009989291429519653,-1.3847838640213013,-278.8631591796875,9.469890756008681e-07
8500,1700,1.6097560975609757,270,31,1699,0.0007,201.73170731707316,-0.015022012405097485,-1.3858215808868408,-2.0780062675476074,0.0001417323073837906
9000,1800,1.6744186046511629,271,33,1799,0.0007,205.27906976744185,0.006735986564308405,-1.3857169151306152,-0.6535815000534058,3.54661387973465e-05
9500,1900,1.7173913043478262,273,34,1899,0.0007,206.1086956521739,-0.021813416853547096,-1.3860565423965454,-0.09689962863922119,0.0002517642278689891
10000,2000,1.75,273,36,1999,0.0007,207.1875,0.02775902859866619,-1.3847119808197021,-1.64015793800354,0.0004321658634580672
10500,2100,1.7058823529411764,272,38,2099,0.0007,205.68627450980392,-0.021281994879245758,-1.385117769241333,-48.68577194213867,0.0006277636857703328
11000,2200,1.679245283018868,273,40,2199,0.0007,203.9811320754717,-0.010158098302781582,-1.385769248008728,-9.637052536010742,0.0001555507624289021
11500,2300,1.6964285714285714,273,42,2299,0.0007,204.25,-0.023427102714776993,-1.3858036994934082,-18.799386978149414,0.0003640820796135813
12000,2400,1.6551724137931034,272,44,2399,0.0007,202.5344827586207,0.01060194056481123,-1.38286554813385,-5.567539215087891,8.37441548355855e-05
12500,2500,1.6885245901639345,272,45,2499,0.0007,203.2622950819672,-0.022429218515753746,-1.3787554502487183,-17.489408493041992,0.0006185363163240254
13000,2600,1.6875,272,47,2599,0.0007,202.8125,0.020537735894322395,-1.3648160696029663,-181.74746704101562,0.0003233725146856159
13500,2700,1.6417910447761195,273,49,2699,0.0007,201.26865671641792,-0.003679866436868906,-1.2638288736343384,-78.69094848632812,8.234063716372475e-05
14000,2800,1.6231884057971016,274,51,2799,0.0007,200.14492753623188,-0.018655428662896156,-1.3818162679672241,-63.36103820800781,0.0004055951430927962
14500,2900,1.625,272,53,2899,0.0007,200.15277777777777,-0.03733939304947853,-1.2038700580596924,0.9450170397758484,0.014405145309865475
15000,3000,1.635135135135135,271,55,2999,0.0007,200.2972972972973,-0.011437183246016502,-1.3845304250717163,-21.5684871673584,0.0001779172889655456
15500,3100,1.6233766233766234,271,57,3099,0.0007,199.42857142857142,0.06765548139810562,-1.3709262609481812,-61.17559051513672,0.002945277374237776
16000,3200,1.6125,271,58,3199,0.0007,198.925,-0.011630084365606308,-1.365444540977478,-260.2676696777344,9.001683793030679e-05
16500,3300,1.5783132530120483,271,60,3299,0.0007,197.44578313253012,-0.013603846542537212,-1.371956706047058,-27.49366569519043,0.00021871279750484973
17000,3400,1.5813953488372092,271,62,3399,0.0007,197.04651162790697,0.005394537467509508,-1.3241260051727295,-10.83777141571045,7.145358540583402e-05
17500,3500,1.5617977528089888,271,64,3499,0.0007,195.8876404494382,0.0671064481139183,-1.3358443975448608,-9.199151992797852,0.0026947413571178913
18000,3600,1.6263736263736264,270,66,3599,0.0007,196.4945054945055,-0.05243455991148949,-1.1627801656723022,-10.484580039978027,0.003599888877943158
18500,3700,1.6774193548387097,271,68,3699,0.0007,196.7311827956989,0.0005519947153516114,-0.7796465158462524,-0.12369644641876221,0.0006983439088799059
19000,3800,1.7708333333333333,270,70,3799,0.0007,196.94791666666666,-0.1837761551141739,-1.1327576637268066,0.9280666708946228,0.03989364206790924
19500,3900,1.7474747474747474,270,72,3899,0.0007,195.67676767676767,0.010573478415608406,-1.1946123838424683,-28.90642738342285,0.0019859157036989927
20000,4000,1.77,269,74,3999,0.0007,195.66,0.0003557641466613859,-0.43416187167167664,-1.816589593887329,6.167345418361947e-05
20500,4100,1.67,268,76,4099,0.0007,190.66,-0.0019294730154797435,-0.5854472517967224,0.2728036046028137,4.644118234864436e-06
21000,4200,1.64,268,78,4199,0.0007,188.85,-0.20343366265296936,-1.0131666660308838,0.6092640161514282,0.027285849675536156
21500,4300,1.63,268,80,4299,0.0007,187.73,-0.006647405214607716,-0.8211511969566345,-0.32661306858062744,7.456883759004995e-05
22000,4400,1.71,267,82,4399,0.0007,188.88,0.10317037254571915,-0.7899131774902344,-129.90493774414062,0.024915527552366257
22500,4500,1.84,267,83,4499,0.0007,190.76,-0.023448912426829338,-1.2773059606552124,-0.938981294631958,0.00044870562851428986
23000,4600,1.94,268,85,4599,0.0007,192.72,0.009084396064281464,-0.9734622240066528,-44.84456253051758,0.0033699311316013336
23500,4700,2.01,268,87,4699,0.0007,195.02,-0.009188592433929443,-0.6935681700706482,0.49449819326400757,0.0003825583553407341
24000,4800,2.09,268,89,4799,0.0007,195.24,-0.02761613205075264,-0.42277994751930237,-0.519689679145813,0.0010174295166507363
24500,4900,2.26,269,90,4899,0.0007,197.74,-0.01330119650810957,-0.3936455249786377,-0.4501631259918213,0.0021325077395886183
25000,5000,2.27,270,92,4999,0.0007,197.8,-0.004423711448907852,-0.9508078694343567,-3.8460636138916016,0.00014198245480656624
25500,5100,2.37,271,94,5099,0.0007,198.12,0.0018857766408473253,-1.1071302890777588,0.6943225860595703,1.7679782104096375e-05
26000,5200,2.38,271,95,5199,0.0007,197.73,-0.050535596907138824,-0.9902111291885376,-7.945829391479492,0.005621366202831268
26500,5300,2.43,272,97,5299,0.0007,197.61,-0.026823628693819046,-1.1044740676879883,-8.395774841308594,0.0007438049069605768
27000,5400,2.48,273,98,5399,0.0007,199.06,0.0002888117451220751,-1.2242001295089722,0.9439192414283752,2.901683501477237e-06
27500,5500,2.49,273,100,5499,0.0007,198.86,0.07051543146371841,-1.155505657196045,0.9005810022354126,0.02719034068286419
28000,5600,2.56,274,102,5599,0.0007,199.32,0.015869323164224625,-1.0172886848449707,-13.245680809020996,0.0016145911067724228
28500,5700,2.56,275,103,5699,0.0007,198.37,0.22091536223888397,-1.0278626680374146,-162.3561248779297,0.06133636459708214
29000,5800,2.56,275,105,5799,0.0007,197.56,0.08605404943227768,-0.9162580370903015,-21.101259231567383,0.01350922416895628
29500,5900,2.58,276,106,5899,0.0007,197.73,0.014877282083034515,-0.47547298669815063,-0.5078620910644531,0.009905066341161728
30000,6000,2.6,276,108,5999,0.0007,197.76,0.04882459715008736,-1.0839627981185913,-4.363597393035889,0.0022748757619410753
30500,6100,2.63,277,110,6099,0.0007,198.15,0.05776509270071983,-1.1501436233520508,-5.4728569984436035,0.0032011326402425766
31000,6200,2.68,277,111,6199,0.0007,198.21,-0.010017065331339836,-1.242492437362671,-0.9180212020874023,0.00020023880642838776
31500,6300,2.7,278,113,6299,0.0007,198.67,-0.004941508639603853,-1.337038516998291,0.43065524101257324,1.5842102584429085e-05
32000,6400,2.71,278,114,6399,0.0007,198.76,-0.003180705476552248,-1.0737570524215698,-45.286338806152344,0.0003905390913132578
32500,6500,2.7,279,116,6499,0.0007,198.23,-0.046312253922224045,-1.3412322998046875,-88.89631652832031,0.0030840628314763308
33000,6600,2.67,279,118,6599,0.0007,196.42,0.0699593648314476,-0.7020496129989624,-12.992610931396484,0.0028363196179270744
33500,6700,2.76,280,119,6699,0.0007,197.87,-0.0024988085497170687,-1.0620049238204956,-3.0879244804382324,0.001070636324584484
34000,6800,2.78,280,121,6799,0.0007,198.11,-0.0019059032201766968,-0.9199661612510681,-398.681640625,0.0002100291894748807
34500,6900,2.81,281,122,6899,0.0007,198.94,-0.014138600789010525,-0.2926771640777588,-7.90782356262207,0.04376646876335144
35000,7000,2.82,281,124,6999,0.0007,199.66,-0.02165612019598484,-1.1091926097869873,-0.8516031503677368,0.00021599892352242023
35500,7100,2.84,281,125,7099,0.0007,200.1,0.019676584750413895,-0.4360126554965973,-0.5926854610443115,0.0004262310394551605
36000,7200,2.94,282,127,7199,0.0007,200.92,0.06194235011935234,-0.9792699813842773,-4.467225551605225,0.009143468923866749
36500,7300,3.03,282,129,7299,0.0007,202.87,-0.01419542171061039,-0.6494572162628174,-4.695557594299316,0.003902407130226493
37000,7400,3.08,282,130,7399,0.0007,204.26,-0.12069525569677353,-0.6155803799629211,-3.4760751724243164,0.006097875069826841
37500,7500,3.14,283,132,7499,0.0007,204.95,0.032210417091846466,-0.8027896881103516,-4.539122581481934,0.0026518176309764385
38000,7600,3.19,283,133,7599,0.0007,206.49,0.028957126662135124,-0.6410827040672302,0.2873038053512573,0.0025070339906960726
38500,7700,3.19,284,135,7699,0.0007,206.17,-0.00586695084348321,-1.1455103158950806,-1.0529894828796387,0.00010688286420190707
39000,7800,3.15,284,137,7799,0.0007,205.67,-0.037038903683423996,-0.950147271156311,-22.29081153869629,0.0010754484683275223
39500,7900,3.08,284,138,7899,0.0007,205.47,0.00023339652398135513,-1.1559756994247437,-8.09440803527832,0.0003679610090330243
40000,8000,3.12,284,140,7999,0.0007,207.01,0.8521100878715515,-1.0935745239257812,-0.06512713432312012,0.8061502575874329
40500,8100,3.23,285,141,8099,0.0007,209.76,0.0005782852531410754,-0.5190240740776062,-0.225777268409729,1.3354243492358364e-05
41000,8200,3.22,285,143,8199,0.0007,209.37,-0.0202923770993948,-1.1253633499145508,-17.974153518676758,0.0015992511762306094
41500,8300,3.31,285,145,8299,0.0007,211.48,-0.011525523848831654,-0.543230414390564,0.7045483589172363,7.594528142362833e-05
42000,8400,3.31,286,146,8399,0.0007,211.45,0.004022687207907438,-1.1280450820922852,0.5137436389923096,3.1574145396007225e-05
42500,8500,3.33,286,148,8499,0.0007,212.04,-0.0011091862106695771,-1.1357744932174683,0.27218103408813477,3.2587147870799527e-05
43000,8600,3.26,286,149,8599,0.0007,210.84,0.0021083110477775335,-0.8898912668228149,-1.7124948501586914,4.612475822796114e-05
43500,8700,3.14,287,151,8699,0.0007,208.97,-0.019962983205914497,-0.7146790623664856,0.46800124645233154,0.0016516678733751178
44000,8800,3.12,287,153,8799,0.0007,209.17,-0.11940722912549973,-0.8525257110595703,-74.40828704833984,0.03203902393579483
44500,8900,3.04,287,154,8899,0.0007,207.18,-0.00838103424757719,-0.6547853946685791,-1.3163857460021973,0.002030414529144764
45000,9000,2.96,287,156,8999,0.0007,206.26,-0.016993802040815353,-0.8457674384117126,-0.5233697891235352,0.0009428285411559045
45500,9100,2.95,288,157,9099,0.0007,205.65,-0.019551705569028854,-0.7730667591094971,-157371.46875,0.00034829892683774233
46000,9200,2.95,288,159,9199,0.0007,205.56,0.035556744784116745,-0.7756462097167969,0.6308876276016235,0.004716000985354185
46500,9300,3.01,288,161,9299,0.0007,206.45,0.0017970644403249025,-0.9383463263511658,-0.5371439456939697,2.637193574628327e-05
47000,9400,3.01,288,162,9399,0.0007,206.25,-0.0031289735343307257,-0.8375550508499146,0.8906108736991882,2.031688200077042e-05
47500,9500,3.05,289,164,9499,0.0007,206.15,-0.0034413360990583897,-1.173500418663025,0.9477968811988831,9.972288353310432e-06
48000,9600,3.03,289,165,9599,0.0007,205.46,0.010200384072959423,-1.2630904912948608,-4.394099235534668,0.00010874199506361037
48500,9700,2.92,289,167,9699,0.0007,202.49,3.247747736168094e-05,-1.030739426612854,-1.3600809574127197,2.350663407924003e-06
49000,9800,2.95,289,169,9799,0.0007,203.28,0.04457304626703262,-0.8625608682632446,-5.174117088317871,0.0016779240686446428
49500,9900,2.96,290,170,9899,0.0007,203.46,0.01993635855615139,-0.9622772336006165,0.35749351978302,0.000313519878545776
50000,10000,2.93,290,172,9999,0.0007,202.46,-0.00025866119540296495,-0.4447791576385498,0.2934466004371643,3.747019582078792e-05
50500,10100,2.92,290,173,10099,0.0007,202.08,-0.022612545639276505,-0.9078357815742493,0.8537888526916504,0.0005612234235741198
51000,10200,2.93,290,175,10199,0.0007,202.26,0.02417816035449505,-1.057559609413147,-0.927422285079956,0.0005377596244215965
51500,10300,2.85,290,177,10299,0.0007,200.38,0.014813772402703762,-0.796569287776947,-10.609906196594238,0.0013040995690971613
52000,10400,2.92,291,178,10399,0.0007,201.26,-0.014890356920659542,-0.7382373213768005,0.10681420564651489,0.0004301588924136013
52500,10500,2.94,291,180,10499,0.0007,201.9,-0.0030868295580148697,-0.8131043314933777,-54.166160583496094,0.000838324602227658
53000,10600,3.0,291,181,10599,0.0007,202.75,-0.008764891885221004,-0.7795843482017517,-18.80200958251953,0.0009077737922780216
53500,10700,3.05,291,183,10699,0.0007,204.45,0.7761419415473938,-0.7006210684776306,-30.953706741333008,0.7692657709121704
54000,10800,3.14,291,184,10799,0.0007,205.33,-0.0014736253069713712,-0.8765562176704407,0.7046105861663818,1.403460464644013e-05
54500,10900,3.19,292,186,10899,0.0007,205.79,-0.003870705608278513,-0.7813652157783508,0.8045185208320618,5.747882096329704e-05
55000,11000,3.19,292,188,10999,0.0007,205.57,0.2299700230360031,-0.6765387058258057,-1.1920928955078125e-07,0.11290817707777023
55500,11100,3.21,292,189,11099,0.0007,204.35,-0.010963580571115017,-0.8190208673477173,-1.1920928955078125e-07,0.00035185800516046584
56000,11200,3.2,292,191,11199,0.0007,203.86,-0.015380165539681911,-0.8628658652305603,-28.076845169067383,0.0008049773168750107
56500,11300,3.15,292,192,11299,0.0007,203.09,-0.007563718594610691,-0.49647068977355957,0.261056125164032,0.00034104808582924306
57000,11400,3.2,292,194,11399,0.0007,203.46,0.01979365199804306,-0.6625654101371765,-1.4564275741577148,0.002861600834876299
57500,11500,3.2,293,196,11499,0.0007,203.26,0.004084754269570112,-0.7345013618469238,-31.005695343017578,0.0002488655154593289
58000,11600,3.16,293,197,11599,0.0007,202.7,0.007879083044826984,-0.8662199974060059,0.5837088227272034,0.0001753433170961216
58500,11700,3.14,293,199,11699,0.0007,202.09,-0.038349177688360214,-0.878139317035675,0.9437541961669922,0.022543856874108315
59000,11800,3.15,293,200,11799,0.0007,202.41,-0.009365825913846493,-0.8954885601997375,0.7338529825210571,0.00030596600845456123
59500,11900,3.15,293,202,11899,0.0007,202.38,0.020859628915786743,-0.592660129070282,-4.444433212280273,0.000918483012355864
60000,12000,3.12,293,204,11999,0.0007,201.15,0.06743716448545456,-0.6457106471061707,-108.41339874267578,0.025961339473724365
60500,12100,3.07,293,205,12099,0.0007,200.26,0.021273039281368256,-0.6303147673606873,-9.050946235656738,0.002588390838354826
61000,12200,3.13,294,207,12199,0.0007,201.24,-0.05530371889472008,-0.6941532492637634,-45.62771224975586,0.00921317096799612
61500,12300,3.08,294,209,12299,0.0007,200.38,0.03930145129561424,-0.6810513734817505,-103.52014923095703,0.02489406242966652
62000,12400,3.09,294,210,12399,0.0007,200.71,0.0023473238106817007,-0.9291301965713501,-24.15897560119629,0.001058422145433724
62500,12500,3.22,294,212,12499,0.0007,204.18,-0.01288768369704485,-0.6532115936279297,0.3118368983268738,0.001291077584028244
63000,12600,3.23,294,213,12599,0.0007,204.47,0.0182137843221426,-0.787009060382843,-3.195016384124756,0.001913699321448803
63500,12700,3.25,294,215,12699,0.0007,205.24,-0.010980918072164059,-1.0527496337890625,-0.17801713943481445,0.00014219390868674964
64000,12800,3.25,294,217,12799,0.0007,206.33,0.6294826865196228,-0.8446036577224731,-6.317750930786133,0.23512206971645355
64500,12900,3.3,294,218,12899,0.0007,207.06,-0.021707585081458092,-0.890758216381073,0.6371631622314453,0.0011849290458485484
65000,13000,3.35,295,220,12999,0.0007,207.71,-0.004428763873875141,-1.2017004489898682,-3.984682083129883,4.2504969314904884e-05
65500,13100,3.31,295,221,13099,0.0007,207.37,0.00017168663907796144,-0.22030198574066162,0.726577639579773,3.068887963308953e-05
66000,13200,3.27,295,223,13199,0.0007,207.08,-0.03404250741004944,-0.6188603639602661,-2.4541242122650146,0.0011980399722233415
66500,13300,3.21,295,225,13299,0.0007,206.1,0.0004566845891531557,-0.901650071144104,0.9270183444023132,8.560961759940255e-06
67000,13400,3.21,295,226,13399,0.0007,206.05,0.0060308538377285,-0.8920952081680298,0.9137066006660461,3.4814489481505007e-05
67500,13500,3.11,295,228,13499,0.0007,204.72,-0.007304720114916563,-0.6210739612579346,-3.9144444465637207,0.0019291788339614868
68000,13600,3.07,295,229,13599,0.0007,204.38,-0.0037666496355086565,-0.9669384956359863,-16.486679077148438,0.001142907771281898
68500,13700,3.09,295,231,13699,0.0007,204.81,0.023026838898658752,-0.5706856846809387,-1.8606152534484863,0.00247093103826046
69000,13800,3.11,295,233,13799,0.0007,205.41,0.006454323884099722,-1.0337480306625366,0.6055883169174194,1.4949708202038892e-05
69500,13900,3.11,296,234,13899,0.0007,205.46,0.003105718642473221,-1.267647624015808,0.2825848460197449,2.1157362425583415e-05
70000,14000,3.1,296,236,13999,0.0007,205.36,0.007712730672210455,-0.6245067715644836,-1.843029499053955,0.0013999876100569963
70500,14100,3.11,296,237,14099,0.0007,205.51,0.005277638789266348,-0.7193734049797058,-1.8936784267425537,0.0005622683675028384
71000,14200,3.13,296,239,14199,0.0007,206.13,0.03878554329276085,-0.5424445867538452,-96.84356689453125,0.039167147129774094
71500,14300,3.14,296,241,14299,0.0007,206.43,-0.009040310978889465,-0.7831249237060547,0.8235623836517334,8.49511125124991e-05
72000,14400,3.11,296,242,14399,0.0007,205.45,-2.3950995455379598e-05,-0.015122215263545513,-8.211686134338379,0.00017855226178653538
72500,14500,3.05,296,244,14499,0.0007,204.44,-0.0022576567716896534,-0.3934992551803589,-3.8283886909484863,0.00046776869567111135
73000,14600,3.02,296,245,14599,0.0007,204.3,-0.0057932124473154545,-0.9501140713691711,0.0398673415184021,0.00024143140763044357
73500,14700,3.09,296,247,14699,0.0007,205.55,-0.006658813450485468,-0.9515518546104431,0.9310793876647949,0.00011223565525142476
74000,14800,2.98,296,249,14799,0.0007,204.19,0.0014961572596803308,-0.4770406186580658,0.9563789367675781,0.012713528238236904
74500,14900,3.03,297,250,14899,0.0007,204.82,0.015064901672303677,-0.2539841830730438,-0.3751547336578369,0.0012688788119703531
75000,15000,2.99,297,252,14999,0.0007,204.67,-0.0019439209718257189,-0.8237218260765076,0.3690286874771118,2.1690682842745446e-05
75500,15100,2.94,297,254,15099,0.0007,203.9,0.0054949186742305756,-0.6090869307518005,-0.601733922958374,0.00018871930660679936
76000,15200,2.94,297,255,15199,0.0007,203.82,-0.0011320248013362288,-0.2777705192565918,0.05660057067871094,0.00015701449592597783
76500,15300,2.84,297,257,15299,0.0007,202.5,-1.3620383469969966e-05,-0.21532268822193146,-238.97406005859375,6.883872993057594e-05
77000,15400,2.69,297,258,15399,0.0007,198.81,-3.9659495087107643e-05,-0.04193393513560295,-176.56326293945312,4.396696385811083e-05
77500,15500,2.58,297,260,15499,0.0007,195.44,-0.003387287026271224,-0.2374124974012375,-1109.084228515625,3.533361814334057e-05
78000,15600,2.56,297,262,15599,0.0007,194.87,-1.7126323655247688e-05,-0.07823583483695984,0.0,2.0577545001287945e-06
78500,15700,2.46,297,263,15699,0.0007,192.83,9.029105967783835e-06,-0.026171177625656128,-76.36654663085938,1.325993343925802e-05
79000,15800,2.37,297,265,15799,0.0007,189.9,-5.721856723539531e-05,-0.13760410249233246,-13.842490196228027,6.868405307614012e-06
79500,15900,2.23,297,266,15899,0.0007,186.53,-8.103099389700219e-05,-0.12784264981746674,-13.622501373291016,2.0170005882391706e-05
80000,16000,2.29,297,268,15999,0.0007,187.53,-0.00022763221932109445,-0.11110873520374298,-1.1920928955078125e-07,0.00014197280688676983
80500,16100,2.24,298,270,16099,0.0007,185.91,-0.0001787961518857628,-0.06906180828809738,-2.1134579181671143,0.00029466519481502473
81000,16200,2.06,298,271,16199,0.0007,181.12,1.0922393812506925e-05,-0.025034207850694656,-1382.358642578125,2.5600194931030273e-05
81500,16300,2.0,298,273,16299,0.0007,177.93,3.0740927741135238e-06,-0.048403773456811905,-1.190152883529663,4.427286967256805e-06
82000,16400,1.9,298,274,16399,0.0007,175.92,-1.4355447092384566e-05,-0.011075003072619438,-16.57059669494629,0.00014517414092551917
82500,16500,1.76,298,276,16499,0.0007,172.45,3.949067831854336e-05,-0.07295200973749161,-69.74259185791016,1.78964310180163e-05
83000,16600,1.65,298,278,16599,0.0007,169.0,-2.088713699777145e-06,-0.031779151409864426,-7.412546157836914,1.0958417533402098e-06
83500,16700,1.52,298,279,16699,0.0007,165.93,-5.313147630658932e-05,-0.10479270666837692,-25.25581932067871,1.1696938599925488e-05
84000,16800,1.47,298,281,16799,0.0007,164.42,-2.4461060093017295e-05,-0.03500295802950859,0.4337288737297058,2.834470069501549e-05
84500,16900,1.42,298,282,16899,0.0007,162.96,-9.044015314429998e-06,-0.00883230846375227,-163.27664184570312,7.477049075532705e-05
85000,17000,1.29,298,284,16999,0.0007,159.04,-2.414713549114822e-07,-0.01569526456296444,-77.22035217285156,2.9001432721997844e-07
85500,17100,1.24,298,286,17099,0.0007,157.68,0.005813777446746826,-0.029938071966171265,-2338.53466796875,0.0002439715462969616
86000,17200,1.21,298,287,17199,0.0007,157.02,-0.00027750548906624317,-0.1717231124639511,-1.9551117420196533,7.904371159384027e-05
86500,17300,1.13,298,289,17299,0.0007,154.6,0.002533897990360856,-0.4361412227153778,-5.941389560699463,0.000418668583733961
87000,17400,1.2,298,291,17399,0.0007,154.95,-0.015681549906730652,-0.5948026776313782,-54.630126953125,0.009679055772721767
87500,17500,1.22,298,292,17499,0.0007,155.59,-0.12342295795679092,-0.9582610130310059,0.9206908941268921,0.032461293041706085
88000,17600,1.23,299,294,17599,0.0007,155.95,0.03493105247616768,-0.38450080156326294,-0.8355811834335327,0.0014437957433983684
88500,17700,1.2,299,295,17699,0.0007,155.21,-0.06535317748785019,-0.9087744951248169,-3.6078014373779297,0.004499859642237425
89000,17800,1.15,299,297,17799,0.0007,154.57,-0.006953589618206024,-1.0821056365966797,0.0,0.0001579568925080821
89500,17900,1.16,299,299,17899,0.0007,154.5,0.06218153238296509,-0.6250130534172058,-165.51882934570312,0.04200617969036102
90000,18000,1.04,299,300,17999,0.0007,152.5,-0.043373946100473404,-0.5938592553138733,-12.475483894348145,0.004634267184883356
90500,18100,1.0,299,302,18099,0.0007,151.19,-0.0013054166920483112,-0.14481371641159058,-9051.39453125,0.0032561065163463354
91000,18200,1.0,299,303,18199,0.0007,151.7,-5.455420978250913e-05,-0.09334610402584076,0.6640802025794983,1.2201221579744015e-05
91500,18300,0.98,299,305,18299,0.0007,151.12,-0.0022592972964048386,-0.5432974696159363,-1.7767584323883057,1.184336269943742e-05
92000,18400,1.02,299,307,18399,0.0007,152.39,0.0022148035932332277,-0.2175757735967636,0.3506662845611572,0.002234957879409194
92500,18500,1.07,299,308,18499,0.0007,154.33,-0.024207474663853645,-0.907557487487793,0.9832356572151184,0.0035119091626256704
93000,18600,1.15,299,310,18599,0.0007,156.86,-0.008069648407399654,-1.01283597946167,0.4012695550918579,0.00012617147876881063
93500,18700,1.25,299,311,18699,0.0007,159.03,-0.01997910439968109,-0.6362016797065735,0.9314459562301636,0.026611721143126488
94000,18800,1.29,299,313,18799,0.0007,160.33,-0.024307679384946823,-0.7003194689750671,-2.3050572872161865,0.0009070834494195879
94500,18900,1.41,299,315,18899,0.0007,162.0,0.011640152893960476,-0.4712652266025543,0.999946653842926,0.00021866428141947836
95000,19000,1.5,299,316,18999,0.0007,163.95,-0.0035055726766586304,-0.694608747959137,-0.7725340127944946,0.0003272300527896732
95500,19100,1.56,299,318,19099,0.0007,165.78,-0.005162518005818129,-0.44446584582328796,-47.58150100708008,0.0036902297288179398
96000,19200,1.65,299,320,19199,0.0007,168.48,-2.0949801182723604e-05,-0.14561417698860168,-23.96190643310547,1.9044439341087127e-06
96500,19300,1.53,300,321,19299,0.0007,165.62,-7.157341315178201e-06,-0.018960395827889442,-1.7708003520965576,1.8061547962133773e-05
97000,19400,1.52,300,323,19399,0.0007,165.38,1.660105112932797e-06,-0.010132191702723503,-6.148830413818359,1.2047617929056287e-05
97500,19500,1.51,300,324,19499,0.0007,164.89,-6.266366767704312e-07,-0.011679242365062237,-2.260582447052002,2.830838354839216e-07
98000,19600,1.49,300,326,19599,0.0007,164.28,-3.6135341360932216e-05,-0.11051855236291885,-105.86134338378906,8.264920325018466e-06
98500,19700,1.5,300,328,19699,0.0007,164.18,-0.00028442879556678236,-0.25487977266311646,-0.679663896560669,3.679528526845388e-05
99000,19800,1.53,300,329,19799,0.0007,165.03,-0.00010292560182278976,-0.031827088445425034,-14.855216979980469,0.0007803724147379398
99500,19900,1.62,300,331,19899,0.0007,168.38,-3.0814622732577845e-05,-0.025099972262978554,-3.155254364013672,9.935017442330718e-05
100000,20000,1.62,300,332,19999,0.0007,168.38,-9.924633559421636e-08,-0.008858740329742432,-2074.793212890625,1.0775276678032242e-05
100500,20100,1.61,300,334,20099,0.0007,168.08,-2.9467316835507518e-06,-0.0351603627204895,-50.56139373779297,7.434545636897383e-07
101000,20200,1.61,300,336,20199,0.0007,168.03,-0.041920699179172516,-0.9122368693351746,-8.250662803649902,0.0036442752461880445
101500,20300,1.66,300,337,20299,0.0007,169.76,0.00036641882616095245,-1.2033065557479858,-6.4942450523376465,1.9570905351429246e-05
102000,20400,1.71,300,339,20399,0.0007,171.39,-0.0009174350998364389,-0.7977399826049805,-0.2593705654144287,0.0005629806546494365
102500,20500,1.85,300,340,20499,0.0007,174.02,-0.0004164966812822968,-0.051534801721572876,0.5913094282150269,0.0026930714957416058
103000,20600,1.96,300,342,20599,0.0007,175.78,0.0020917216315865517,-0.6989869475364685,-0.5495033264160156,0.00028618593933060765
103500,20700,2.08,300,344,20699,0.0007,178.75,-0.004667080473154783,-0.39655566215515137,-0.28481364250183105,0.0023996178060770035
104000,20800,2.11,300,345,20799,0.0007,179.42,-0.019861875101923943,-0.48434415459632874,-0.9265475273132324,0.004640405066311359
104500,20900,2.15,300,347,20899,0.0007,180.66,0.009106283076107502,-1.1622730493545532,-1.2849829196929932,5.649898594128899e-05
105000,21000,2.09,300,348,20999,0.0007,180.69,0.02185579016804695,-1.0322474241256714,-2.4598159790039062,0.0010726525215432048
105500,21100,2.15,301,350,21099,0.0007,181.65,0.01893339864909649,-0.9477529525756836,-3.9812817573547363,0.0008282092749141157
106000,21200,2.19,301,352,21199,0.0007,182.19,0.008940543048083782,-1.1863144636154175,0.5851144790649414,6.875399412820116e-05
106500,21300,2.2,301,353,21299,0.0007,182.62,0.2876910865306854,-1.0105724334716797,-109.03937530517578,0.08391772955656052
107000,21400,2.27,301,355,21399,0.0007,183.86,0.020568151026964188,-0.8189287185668945,-0.11070525646209717,0.0010743403108790517
107500,21500,2.32,301,356,21499,0.0007,184.53,0.0046448553912341595,-1.0812479257583618,0.8444709181785583,2.5465136786806397e-05
108000,21600,2.37,301,358,21599,0.0007,185.21,0.17669688165187836,-0.7724404335021973,0.9723400473594666,0.0420081727206707
108500,21700,2.41,301,359,21699,0.0007,186.55,-0.013037944212555885,-0.8840910792350769,0.9785378575325012,0.00030220404732972383
109000,21800,2.46,301,361,21799,0.0007,187.21,-0.13247501850128174,-0.6859229207038879,-12.575397491455078,0.012159968726336956
109500,21900,2.55,301,363,21899,0.0007,189.13,-0.0077590541914105415,-1.0712453126907349,0.15383267402648926,9.874781972030178e-05
110000,22000,2.59,301,364,21999,0.0007,189.18,-0.009131202474236488,-0.7918018698692322,-0.6138617992401123,0.0003778977843467146
110500,22100,2.62,301,366,22099,0.0007,190.21,0.020269257947802544,-1.132723093032837,-29.8574275970459,0.0010790409287437797
111000,22200,2.75,301,367,22199,0.0007,192.68,0.006754666566848755,-0.4176267087459564,-4.992104530334473,0.0033489556517452
111500,22300,2.71,301,369,22299,0.0007,191.07,-0.004930881317704916,-0.45365849137306213,0.9651093482971191,0.009636752307415009
112000,22400,2.74,301,371,22399,0.0007,191.12,-0.00400391174480319,-0.9493112564086914,-3.874997615814209,0.0002234217245131731
112500,22500,2.74,301,372,22499,0.0007,191.07,0.017634626477956772,-0.5727956891059875,-3.3150076866149902,0.00438616331666708
113000,22600,2.74,301,374,22599,0.0007,191.02,0.0217460747808218,-0.7586318850517273,-3.5432863235473633,0.0016530699795112014
113500,22700,2.62,301,375,22699,0.0007,189.14,-0.0016453353455290198,-0.7118996977806091,0.8296453952789307,8.932965101848822e-06
114000,22800,2.53,301,377,22799,0.0007,187.16,-0.0031865553464740515,-1.018295168876648,0.21428167819976807,2.7086327463621274e-05
114500,22900,2.53,301,379,22899,0.0007,187.26,0.02589893899857998,-0.8897151947021484,-23.21281623840332,0.00042397770448587835
115000,23000,2.55,301,380,22999,0.0007,188.29,5.145762042957358e-05,-0.5412489771842957,0.7637479305267334,4.283477392164059e-05
115500,23100,2.62,302,382,23099,0.0007,190.45,-0.028015241026878357,-0.39361244440078735,-0.05759298801422119,0.006474836263805628
116000,23200,2.69,302,384,23199,0.0007,192.67,-0.524752140045166,-0.8573393821716309,nan,0.16539812088012695
116500,23300,2.81,302,385,23299,0.0007,194.6,-0.27273029088974,-0.7388917803764343,0.8700178861618042,0.17262819409370422
117000,23400,2.9,302,387,23399,0.0007,196.54,0.003356602042913437,-0.24719500541687012,0.9873021245002747,0.0021001610439270735
117500,23500,2.95,302,388,23499,0.0007,198.12,-0.0059004309587180614,-0.7231252789497375,0.7731268405914307,0.00025847810320556164
118000,23600,3.03,302,390,23599,0.0007,200.68,0.0008920590626075864,-0.38541004061698914,0.30213475227355957,0.00033567383070476353
118500,23700,3.09,302,392,23699,0.0007,202.84,-0.00027200530166737735,-0.8652856945991516,0.8693421483039856,1.1563970474526286e-05
119000,23800,3.11,302,393,23799,0.0007,203.69,-0.011437228880822659,-0.7495410442352295,-20.637676239013672,0.0004963495885021985
119500,23900,3.11,302,395,23899,0.0007,203.8,0.005687206983566284,-0.48784762620925903,0.9386903643608093,0.000182799412868917
120000,24000,3.12,302,396,23999,0.0007,202.69,0.002523951232433319,-0.8877038955688477,-0.48832178115844727,6.35781543678604e-05
120500,24100,3.24,302,398,24099,0.0007,205.59,-0.0031475182622671127,-0.37780892848968506,-1.1032493114471436,0.0014950589975342155
121000,24200,3.32,302,400,24199,0.0007,207.38,-0.0070296102203428745,-0.7495631575584412,-13.789385795593262,0.0006402679136954248
121500,24300,3.36,302,401,24299,0.0007,208.57,-0.005947666708379984,-0.9951402544975281,-160.47640991210938,0.00014907405420672148
122000,24400,3.48,302,403,24399,0.0007,211.49,-4.841767076868564e-05,-0.029036814346909523,0.0,0.00018494691175874323
122500,24500,3.51,302,404,24499,0.0007,211.29,0.013881191611289978,-0.7810477614402771,0.9323972463607788,0.005077547859400511
123000,24600,3.53,302,406,24599,0.0007,211.96,0.001307142898440361,-0.677379310131073,-0.3453669548034668,0.00046150246635079384
123500,24700,3.37,302,408,24699,0.0007,209.28,0.04688732698559761,-0.8347731828689575,-3.676642417907715,0.00535575533285737
124000,24800,3.34,302,409,24799,0.0007,209.01,0.00506998598575592,-0.6318606734275818,0.9951220750808716,0.00113438512198627
124500,24900,3.25,302,411,24899,0.0007,206.99,-0.006021879147738218,-0.7340888381004333,-13.843168258666992,0.0003666680713649839
125000,25000,3.24,302,413,24999,0.0007,206.71,-0.02237369678914547,-1.0148102045059204,0.9994227290153503,0.0008221963653340936
125500,25100,3.23,302,414,25099,0.0007,206.42,-0.017193106934428215,-0.37984398007392883,-0.041713714599609375,0.0019151857122778893
126000,25200,3.23,302,416,25199,0.0007,206.46,-0.00205815932713449,-0.47330066561698914,0.8239437937736511,0.0002324729721294716
126500,25300,3.2,302,417,25299,0.0007,206.26,0.08419717848300934,-0.6131569147109985,-67.43685913085938,0.029869569465517998
127000,25400,3.21,302,419,25399,0.0007,206.41,0.027963787317276,-0.5217452645301819,0.13420462608337402,0.00113538873847574
127500,25500,3.16,302,420,25499,0.0007,205.91,-0.0019221993861719966,-0.720949649810791,0.5650055408477783,6.490798841696233e-05
128000,25600,3.12,302,422,25599,0.0007,205.78,-0.0322415828704834,-0.704265832901001,-0.7476435899734497,0.002699000993743539
128500,25700,3.11,302,424,25699,0.0007,205.44,-0.014495051465928555,-0.9924750328063965,-5.440801620483398,0.0003203426895197481
129000,25800,3.07,302,425,25799,0.0007,204.14,-0.17699213325977325,-0.8563342094421387,nan,0.04081275686621666
129500,25900,3.07,302,427,25899,0.0007,204.12,-0.0058790091425180435,-0.7010969519615173,-0.19385290145874023,0.0003066557692363858
130000,26000,2.97,303,429,25999,0.0007,202.61,0.0034916631411761045,-0.8537033200263977,0.347006618976593,5.222890104050748e-05
130500,26100,2.98,303,430,26099,0.0007,202.85,-0.005552883725613356,-0.7070082426071167,0.4639888405799866,0.00010328151984140277
131000,26200,2.98,303,432,26199,0.0007,202.7,-0.0011074468493461609,-0.4798569679260254,-1.2226974964141846,0.0003620236529968679
131500,26300,2.95,303,433,26299,0.0007,202.59,-0.003667248412966728,-0.6948776841163635,0.6154640913009644,7.208680472103879e-05
132000,26400,2.94,303,435,26399,0.0007,202.32,-0.046300895512104034,-0.6616756319999695,-1.962378740310669,0.0006040857988409698
132500,26500,2.9,303,436,26499,0.0007,201.94,0.0665692612528801,-0.6208516955375671,-2.4364376068115234,0.006801216397434473
133000,26600,2.94,303,438,26599,0.0007,202.3,0.00104178162291646,-0.28517070412635803,0.45142292976379395,0.0002762133372016251
133500,26700,3.01,303,440,26699,0.0007,203.58,0.009458824060857296,-0.6464269757270813,-1.1521708965301514,0.00045230286195874214
134000,26800,3.03,303,441,26799,0.0007,204.29,0.0005370522267185152,-0.25374364852905273,0.9537845849990845,4.5474993385141715e-05
134500,26900,3.12,303,443,26899,0.0007,206.3,-0.26334354281425476,-0.6713553667068481,0.7993643879890442,0.16329708695411682
135000,27000,3.12,303,444,26999,0.0007,206.38,0.04683462157845497,-0.33384838700294495,-2.933640241622925,0.002520453417673707
135500,27100,3.07,303,446,27099,0.0007,204.44,-0.001127697410993278,-0.7554326057434082,-2.0582876205444336,4.2689625843195245e-05
136000,27200,3.08,303,448,27199,0.0007,204.8,0.033366162329912186,-0.44258251786231995,0.6091989278793335,0.0029407083056867123
136500,27300,3.08,303,449,27299,0.0007,204.75,0.001545221428386867,-0.5382676124572754,-1.257204294204712,0.001183832879178226
137000,27400,2.99,303,451,27399,0.0007,203.7,0.013475733809173107,-0.6532440781593323,-2.3855783939361572,0.0007122914539650083
137500,27500,2.94,303,452,27499,0.0007,202.9,-0.003915601875633001,-0.5197617411613464,0.3857003450393677,0.0005168544594198465
138000,27600,2.95,303,454,27599,0.0007,203.14,-0.007931794039905071,-0.26131483912467957,-0.047226667404174805,0.0005456813960336149
138500,27700,2.95,303,456,27699,0.0007,202.96,-0.002172424690797925,-0.48991844058036804,0.9009613394737244,0.0001530382432974875
139000,27800,2.95,303,457,27799,0.0007,202.6,-0.009454518556594849,-0.6343402862548828,-0.05091261863708496,0.0007739146240055561
139500,27900,2.97,303,459,27899,0.0007,203.17,3.455171827226877e-05,-0.2035731077194214,-2.233205795288086,0.0012193018337711692
140000,28000,3.02,303,460,27999,0.0007,203.81,0.0005945381126366556,-0.18013446033000946,0.9732624888420105,0.00017469136219006032
140500,28100,3.02,303,462,28099,0.0007,203.7,-0.0004444450605660677,-0.1284664124250412,-2.4155447483062744,0.000138006653287448
141000,28200,2.98,303,464,28199,0.0007,203.3,-0.026669180020689964,-0.7192210555076599,0.9928963780403137,0.006276056170463562
141500,28300,2.96,303,465,28299,0.0007,203.3,-0.0003822996513918042,-0.1303517371416092,-0.23902010917663574,0.00020119795226491988
142000,28400,2.92,303,467,28399,0.0007,202.91,-0.02596762590110302,-0.5911185145378113,0.9701400399208069,0.008270801976323128
142500,28500,2.92,303,468,28499,0.0007,202.8,-0.0013819955056533217,-0.43253108859062195,0.6453494429588318,9.53396302065812e-05
143000,28600,2.86,303,470,28599,0.0007,201.82,-0.028001073747873306,-0.47227388620376587,-10.279703140258789,0.004381190519779921
143500,28700,2.86,304,471,28699,0.0007,201.65,0.00021527586795855314,-0.9601221084594727,-16.523897171020508,2.4351440515602008e-05
144000,28800,2.82,304,473,28799,0.0007,200.41,0.02986760251224041,-0.6944841742515564,-1.7365124225616455,0.00040192584856413305
144500,28900,2.84,304,475,28899,0.0007,200.94,-0.000705685350112617,-0.5302339792251587,0.9265742301940918,1.370357222185703e-05
145000,29000,2.88,304,476,28999,0.0007,202.22,0.01592492312192917,-0.38615208864212036,-17.273521423339844,0.003942371811717749
145500,29100,2.91,304,478,29099,0.0007,203.02,-0.003115177620202303,-0.6742655038833618,0.3477467894554138,0.00012676758342422545
146000,29200,2.92,304,480,29199,0.0007,203.32,-0.008803057484328747,-0.2505442798137665,0.4360700249671936,0.0008345772512257099
146500,29300,2.88,304,481,29299,0.0007,202.93,0.00015480721776839346,-0.10532043129205704,0.8118472695350647,6.680795922875404e-05
147000,29400,2.88,304,483,29399,0.0007,202.95,-0.017186572775244713,-0.6885537505149841,-0.08870935440063477,0.0008339905180037022
147500,29500,2.89,304,484,29499,0.0007,203.22,-0.00011922709381906316,-0.08899863809347153,0.18220019340515137,0.00012510996020864695
148000,29600,2.88,304,486,29599,0.0007,202.49,-0.029511461034417152,-0.6101337671279907,-32.37217712402344,0.0018587909871712327
148500,29700,2.83,304,488,29699,0.0007,202.14,-6.241968435460876e-07,-0.00045526688336394727,-0.8000806570053101,0.0003210491267964244
149000,29800,2.87,304,489,29799,0.0007,203.31,0.013733121566474438,-0.5386614799499512,0.9963597655296326,0.00348473503254354
149500,29900,2.88,304,491,29899,0.0007,203.6,-0.0011638076975941658,-0.17968681454658508,-5.873837947845459,0.0014241812750697136
150000,30000,2.81,304,492,29999,0.0007,202.31,-0.012247818522155285,-0.5128804445266724,-0.23427331447601318,0.0003944284690078348
150500,30100,2.84,304,494,30099,0.0007,203.21,0.04006160423159599,-0.22551989555358887,-11.286617279052734,0.0005549240740947425
151000,30200,2.79,304,496,30199,0.0007,202.52,0.004427448846399784,-0.31241700053215027,-0.6432904005050659,6.986642983974889e-05
151500,30300,2.8,304,497,30299,0.0007,202.83,0.0009594500297680497,-0.2617017924785614,-19.40705108642578,0.00022221631661523134
152000,30400,2.66,304,499,30399,0.0007,199.32,6.374937129294267e-07,-0.0013592711184173822,-35.33766174316406,1.9635399439721368e-05
152500,30500,2.6,304,500,30499,0.0007,198.35,-0.0050278231501579285,-0.3769943416118622,-18.702404022216797,0.0035389007534831762
153000,30600,2.59,304,502,30599,0.0007,197.93,-0.0041836961172521114,-0.21813707053661346,0.7271812558174133,3.299564923509024e-05
153500,30700,2.55,304,504,30699,0.0007,197.39,-0.01271794456988573,-0.4630744159221649,-129.64483642578125,0.015251374803483486
154000,30800,2.48,304,505,30799,0.0007,195.97,0.0016186162829399109,-0.9418547749519348,0.23000144958496094,0.00013708787446375936
154500,30900,2.49,304,507,30899,0.0007,196.13,0.027837295085191727,-1.0448217391967773,-2.5639662742614746,0.0009990964317694306
155000,31000,2.48,304,508,30999,0.0007,195.95,0.0004592458426486701,-0.2413521260023117,-0.12662029266357422,0.00013822436449117959
155500,31100,2.51,304,510,31099,0.0007,196.87,0.21895471215248108,-0.8156278729438782,-1.1920928955078125e-07,0.1391940861940384
156000,31200,2.49,304,512,31199,0.0007,196.29,-0.0010560395894572139,-0.6308032870292664,0.3661494851112366,3.5966622817795724e-05
156500,31300,2.51,304,513,31299,0.0007,196.96,-0.0009357929229736328,-0.5946203470230103,-0.18614161014556885,0.00018603017088025808
157000,31400,2.5,304,515,31399,0.0007,196.72,0.0057397629134356976,-0.8434988260269165,-27.263465881347656,9.522006439510733e-05
157500,31500,2.5,304,516,31499,0.0007,196.7,-0.09746849536895752,-0.7662332653999329,-91.99146270751953,0.03033723309636116
158000,31600,2.47,304,518,31599,0.0007,195.71,0.009880680590867996,-0.39124950766563416,0.0,0.006875419057905674
158500,31700,2.45,304,520,31699,0.0007,195.14,-0.03183047100901604,-1.1384903192520142,0.0019135475158691406,0.0010267645120620728
159000,31800,2.38,304,521,31799,0.0007,193.86,-0.003307727398350835,-1.0702643394470215,-0.40270543098449707,0.0005302865174598992
159500,31900,2.34,304,523,31899,0.0007,193.5,-0.006144227925688028,-0.5287613272666931,-0.1276836395263672,0.0010662369895726442
160000,32000,2.35,304,524,31999,0.0007,193.76,0.00562649592757225,-0.8826999664306641,0.5173892974853516,0.00037337219691835344
160500,32100,2.35,304,526,32099,0.0007,193.76,-6.0553291405085474e-05,-0.07887665182352066,0.475727915763855,0.000282872497336939
161000,32200,2.31,304,528,32199,0.0007,192.71,-7.503921750640075e-08,-0.00019024002540390939,0.0,2.9434397220029496e-05
161500,32300,2.23,304,529,32299,0.0007,190.35,1.2374751001686946e-08,-6.0298043536022305e-05,-43.60403823852539,1.0102346095663961e-05
162000,32400,2.15,304,531,32399,0.0007,187.95,-1.4422541383396492e-08,-9.516585123492405e-05,-5.436359405517578,6.906964699737728e-06
162500,32500,2.08,304,532,32499,0.0007,185.87,-4.307024425997952e-07,-0.0017487964360043406,0.511759877204895,7.996124622877687e-06
163000,32600,1.95,304,534,32599,0.0007,181.92,2.9032031889641985e-08,-0.0016738566337153316,-2.7533557415008545,4.6088239002983755e-08
163500,32700,1.83,304,536,32699,0.0007,178.2,-6.042802851879969e-05,-0.14588896930217743,-1.8683531284332275,6.343117547658039e-06
164000,32800,1.78,304,537,32799,0.0007,176.81,0.000242029971559532,-0.30463048815727234,0.009468615055084229,1.6937166947172955e-05
164500,32900,1.74,305,539,32899,0.0007,175.48,-0.00043997212196700275,-0.15087321400642395,0.1332249641418457,0.0008364787208847702
165000,33000,1.78,305,540,32999,0.0007,175.88,0.07459210604429245,-0.9018942713737488,-1.964728593826294,0.001894905581139028
165500,33100,1.86,305,542,33099,0.0007,176.69,-0.038711439818143845,-0.9707134366035461,0.0917884111404419,0.0007818948361091316
166000,33200,1.9,305,544,33199,0.0007,176.67,-0.008208194747567177,-0.6028730869293213,0.47012144327163696,0.0006686343112960458
166500,33300,1.92,305,545,33299,0.0007,177.32,-0.0067144096828997135,-1.1641539335250854,-890.8892211914062,0.00015640270430594683
167000,33400,1.96,305,547,33399,0.0007,177.75,0.028772318735718727,-0.2565290331840515,-1.5960102081298828,0.002403276739642024
167500,33500,2.09,305,548,33499,0.0007,179.14,0.012759747914969921,-0.6139211058616638,0.11578923463821411,0.0006782462005503476
168000,33600,2.13,305,550,33599,0.0007,179.7,0.0004818449669983238,-0.1783694475889206,0.930562436580658,0.00011612020171014592
168500,33700,2.21,305,552,33699,0.0007,180.51,0.0005418546497821808,-0.08628694713115692,0.8534459471702576,0.001025289879180491
169000,33800,2.24,305,553,33799,0.0007,180.73,0.013571067713201046,-0.49315690994262695,0.8300836682319641,0.001340443268418312
169500,33900,2.28,305,555,33899,0.0007,181.12,-0.015989011153578758,-0.7688978314399719,0.07562887668609619,0.000545315386261791
170000,34000,2.32,305,556,33999,0.0007,182.28,-0.0017546262824907899,-0.14292138814926147,-13.91791820526123,0.003981416113674641
170500,34100,2.4,305,558,34099,0.0007,184.67,0.012843606062233448,-0.7264406085014343,0.2224540114402771,0.0014154877280816436
171000,34200,2.38,305,560,34199,0.0007,184.09,-0.00015035791147965938,-0.07241315394639969,-4.894667625427246,0.00019934777810703963
171500,34300,2.31,305,561,34299,0.0007,182.0,-1.0571379789325874e-05,-0.023533184081315994,-21.804828643798828,3.0149447411531582e-05
172000,34400,2.3,305,563,34399,0.0007,182.02,-0.0004860721528530121,-0.2024160921573639,0.7494344115257263,0.00010996517085004598
172500,34500,2.27,305,564,34499,0.0007,181.27,-3.3370051824022084e-05,-0.12478940933942795,-1.151709794998169,0.00011296578304609284
173000,34600,2.25,305,566,34599,0.0007,180.42,0.03207680210471153,-0.7286277413368225,-4.052785396575928,0.0048206704668700695
173500,34700,2.28,305,568,34699,0.0007,180.42,-0.001587981591001153,-0.7927940487861633,0.6326652765274048,3.0748935387237e-05
174000,34800,2.24,305,569,34799,0.0007,179.2,-0.020195327699184418,-0.4365968704223633,-3.08939266204834,0.0005911971675232053
174500,34900,2.28,305,571,34899,0.0007,179.41,-0.014371401630342007,-0.9718015789985657,-0.06986498832702637,0.00047378064482472837
175000,35000,2.28,305,573,34999,0.0007,179.39,-0.10565352439880371,-0.3897213339805603,0.0,0.007877970114350319
175500,35100,2.26,305,574,35099,0.0007,178.79,0.03316432237625122,-0.6614164710044861,0.9845931529998779,0.0041382769122719765
176000,35200,2.28,305,576,35199,0.0007,179.4,-0.04942550137639046,-1.0410493612289429,0.9944397211074829,0.00381738250143826
176500,35300,2.33,305,577,35299,0.0007,180.04,-0.00711167324334383,-0.8309513330459595,-4.5086541175842285,0.002104114508256316
177000,35400,2.34,305,579,35399,0.0007,180.28,-0.007289165165275335,-0.9804931879043579,0.35717058181762695,4.0905877540353686e-05
177500,35500,2.39,305,581,35499,0.0007,180.92,-0.02451414242386818,-0.5400323867797852,0.694961667060852,0.0007425903459079564
178000,35600,2.39,305,582,35599,0.0007,181.03,0.2792057693004608,-1.1607789993286133,-3.405196189880371,0.06565705686807632
178500,35700,2.43,305,584,35699,0.0007,181.47,0.3919825553894043,-1.1937555074691772,-6.069706916809082,0.12028708308935165
179000,35800,2.4,305,585,35799,0.0007,180.62,-0.025314336642622948,-1.095973014831543,-0.4020206928253174,0.0007321815937757492
179500,35900,2.46,305,587,35899,0.0007,182.53,0.2487952560186386,-0.8973196148872375,-1149.762451171875,0.13710832595825195
180000,36000,2.59,305,589,35999,0.0007,185.7,-0.11578436195850372,-0.7077620625495911,-37.27458953857422,0.005500327330082655
180500,36100,2.67,305,590,36099,0.0007,187.26,0.00916392169892788,-1.1141046285629272,0.6716296672821045,7.138010550988838e-05
181000,36200,2.74,305,592,36199,0.0007,189.62,0.003669966012239456,-0.6702175140380859,-14.791742324829102,0.0017371721332892776
181500,36300,2.76,305,593,36299,0.0007,191.8,0.007182466331869364,-0.9710226058959961,-0.5684728622436523,7.937638292787597e-05
182000,36400,2.82,305,595,36399,0.0007,193.72,-0.008825982920825481,-0.9231498837471008,0.14239227771759033,0.00021266078692860901
182500,36500,2.9,305,597,36499,0.0007,196.2,0.206475168466568,-0.9352357983589172,nan,0.03322988748550415
183000,36600,2.95,305,598,36599,0.0007,197.7,0.23528996109962463,-0.4645109176635742,-44.35712432861328,0.03365430235862732
183500,36700,3.01,305,600,36699,0.0007,199.55,-0.0063492790795862675,-0.6861451268196106,0.14931511878967285,0.0006829083431512117
184000,36800,3.12,305,602,36799,0.0007,201.86,-0.004336909856647253,-0.20049135386943817,0.9854042530059814,0.002452673390507698
184500,36900,3.15,305,603,36899,0.0007,202.79,0.001320630544796586,-0.24854512512683868,-15.109893798828125,0.0024191841948777437
185000,37000,3.1,305,605,36999,0.0007,202.24,0.0018819303950294852,-0.6873291730880737,-0.3454049825668335,9.598703036317602e-05
185500,37100,2.99,305,606,37099,0.0007,200.49,-0.026735201478004456,-0.49415645003318787,-10.39452075958252,0.0012191144051030278
186000,37200,2.98,305,608,37199,0.0007,200.17,0.037918709218502045,-0.8732263445854187,-3.665304183959961,0.009597641415894032
186500,37300,2.97,305,609,37299,0.0007,199.77,-0.07283836603164673,-0.45989033579826355,0.8177942037582397,0.06163199618458748
187000,37400,2.94,305,611,37399,0.0007,199.72,0.00020297658920753747,-0.872610867023468,-0.0847940444946289,3.3423315471736714e-05
187500,37500,2.86,305,613,37499,0.0007,199.03,-0.00498705729842186,-0.7538859248161316,0.4765242338180542,9.620371565688401e-05
188000,37600,2.8,305,614,37599,0.0007,198.69,-0.003654438303783536,-1.075745701789856,-14.009608268737793,4.6894765546312556e-05
188500,37700,2.71,305,616,37699,0.0007,197.71,-0.008859324268996716,-0.4422738254070282,-1.0155770778656006,0.002065636683255434
189000,37800,2.65,305,618,37799,0.0007,196.61,-0.05101888254284859,-0.6039091348648071,0.9539778232574463,0.012533155269920826
189500,37900,2.64,305,619,37899,0.0007,196.3,-0.03734886273741722,-0.1682734191417694,0.9555544257164001,0.009118490852415562
190000,38000,2.62,305,621,37999,0.0007,195.73,0.003020467236638069,-0.44937917590141296,-7.759159088134766,0.00010036247840616852
190500,38100,2.61,305,622,38099,0.0007,195.4,-0.014243482612073421,-0.40408918261528015,-6.717665672302246,0.00042420794488862157
191000,38200,2.67,305,624,38199,0.0007,197.24,0.011623024940490723,-1.028654932975769,-0.3529934883117676,0.00040207282290793955
191500,38300,2.7,305,625,38299,0.0007,197.98,0.00019928986148443073,-0.1603565216064453,0.8895606398582458,3.392747021280229e-05
192000,38400,2.74,305,627,38399,0.0007,198.87,-4.325812915340066e-05,-0.03234853222966194,0.9810642004013062,8.713170245755464e-05
192500,38500,2.71,305,629,38499,0.0007,197.95,0.0009574126452207565,-0.9786069989204407,0.5277218818664551,0.0001362823386443779
193000,38600,2.75,306,630,38599,0.0007,199.5,-0.007434400264173746,-0.4467603862285614,-0.8737680912017822,0.0009002901497296989
193500,38700,2.75,306,632,38699,0.0007,199.55,0.06781161576509476,-0.9150719046592712,0.36648744344711304,0.0030961784068495035
194000,38800,2.83,306,633,38799,0.0007,201.21,0.039150308817625046,-0.9383556246757507,0.20298433303833008,0.0028509541880339384
194500,38900,2.81,306,635,38899,0.0007,201.53,-0.009183413349092007,-0.4364229738712311,0.492074191570282,0.005409823264926672
195000,39000,2.83,306,637,38999,0.0007,202.17,0.019283566623926163,-0.619570255279541,-6.240079879760742,0.0009346766746602952
195500,39100,2.83,306,638,39099,0.0007,202.28,1.1247873771935701e-05,-0.03697716072201729,-2.184854030609131,0.0013324248138815165
196000,39200,2.93,306,640,39199,0.0007,203.73,-0.03995596244931221,-0.8243119120597839,-29.11798667907715,0.009505200199782848
196500,39300,2.94,306,641,39299,0.0007,204.09,-0.17075324058532715,-0.9402329325675964,-39.473114013671875,0.02377580851316452
197000,39400,2.96,306,643,39399,0.0007,204.19,-1.908079684653785e-05,-0.17125184834003448,-1.3939769268035889,0.0011845570988953114
197500,39500,3.04,306,645,39499,0.0007,204.99,-0.37954556941986084,-0.9082019925117493,nan,0.24331890046596527
198000,39600,3.03,306,646,39599,0.0007,204.74,0.0008129544439725578,-0.28488895297050476,0.34650033712387085,0.0003528726228978485
198500,39700,3.02,306,648,39699,0.0007,204.36,0.0008445529383607209,-0.5697534680366516,-96.30316925048828,0.0001630252954782918
199000,39800,2.96,306,649,39799,0.0007,203.27,0.13434505462646484,-0.39973852038383484,-454.0399169921875,0.08054935187101364
199500,39900,3.12,306,651,39899,0.0007,205.47,0.08547135442495346,-0.4457276463508606,-62.32878494262695,0.02385259047150612
200000,40000,3.06,306,653,39999,0.0007,204.47,-1.1028169393539429,-1.1137436628341675,nan,0.44505414366722107
200500,40100,3.09,306,654,40099,0.0007,204.67,-0.0018676400650292635,-0.8377752304077148,0.6930593252182007,2.5637424187152646e-05
201000,40200,3.06,306,656,40199,0.0007,204.78,-0.012378312647342682,-0.5585120916366577,-0.6327289342880249,0.0010165338171646
201500,40300,3.14,306,657,40299,0.0007,205.28,-0.01073099859058857,-0.7427296042442322,0.9800755381584167,0.0033910986967384815
202000,40400,3.23,306,659,40399,0.0007,205.53,-6.431154906749725e-05,-1.0421501398086548,-6.3906474113464355,0.00013846223009750247
202500,40500,3.27,306,661,40499,0.0007,205.95,0.00574874272570014,-0.4248977303504944,0.09750491380691528,0.0009786259615793824
203000,40600,3.28,306,662,40599,0.0007,206.33,-0.03464975580573082,-1.1916985511779785,0.16260462999343872,0.00034805090399459004
203500,40700,3.28,306,664,40699,0.0007,206.37,-0.1356816440820694,-1.2492897510528564,-19.406782150268555,0.013684413395822048
204000,40800,3.31,306,665,40799,0.0007,207.78,-0.016401806846261024,-1.2576360702514648,0.0,0.0003720235254149884
204500,40900,3.34,306,667,40899,0.0007,208.02,-0.022017112001776695,-0.99983149766922,0.47150862216949463,0.00044521960080601275
205000,41000,3.33,306,669,40999,0.0007,207.87,-0.000975755974650383,-0.1319315880537033,-6.957314968109131,0.0033991814125329256
205500,41100,3.4,306,670,41099,0.0007,209.27,0.001504423446021974,-0.2625431716442108,-19.70138168334961,0.0023919350933283567
206000,41200,3.39,306,672,41199,0.0007,209.0,-0.0008659037994220853,-0.45621004700660706,-4.105827808380127,0.0012593413703143597
206500,41300,3.41,306,673,41299,0.0007,209.7,0.049696628004312515,-0.3125744163990021,0.9517911672592163,0.2536526322364807
207000,41400,3.4,306,675,41399,0.0007,209.95,0.01971481926739216,-0.7778962254524231,-0.9896405935287476,0.0027793629560619593
207500,41500,3.4,306,677,41499,0.0007,209.99,-0.024061044678092003,-0.39361152052879333,0.9361374974250793,0.01236670557409525
208000,41600,3.49,306,678,41599,0.0007,211.01,-0.06540413945913315,-0.16327159106731415,0.4387686252593994,0.2242361158132553
208500,41700,3.48,306,680,41699,0.0007,210.74,0.0020729913376271725,-0.9095607995986938,0.7859233617782593,2.790729013213422e-05
209000,41800,3.47,306,681,41799,0.0007,210.44,-0.006635282188653946,-1.1303884983062744,0.2782513499259949,0.00010470501001691446
209500,41900,3.47,306,683,41899,0.0007,210.37,-0.0035715859849005938,-0.7843273878097534,0.9507611989974976,0.00012836376845370978
210000,42000,3.53,306,685,41999,0.0007,211.33,0.01574818231165409,-0.6112377047538757,0.2720997929573059,0.0015442861476913095
210500,42100,3.6,306,686,42099,0.0007,212.6,-0.011198223568499088,-0.5931744575500488,-1.1223759651184082,0.0006410967907868326
211000,42200,3.61,306,688,42199,0.0007,212.88,0.010914995335042477,-0.9573661088943481,0.8377295732498169,0.00015439389972016215
211500,42300,3.6,306,690,42299,0.0007,212.56,-0.0923161432147026,-0.645052433013916,-144.34388732910156,0.012721344828605652
212000,42400,3.62,306,691,42399,0.0007,213.15,-0.004084857180714607,-0.9460840225219727,0.8798190355300903,4.045656169182621e-05
212500,42500,3.62,306,693,42499,0.0007,213.21,-3.6276407627156004e-05,-0.038251012563705444,-0.8008565902709961,0.0009312996990047395
213000,42600,3.56,306,694,42599,0.0007,211.41,-4.802800958714215e-06,-0.009071636013686657,-325.0982360839844,0.00010189006570726633
213500,42700,3.57,306,696,42699,0.0007,211.72,-0.0030160031747072935,-0.6392934322357178,0.9577648639678955,0.0130773289129138
214000,42800,3.6,306,697,42799,0.0007,212.48,0.000898266036529094,-0.36854708194732666,0.44406330585479736,8.496642112731934e-05
214500,42900,3.59,306,699,42899,0.0007,211.95,0.048537347465753555,-0.6000341176986694,0.9976135492324829,0.002721634693443775
215000,43000,3.51,306,701,42999,0.0007,211.05,0.00019300926942378283,-0.09410618990659714,-0.7783188819885254,0.0013929756823927164
215500,43100,3.49,306,702,43099,0.0007,210.41,0.007495170924812555,-0.3306327760219574,0.8343826532363892,9.353443601867184e-05
216000,43200,3.5,306,704,43199,0.0007,210.64,-0.00306809158064425,-0.8964082598686218,0.5302935838699341,0.00015477079432457685
216500,43300,3.41,306,706,43299,0.0007,209.47,0.007376851048320532,-0.3880140781402588,0.9203912019729614,0.00011452436592662707
217000,43400,3.41,306,707,43399,0.0007,209.38,0.048233021050691605,-1.0390958786010742,-1.0966968536376953,0.0035239767748862505
217500,43500,3.42,306,709,43499,0.0007,209.55,-1.3259603974802303e-06,-0.053973354399204254,0.9171351790428162,1.2932325262227096e-05
218000,43600,3.23,306,710,43599,0.0007,206.83,-0.03737222030758858,-0.7810868620872498,nan,0.015345746651291847
218500,43700,3.24,306,712,43699,0.0007,207.1,0.02669934369623661,-0.9049301147460938,-3.225151538848877,0.0005669009988196194
219000,43800,3.25,306,714,43799,0.0007,207.35,-3.70024899893906e-05,-0.21196436882019043,0.9693773984909058,2.041392008322873e-06
219500,43900,3.24,306,715,43899,0.0007,206.98,-0.0007015857845544815,-0.22031603753566742,-0.19030416011810303,0.00024214436416514218
220000,44000,3.25,306,717,43999,0.0007,207.32,-0.029539326205849648,-0.650057852268219,-1.4046025276184082,0.004645497538149357
220500,44100,3.14,306,718,44099,0.0007,205.67,0.008756207302212715,-0.41257548332214355,-13.71832275390625,0.0010547538986429572
221000,44200,3.16,306,720,44199,0.0007,206.32,0.012306957505643368,-0.6817957162857056,-1.5964252948760986,0.0015994053101167083
221500,44300,3.13,306,722,44299,0.0007,205.94,-0.004010253120213747,-0.8827776312828064,0.2818760275840759,8.928887837100774e-05
222000,44400,3.06,306,723,44399,0.0007,205.59,0.03748941048979759,-0.640096127986908,0.9860697388648987,0.007798365782946348
222500,44500,3.06,306,725,44499,0.0007,205.57,-0.010433407500386238,-0.9621055722236633,-0.6372971534729004,0.0006269376026466489
223000,44600,3.02,306,726,44599,0.0007,205.1,-0.0006268566357903183,-0.21437902748584747,0.6956336498260498,0.0002300681808264926
223500,44700,3.1,306,728,44699,0.0007,205.82,-0.000631385191809386,-0.6294165849685669,-28.210355758666992,1.4622220078308601e-05
224000,44800,3.19,306,730,44799,0.0007,206.78,2.0670402591349557e-05,-0.1404009312391281,0.9981400370597839,0.0007521063089370728
224500,44900,3.15,306,731,44899,0.0007,205.03,0.01585070602595806,-0.9364272952079773,0.7221837639808655,0.0005658632144331932
225000,45000,3.1,306,733,44999,0.0007,204.07,0.007695648353546858,-0.5963996052742004,-0.13637030124664307,0.00034820157452486455
225500,45100,3.06,306,734,45099,0.0007,203.68,0.0038839064072817564,-0.5590738654136658,-0.04413414001464844,0.00040340874693356454
226000,45200,3.03,306,736,45199,0.0007,203.49,0.005051129497587681,-0.3528781533241272,-0.9269701242446899,0.0014183392049744725
226500,45300,3.04,306,738,45299,0.0007,203.61,-0.04790734872221947,-0.27574092149734497,0.9810006022453308,0.004579279571771622
227000,45400,2.95,306,739,45399,0.0007,201.14,-0.08887441456317902,-0.7275415658950806,-1.2245166301727295,0.006673858966678381
227500,45500,2.96,306,741,45499,0.0007,201.38,-0.0037938591558486223,-0.9842783808708191,-1.501145839691162,0.0001392572739860043
228000,45600,2.93,306,742,45599,0.0007,201.32,0.0025487004313617945,-0.6023203134536743,-1.9367091655731201,0.00040504979551769793
228500,45700,2.86,306,744,45699,0.0007,199.96,0.04923541471362114,-0.9178838133811951,0.7323089838027954,0.005381599068641663
229000,45800,2.86,306,746,45799,0.0007,200.07,-0.021678157150745392,-0.5725182890892029,-6.617896556854248,0.0057076215744018555
229500,45900,2.86,306,747,45899,0.0007,200.05,0.09081494808197021,-0.7122825980186462,-59.365745544433594,0.02519826404750347
230000,46000,2.82,306,749,45999,0.0007,199.76,0.25705686211586,-1.0465213060379028,-67.05721282958984,0.06790386885404587
230500,46100,2.76,306,750,46099,0.0007,198.73,0.06808162480592728,-1.0453318357467651,0.4584616422653198,0.004180495161563158
231000,46200,2.77,306,752,46199,0.0007,199.11,0.008469797670841217,-0.5209636092185974,0.9946328401565552,0.0026588100008666515
231500,46300,2.83,306,754,46299,0.0007,200.44,0.01667390950024128,-0.5877711176872253,-2.252352714538574,0.004471217282116413
232000,46400,2.9,306,755,46399,0.0007,200.92,0.004347492475062609,-0.395123690366745,-0.4210251569747925,0.0005630070227198303
232500,46500,2.93,306,757,46499,0.0007,201.17,0.0016025446821004152,-1.1084299087524414,0.7445574998855591,3.736419603228569e-05
233000,46600,2.95,306,758,46599,0.0007,201.73,-0.00245498470030725,-0.8367902636528015,-26.391998291015625,0.0001710063370410353
233500,46700,3.09,307,760,46699,0.0007,205.44,-0.014576220884919167,-1.0503534078598022,-0.7667278051376343,0.0006318303057923913
234000,46800,3.14,307,762,46799,0.0007,206.11,0.022419089451432228,-0.6079058051109314,-65.52226257324219,0.014404977671802044
234500,46900,3.18,307,763,46899,0.0007,206.45,-0.0004000471089966595,-0.5352687835693359,0.8628236055374146,3.7323974538594484e-05
235000,47000,3.21,307,765,46999,0.0007,206.57,-0.0012552657863125205,-0.5008236765861511,0.6453574299812317,9.791613410925493e-05
235500,47100,3.24,307,767,47099,0.0007,206.73,-0.006775130983442068,-0.5766744017601013,-5.074169158935547,0.0010320118162781
236000,47200,3.35,307,768,47199,0.0007,208.51,-0.0015032874653115869,-0.09326597303152084,0.5446217060089111,0.00809460412710905
236500,47300,3.39,307,770,47299,0.0007,208.87,0.021733887493610382,-0.6423436403274536,-1.2500636577606201,0.0008194221300072968
237000,47400,3.36,307,771,47399,0.0007,208.07,0.008899184875190258,-0.6426069140434265,0.41113245487213135,9.281290112994611e-05
237500,47500,3.36,307,773,47499,0.0007,208.08,-0.008443965576589108,-0.6369129419326782,-3.652041435241699,0.00020834896713495255
238000,47600,3.39,307,774,47599,0.0007,208.13,-0.0023154758382588625,-0.722752034664154,0.9518217444419861,3.5325032513355836e-05
238500,47700,3.39,307,776,47699,0.0007,208.22,-0.027154838666319847,-0.5785011649131775,-19.162229537963867,0.0026919953525066376
239000,47800,3.5,307,778,47799,0.0007,210.1,-0.004406737629324198,-0.974425733089447,-2.515687942504883,5.150451397639699e-05
239500,47900,3.49,307,779,47899,0.0007,209.84,-0.02357669174671173,-1.0881223678588867,0.40532881021499634,0.000492788152769208
240000,48000,3.54,307,781,47999,0.0007,210.56,-0.011429852806031704,-0.6070838570594788,-5.034826278686523,0.0014607161283493042
240500,48100,3.64,307,782,48099,0.0007,211.96,-0.05050179362297058,-0.5393306016921997,0.9777795076370239,0.01110039185732603
241000,48200,3.6,307,784,48199,0.0007,211.64,-0.006211234722286463,-0.5277078747749329,0.0,0.0008698427118360996
241500,48300,3.67,307,786,48299,0.0007,212.15,-0.001105969655327499,-0.09029851108789444,-0.3250110149383545,0.0012556007131934166
242000,48400,3.68,307,787,48399,0.0007,212.57,-0.014238878153264523,-0.5390787124633789,-30.02910804748535,0.0013061772333458066
242500,48500,3.7,307,789,48499,0.0007,212.19,-0.023478269577026367,-0.938448429107666,-1.9181067943572998,0.0012618029722943902
243000,48600,3.73,307,790,48599,0.0007,212.22,-0.01586286723613739,-0.6387045979499817,0.6381615400314331,0.00045519365812651813
243500,48700,3.76,307,792,48699,0.0007,212.26,0.005406966432929039,-0.4610672891139984,-6.377830982208252,0.002365478780120611
244000,48800,3.75,307,794,48799,0.0007,211.95,-0.013340266421437263,-0.38646355271339417,0.2888593077659607,0.005842787213623524
244500,48900,3.79,307,795,48899,0.0007,212.15,-0.005173724144697189,-0.4670323431491852,-11.470778465270996,0.001210506772622466
245000,49000,3.62,307,797,48999,0.0007,209.59,0.32212990522384644,-0.6124627590179443,0.1982942819595337,0.3458981215953827
245500,49100,3.6,307,799,49099,0.0007,209.18,1.027349480864359e-05,-0.12062845379114151,0.3109933137893677,0.000133759414893575
246000,49200,3.65,307,800,49199,0.0007,209.95,0.0001896634785225615,-0.9851450324058533,-6.729743480682373,0.0006444929749704897
246500,49300,3.7,307,802,49299,0.0007,210.54,-0.15714587271213531,-0.6643433570861816,-147.20799255371094,0.07602158933877945
247000,49400,3.72,307,803,49399,0.0007,210.34,-0.0002714745351113379,-0.4637549817562103,-34.98280334472656,2.577403574832715e-05
247500,49500,3.71,307,805,49499,0.0007,210.08,0.018018392845988274,-0.7246759533882141,-0.12405180931091309,0.00043893264955841005
248000,49600,3.79,307,807,49599,0.0007,211.65,0.01432897336781025,-0.40372925996780396,0.8377586007118225,0.0013831229880452156
248500,49700,3.89,307,808,49699,0.0007,212.9,-0.0042281681671738625,-0.43870440125465393,-0.36096763610839844,0.0009263710235245526
249000,49800,3.92,307,810,49799,0.0007,212.95,-0.0012978643644601107,-0.8871797919273376,-0.13262176513671875,0.0001595544017618522
249500,49900,3.92,307,811,49899,0.0007,212.94,0.007817442528903484,-0.8514159321784973,-867.3179931640625,0.00020278659940231591
250000,50000,3.93,307,813,49999,0.0007,213.26,0.006829040590673685,-0.39305803179740906,-5.119873046875,0.00421803118661046
250500,50100,3.96,307,815,50099,0.0007,213.19,-0.029536886140704155,-0.5467508435249329,-0.427115797996521,0.0029564702417701483
251000,50200,3.98,307,816,50199,0.0007,212.91,4.99650850542821e-05,-0.032333482056856155,-2.952256917953491,0.0005988331395201385
251500,50300,3.95,307,818,50299,0.0007,211.94,-0.012899661436676979,-0.9092947244644165,-2.302535057067871,0.0003318409144412726
252000,50400,4.0,307,819,50399,0.0007,212.54,0.02264399826526642,-0.3777424693107605,-1.1811251640319824,0.0016703432193025947
252500,50500,3.97,307,821,50499,0.0007,212.4,-0.0011896406067535281,-0.20675873756408691,-136.83370971679688,0.0032138333190232515
253000,50600,3.92,307,823,50599,0.0007,211.34,-0.007525028195232153,-0.8135678172111511,0.9708417654037476,6.263600516831502e-05
253500,50700,3.92,307,824,50699,0.0007,211.1,-0.025828367099165916,-0.7909007668495178,-0.5583999156951904,0.0008803458185866475
254000,50800,3.82,307,826,50799,0.0007,208.68,-0.004079936537891626,-0.45684191584587097,0.7253313064575195,0.00045614951523020864
254500,50900,3.86,307,827,50899,0.0007,208.94,0.00026697979774326086,-0.5470516085624695,0.2562658190727234,0.0001669167832005769
255000,51000,3.79,307,829,50999,0.0007,207.77,0.001188959926366806,-0.5269038677215576,-17.188186645507812,0.0010435422882437706
255500,51100,3.75,307,831,51099,0.0007,207.38,0.038717854768037796,-0.7826868891716003,-170.51144409179688,0.04029792174696922
256000,51200,3.76,307,832,51199,0.0007,207.64,0.016462169587612152,-0.6887667775154114,0.5220983028411865,0.00284566986374557
256500,51300,3.65,307,834,51299,0.0007,205.79,-0.00021659913181792945,-0.2928917109966278,0.9053913354873657,3.9367547287838534e-05
257000,51400,3.59,307,835,51399,0.0007,204.86,0.05595145747065544,-0.47017335891723633,-634.3228759765625,0.08063889294862747
257500,51500,3.61,307,837,51499,0.0007,205.41,0.026606092229485512,-0.58282870054245,-3.4551987648010254,0.0013196378713473678
258000,51600,3.58,307,839,51599,0.0007,204.59,-0.0191335566341877,-0.8212011456489563,0.960479736328125,0.013725238852202892
258500,51700,3.53,307,840,51699,0.0007,204.02,-0.05627937242388725,-0.7240917086601257,-1045.4249267578125,0.010820003226399422
259000,51800,3.5,307,842,51799,0.0007,203.66,-0.0026051984168589115,-0.8589450120925903,0.7307166457176208,2.2035534129827283e-05
259500,51900,3.51,307,843,51899,0.0007,203.96,0.0036617957521229982,-0.6794482469558716,-4.4115214347839355,0.0002963063889183104
260000,52000,3.51,307,845,51999,0.0007,203.93,-0.06611019372940063,-0.8839864730834961,-1.1943433284759521,0.006956044584512711
260500,52100,3.43,307,847,52099,0.0007,203.21,-0.002658047014847398,-0.30209848284721375,0.3078705072402954,0.00024516257690265775
261000,52200,3.43,307,848,52199,0.0007,203.08,0.004128045402467251,-0.7893522381782532,0.8128978610038757,8.96839119377546e-05
261500,52300,3.42,307,850,52299,0.0007,202.82,-0.07290571182966232,-0.8143917322158813,-9.249276161193848,0.00920039601624012
262000,52400,3.37,307,851,52399,0.0007,201.86,-0.012566067278385162,-0.6269392967224121,-0.6877307891845703,0.0022509563714265823
262500,52500,3.39,307,853,52499,0.0007,202.42,-0.03237881883978844,-0.5113758444786072,-15173.9755859375,0.06987326592206955
263000,52600,3.41,307,855,52599,0.0007,203.04,-0.0062325685285031796,-0.6977516412734985,0.40606290102005005,9.593480353942141e-05
263500,52700,3.42,307,856,52699,0.0007,203.31,0.016107259318232536,-0.929803192615509,-2.1289174556732178,0.0012527804356068373
264000,52800,3.38,307,858,52799,0.0007,202.96,0.006032535340636969,-0.22223058342933655,0.6401002407073975,4.365808854345232e-05
264500,52900,3.43,307,859,52899,0.0007,203.72,0.006769282277673483,-0.8501184582710266,-0.2702847719192505,0.0006222535157576203
265000,53000,3.34,307,861,52999,0.0007,202.71,-0.02535882592201233,-0.4338865280151367,-2.2072887420654297,0.003997458145022392
265500,53100,3.41,307,863,53099,0.0007,204.0,-0.0006808819598518312,-0.07752327620983124,-0.44378554821014404,0.0009789576288312674
266000,53200,3.47,307,864,53199,0.0007,204.85,-3.898003342328593e-07,-0.024207158014178276,-0.5477533340454102,0.00013804905756842345
266500,53300,3.46,307,866,53299,0.0007,204.41,0.013951453380286694,-0.5446893572807312,-2.6797633171081543,0.00146093952935189
267000,53400,3.46,307,868,53399,0.0007,204.43,-0.012369968928396702,-0.24302838742733002,0.019028127193450928,0.0006362493149936199
267500,53500,3.47,307,869,53499,0.0007,204.65,0.0006910882075317204,-0.24753423035144806,0.9941897392272949,0.0008767880499362946
268000,53600,3.52,307,871,53599,0.0007,205.24,0.0006652878946624696,-0.058881260454654694,-53.71992874145508,0.06863459199666977
268500,53700,3.41,307,872,53699,0.0007,203.86,-0.0003118852328043431,-0.06647682189941406,0.0,0.0007857998716644943
269000,53800,3.36,307,874,53799,0.0007,203.38,-0.02223890833556652,-0.5001415610313416,0.12633341550827026,0.0004675246309489012
269500,53900,3.36,307,875,53899,0.0007,206.22,2.7176172770482232e-11,-0.0028000937309116125,0.0,2.6496393376899616e-15
270000,54000,3.36,307,877,53999,0.0007,206.22,6.250527873064016e-11,-0.0028000769671052694,1.1920928955078125e-07,1.594431950021919e-14
270500,54100,3.36,307,879,54099,0.0007,206.22,5.489598359220693e-11,-0.002800081390887499,0.0,6.894370464067753e-15
271000,54200,3.36,307,880,54199,0.0007,206.22,3.64159674637321e-11,-0.0028000790625810623,0.0,3.0346926804570044e-15
271500,54300,3.36,307,882,54299,0.0007,206.22,4.45689075923017e-11,-0.0028000667225569487,0.0,5.19328097236052e-15
272000,54400,3.36,307,884,54399,0.0007,206.22,2.228445379615085e-11,-0.0028000648599117994,0.0,3.3324516547129663e-15
272500,54500,3.36,307,885,54499,0.0007,206.22,-5.064738388682599e-07,-0.0035389375407248735,0.0,1.9459425857348833e-06
273000,54600,3.36,307,887,54599,0.0007,206.22,-8.802663131746158e-08,-0.0043577589094638824,0.0,3.672661108566899e-08
273500,54700,3.36,307,888,54699,0.0007,245.9,-3.6855990481754475e-10,-0.0030070426873862743,0.0,2.357182157797233e-12
274000,54800,3.36,307,890,54799,0.0007,245.9,6.663019580521734e-10,-0.0030043120495975018,0.0,4.478392483242555e-12
274500,54900,3.36,307,891,54899,0.0007,245.9,8.230793269170533e-10,-0.003004239872097969,1.1920928955078125e-07,7.447327476928223e-12
275000,55000,3.36,307,893,54999,0.0007,245.9,2.314082037102594e-09,-0.003003464313223958,1.1920928955078125e-07,6.582313166747511e-11
275500,55100,3.36,307,895,55099,0.0007,245.9,4.386345153761795e-07,-0.0027116662822663784,0.0,3.071635774176684e-06
276000,55200,3.36,307,896,55199,0.0007,245.9,4.911504447591142e-07,-0.003159591928124428,1.1920928955078125e-07,2.7344074169377564e-06
276500,55300,3.36,307,898,55299,0.0007,245.9,4.754453541977455e-08,-0.014322402887046337,0.0,8.500369297337329e-10
277000,55400,3.36,307,899,55399,0.0007,245.9,7.983172736203414e-07,-0.003249623579904437,0.0,6.63515811538673e-06
277500,55500,3.36,307,901,55499,0.0007,245.9,2.9350172292552656e-10,-0.004068698268383741,0.0,3.393409956243404e-13
278000,55600,3.36,307,903,55599,0.0007,245.9,1.4444334617280674e-08,-0.005652218125760555,0.0,6.270210461956083e-10
278500,55700,3.37,307,904,55699,0.0007,293.88,-0.1349804699420929,-0.9065410494804382,0.0,0.032232992351055145
279000,55800,3.38,307,906,55799,0.0007,294.96,-7.41149196983315e-05,-0.0360695980489254,-25.38054847717285,0.0002889193419832736
279500,55900,3.2,307,907,55899,0.0007,291.25,-0.030971143394708633,-0.0877702385187149,-1428.6668701171875,0.0004593551275320351
280000,56000,3.12,307,909,55999,0.0007,289.7,5.3781354836246464e-06,-0.003551715984940529,-2673.814208984375,0.0002793071325868368
280500,56100,3.04,307,911,56099,0.0007,287.32,-2.1035440056493826e-08,-0.0035145729780197144,-1.5023365020751953,1.055892884238574e-08
281000,56200,2.84,307,912,56199,0.0007,283.06,4.631001502275467e-06,-0.005473658442497253,-492.26544189453125,0.00011706456280080602
281500,56300,2.69,307,914,56299,0.0007,279.43,-1.7698553733680455e-07,-0.003279759781435132,-185.06930541992188,2.1305056634446373e-06
282000,56400,2.56,307,915,56399,0.0007,276.38,1.6211803313126438e-06,-0.007532681804150343,-26.51951789855957,8.908471500035375e-06
282500,56500,2.47,307,917,56499,0.0007,273.56,-1.4879249476962286e-07,-0.0037423395551741123,-461.78704833984375,4.820675485461834e-07
283000,56600,2.34,307,919,56599,0.0007,270.54,4.655366012684681e-07,-0.003935625310987234,-45.82636260986328,1.545004465697275e-06
283500,56700,2.22,307,920,56699,0.0007,267.75,3.204983300975073e-08,-0.0037991907447576523,-1.0552046298980713,8.727590738999425e-08
284000,56800,2.12,307,922,56799,0.0007,264.7,-1.6990288997931202e-07,-0.002034910721704364,-39.42118453979492,1.2753980627167039e-06
284500,56900,2.06,307,923,56899,0.0007,262.8,5.701640404254249e-08,-0.002037326106801629,0.4105296730995178,1.0863659838378226e-07
285000,57000,1.96,307,925,56999,0.0007,259.69,8.166058051983782e-08,-0.0033214539289474487,0.9003267288208008,7.08681895389418e-08
285500,57100,1.77,307,927,57099,0.0007,255.7,8.224201053508295e-08,-0.0034645944833755493,0.44275009632110596,7.282895353455388e-08
286000,57200,1.65,307,928,57199,0.0007,252.07,-4.7471761632778e-08,-0.005473180208355188,0.10073661804199219,2.857224856711582e-08
286500,57300,1.45,307,930,57299,0.0007,247.71,-3.488298432330339e-07,-0.006723993923515081,0.6753451824188232,2.40055157973984e-07
287000,57400,1.32,307,932,57399,0.0007,244.7,-1.4169386304274667e-06,-0.011499636806547642,-6.737715244293213,1.3361183164306567e-06
287500,57500,1.16,307,933,57499,0.0007,240.7,-3.3876330007842625e-07,-0.007659012917429209,-0.570439338684082,2.0069967376912246e-07
288000,57600,0.96,307,935,57599,0.0007,236.25,1.1822663736893446e-06,-0.006989527028053999,-6.847066402435303,6.143153768789489e-06
288500,57700,0.87,307,936,57699,0.0007,233.53,-1.2804322068404872e-05,-0.0484270416200161,-20.533418655395508,4.713166617875686e-06
289000,57800,0.63,307,938,57799,0.0007,228.79,6.948863301659003e-06,-0.04073286056518555,-41.1903190612793,3.2347918477171334e-06
289500,57900,0.5,307,940,57899,0.0007,225.72,-4.854885901295347e-06,-0.040554918348789215,-8.187413215637207,1.7269838963329676e-06
290000,58000,0.34,307,941,57999,0.0007,222.65,4.1216688259737566e-05,-0.2428060621023178,-21.841060638427734,1.591379827914352e-06
290500,58100,0.26,307,943,58099,0.0007,220.04,-2.871178548957687e-05,-0.11536908149719238,-21.131101608276367,1.1736540727724787e-05
291000,58200,0.16,307,945,58199,0.0007,175.2,-1.8635913875186816e-05,-0.05967358872294426,-14.239718437194824,1.110516950575402e-05
291500,58300,0.06,307,946,58299,0.0007,123.7,3.997117801191052e-06,-0.04668006673455238,-7.207179069519043,1.9473627617117018e-05
292000,58400,0.09,307,948,58399,0.0007,124.58,6.51961236144416e-05,-0.02248426154255867,0.0,0.0005026885191909969
292500,58500,0.07,307,949,58499,0.0007,124.01,-1.0853191270143725e-06,-0.0019241158151999116,-624.785400390625,4.0988150431076065e-05
293000,58600,0.07,307,951,58599,0.0007,124.01,1.059631955513396e-07,-0.0015299204969778657,0.0,5.426275038189488e-07
293500,58700,0.07,307,953,58699,0.0007,124.01,6.067870344850235e-06,-0.017900196835398674,-9.094493865966797,9.315313036495354e-06
294000,58800,0.07,307,954,58799,0.0007,124.01,-0.00036817367072217166,-0.13668349385261536,-0.26872527599334717,0.0002814377658069134
294500,58900,0.13,307,956,58899,0.0007,125.94,-5.983686605759431e-06,-0.02431461587548256,-99.47671508789062,7.130018730094889e-06
295000,59000,0.13,307,957,58999,0.0007,125.94,9.378501999890432e-06,-0.016609057784080505,-316.35321044921875,3.133550490019843e-05
295500,59100,0.13,307,959,59099,0.0007,125.94,4.3821188455694937e-07,-0.006761218886822462,-111.95465850830078,3.883833414874971e-05
296000,59200,0.13,307,961,59199,0.0007,125.94,1.789844645827543e-06,-0.01703506149351597,-81.85774993896484,1.0100469580720528e-06
296500,59300,0.13,307,962,59299,0.0007,125.94,-8.361676918866578e-06,-0.07596724480390549,-922.4151611328125,2.8069705422240077e-06
297000,59400,0.13,307,964,59399,0.0007,125.94,7.69996677263407e-06,-0.06790035963058472,0.0,5.594344543169427e-07
297500,59500,0.13,307,966,59499,0.0007,125.94,-0.014073695056140423,-0.48895230889320374,-1.7595782279968262,0.00023282859183382243
298000,59600,0.15,307,967,59599,0.0007,126.69,-2.3179579784482485e-06,-0.03583456203341484,-6.0845208168029785,3.9055916545294167e-07
298500,59700,0.17,307,969,59699,0.0007,127.26,7.890456799941603e-06,-0.027407079935073853,-0.5782673358917236,1.3162512004782911e-05
299000,59800,0.17,307,970,59799,0.0007,127.26,-3.16176337946672e-05,-0.045941311866045,-27.27577018737793,4.4017455365974456e-05
299500,59900,0.21,307,972,59899,0.0007,128.4,-0.004331306554377079,-0.4306716024875641,0.48415929079055786,1.8421991626382805e-05
300000,60000,0.25,307,974,59999,0.0007,129.74,-7.443236972903833e-05,-0.19221143424510956,-11.03962516784668,6.783830940548796e-06
