time/total_timesteps,time/time_elapsed,rollout/ep_len_mean,rollout/ep_rew_mean,time/fps,time/episodes,rollout/exploration_rate,train/n_updates,train/loss,train/learning_rate
85,0,21.25,21.25,3257,4,0.9983000000000002,,,
158,0,19.75,19.75,3767,8,0.99684,,,
250,0,20.833333333333332,20.833333333333332,4464,12,0.9949999999999999,,,
321,0,20.0625,20.0625,4536,16,0.9935799999999999,,,
390,0,19.5,19.5,4796,20,0.9922000000000002,,,
463,0,19.291666666666668,19.291666666666668,4853,24,0.99074,,,
549,0,19.607142857142858,19.607142857142858,5007,28,0.98902,,,
640,0,20.0,20.0,5377,32,0.9872000000000001,,,
690,0,19.166666666666668,19.166666666666668,5509,36,0.9862000000000002,,,
777,0,19.425,19.425,5222,40,0.9844600000000001,,,
924,0,21.0,21.0,5660,44,0.9815200000000002,,,
1007,0,20.979166666666668,20.979166666666668,5891,48,0.97986,,,
1088,0,20.923076923076923,20.923076923076923,2029,52,0.97824,128,0.013071351349054794,0.0023
1198,0,21.392857142857142,21.392857142857142,2163,56,0.9760400000000002,,,
1269,0,21.15,21.15,2232,60,0.9746200000000003,,,
1397,0,21.828125,21.828125,1454,64,0.9720600000000001,256,0.03561662654101383,0.0023
1527,0,22.455882352941178,22.455882352941178,1549,68,0.9694599999999998,,,
1630,1,22.63888888888889,22.63888888888889,1177,72,0.9674000000000003,384,0.052413146528124344,0.0023
1699,1,22.355263157894736,22.355263157894736,1219,76,0.9660199999999999,,,
1780,1,22.25,22.25,1261,80,0.9643999999999999,,,
1914,1,22.785714285714285,22.785714285714285,1189,84,0.9617199999999997,512,0.05889413737531868,0.0023
2001,1,22.738636363636363,22.738636363636363,1236,88,0.9599800000000003,,,
2152,1,23.391304347826086,23.391304347826086,1185,92,0.9569599999999998,640,0.06688676185149234,0.0023
2230,1,23.229166666666668,23.229166666666668,1222,96,0.9554000000000002,,,
2452,2,24.52,24.52,1095,100,0.9509599999999998,768,0.07704699448368046,0.0023
2518,2,24.33,24.33,1120,104,0.9496399999999998,,,
2638,2,24.8,24.8,927,108,0.9472400000000001,896,0.07945059219491668,0.0023
2701,2,24.51,24.51,947,112,0.9459799999999998,,,
2842,3,25.21,25.21,840,116,0.94316,1024,0.08642857329323306,0.0023
2938,3,25.48,25.48,866,120,0.9412400000000001,,,
2997,3,25.34,25.34,881,124,0.9400599999999997,,,
3111,4,25.62,25.62,762,128,0.9377800000000001,1152,0.09739504102617502,0.0023
3188,4,25.48,25.48,777,132,0.93624,,,
3270,4,25.8,25.8,794,136,0.9345999999999999,,,
3356,4,25.79,25.79,698,140,0.9328799999999999,1280,0.10859702508605551,0.0023
3476,4,25.52,25.52,721,144,0.9304800000000002,,,
3535,4,25.28,25.28,731,148,0.9292999999999998,,,
3632,5,25.44,25.44,657,152,0.9273599999999997,1408,0.12336303514166502,0.0023
3714,5,25.16,25.16,671,156,0.9257200000000003,,,
3814,5,25.45,25.45,686,160,0.9237199999999999,,,
3883,6,24.86,24.86,631,164,0.9223400000000002,1536,0.11949607455608202,0.0023
4002,6,24.75,24.75,649,168,0.9199599999999999,,,
4114,6,24.84,24.84,613,172,0.9177199999999999,1664,0.11679964021459455,0.0023
4187,6,24.88,24.88,623,176,0.9162600000000003,,,
4260,6,24.8,24.8,632,180,0.9148000000000001,,,
4361,7,24.47,24.47,587,184,0.9127800000000001,1792,0.12071703852780047,0.0023
4500,7,24.99,24.99,604,188,0.9099999999999999,,,
4638,8,24.86,24.86,569,192,0.9072399999999998,1920,0.14658553663321072,0.0023
4864,8,26.34,26.34,595,196,0.9027200000000002,,,
4968,8,25.16,25.16,561,200,0.9006399999999999,2048,0.17330237807618687,0.0023
5086,8,25.68,25.68,574,204,0.8982799999999997,,,
5164,9,25.26,25.26,542,208,0.8967200000000002,2176,0.17150011434569024,0.0023
5309,9,26.08,26.08,555,212,0.8938199999999998,,,
5396,10,25.54,25.54,534,216,0.8920799999999998,2304,0.18788573749770876,0.0023
5460,10,25.22,25.22,540,220,0.8908,,,
5529,10,25.32,25.32,547,224,0.8894200000000003,,,
5628,10,25.17,25.17,556,228,0.88744,,,
5774,10,25.86,25.86,542,232,0.8845200000000002,2432,0.1968689041386824,0.0023
5909,11,26.39,26.39,527,236,0.8818199999999998,2560,0.22118554766348097,0.0023
5974,11,26.18,26.18,532,240,0.88052,,,
6058,11,25.82,25.82,539,244,0.8788400000000003,,,
6150,11,26.15,26.15,516,248,0.8770000000000002,2688,0.2168866909632925,0.0023
6250,11,26.18,26.18,523,252,0.8749999999999998,,,
6393,11,26.79,26.79,535,256,0.8721399999999997,,,
6474,12,26.6,26.6,513,260,0.8705199999999997,2816,0.24235366741777398,0.0023
6546,12,26.63,26.63,519,264,0.8690800000000003,,,
6608,12,26.06,26.06,523,268,0.8678400000000002,,,
6692,13,25.78,25.78,502,272,0.8661599999999998,2944,0.27235620078863576,0.0023
6771,13,25.84,25.84,508,276,0.8645800000000001,,,
6855,13,25.95,25.95,514,280,0.8628999999999998,,,
6947,13,25.86,25.86,501,284,0.8610599999999997,3072,0.2445976739109028,0.0023
7023,13,25.23,25.23,506,288,0.8595399999999997,,,
7120,13,24.82,24.82,512,292,0.8575999999999997,,,
7174,14,23.1,23.1,491,296,0.85652,3200,0.2856058829202084,0.0023
7251,14,22.83,22.83,496,300,0.8549799999999999,,,
7309,14,22.23,22.23,500,304,0.8538200000000002,,,
7429,15,22.65,22.65,489,308,0.8514199999999998,3328,0.29783897643210366,0.0023
7510,15,22.01,22.01,494,312,0.8497999999999999,,,
7627,15,22.31,22.31,501,316,0.8474599999999999,,,
7721,15,22.61,22.61,488,320,0.8455800000000002,3456,0.2646625327615766,0.0023
7792,15,22.63,22.63,493,324,0.8441600000000002,,,
7891,15,22.63,22.63,499,328,0.8421799999999999,,,
7970,16,21.96,21.96,486,332,0.8406000000000002,3584,0.2783146824076539,0.0023
8044,16,21.35,21.35,491,336,0.8391199999999999,,,
8215,16,22.41,22.41,484,340,0.8357000000000001,3712,0.27557323007204104,0.0023
8347,16,22.89,22.89,492,344,0.8330600000000001,,,
8435,16,22.85,22.85,496,348,0.8312999999999999,,,
8551,17,23.01,23.01,487,352,0.82898,3840,0.2762904499832075,0.0023
8669,17,22.76,22.76,493,356,0.8266199999999999,,,
8738,18,22.64,22.64,482,360,0.8252400000000002,3968,0.2752985911356518,0.0023
8808,18,22.62,22.62,485,364,0.8238399999999997,,,
8901,18,22.93,22.93,490,368,0.8219800000000002,,,
9011,18,23.19,23.19,481,372,0.8197799999999997,4096,0.25687759672291577,0.0023
9080,18,23.09,23.09,485,376,0.8184,,,
9173,18,23.18,23.18,490,380,0.8165399999999998,,,
9253,19,23.06,23.06,479,384,0.81494,4224,0.2754501302697463,0.0023
9318,19,22.95,22.95,483,388,0.8136400000000001,,,
9407,19,22.87,22.87,487,392,0.8118599999999998,,,
9524,19,23.5,23.5,478,396,0.8095199999999998,4352,0.3493886965152342,0.0023
9687,19,24.36,24.36,486,400,0.8062599999999998,,,
9803,20,24.94,24.94,478,404,0.8039399999999999,4480,0.3214612651790958,0.0023
9915,20,24.86,24.86,483,408,0.8016999999999999,,,
10059,21,25.49,25.49,474,412,0.7988200000000003,4608,0.3482623471500119,0.0023
10197,21,25.7,25.7,480,416,0.7960600000000002,,,
10276,21,25.55,25.55,468,420,0.7944799999999999,4736,0.3827862179314252,0.0023
10341,21,25.49,25.49,471,424,0.79318,,,
10472,21,25.81,25.81,476,428,0.7905600000000002,,,
10598,22,26.28,26.28,467,432,0.7880400000000003,4864,0.3214366141764913,0.0023
10696,22,26.52,26.52,471,436,0.7860800000000001,,,
10800,23,25.85,25.85,465,440,0.7839999999999998,4992,0.32888717444438953,0.0023
10859,23,25.12,25.12,467,444,0.7828200000000001,,,
10961,23,25.26,25.26,471,448,0.78078,,,
11068,23,25.17,25.17,465,452,0.77864,5120,0.4180808872333728,0.0023
11150,23,24.81,24.81,468,456,0.7769999999999999,,,
11209,23,24.71,24.71,470,460,0.7758200000000002,,,
11297,24,24.89,24.89,460,464,0.77406,5248,0.42875698776333593,0.0023
11437,24,25.36,25.36,465,468,0.7712600000000003,,,
11535,25,25.24,25.24,456,472,0.7693000000000001,5376,0.359162511973409,0.0023
11624,25,25.44,25.44,459,476,0.7675199999999998,,,
11745,25,25.72,25.72,464,480,0.7650999999999999,,,
11816,25,25.63,25.63,454,484,0.7636799999999999,5504,0.3673049764620373,0.0023
11929,26,26.11,26.11,458,488,0.7614199999999998,,,
12014,26,26.07,26.07,461,492,0.75972,,,
12117,26,25.93,25.93,456,496,0.7576599999999998,5632,0.42976879722846206,0.0023
12170,26,24.83,24.83,457,500,0.7566000000000002,,,
12254,26,24.51,24.51,460,504,0.7549199999999998,,,
12339,27,24.24,24.24,454,508,0.75322,5760,0.39487739658216015,0.0023
12413,27,23.54,23.54,457,512,0.7517400000000003,,,
12482,27,22.85,22.85,459,516,0.7503599999999999,,,
12580,27,23.04,23.04,453,520,0.7483999999999997,5888,0.448886355952709,0.0023
12667,27,23.26,23.26,456,524,0.7466600000000003,,,
12721,27,22.49,22.49,458,528,0.7455799999999999,,,
12790,27,21.92,21.92,460,532,0.7442000000000002,,,
12864,28,21.68,21.68,452,536,0.7427199999999998,6016,0.4727405529702082,0.0023
12920,28,21.2,21.2,454,540,0.7415999999999998,,,
12989,28,21.3,21.3,455,544,0.7402200000000001,,,
13060,28,20.99,20.99,455,548,0.7388000000000001,6144,0.5021434060472529,0.0023
13127,28,20.59,20.59,457,552,0.73746,,,
13237,28,20.87,20.87,460,556,0.7352600000000002,,,
13350,29,21.41,21.41,453,560,0.7330000000000001,6272,0.4130882932950044,0.0023
13463,29,21.66,21.66,456,564,0.73074,,,
13586,29,21.49,21.49,457,568,0.7282799999999998,6400,0.5197878253238741,0.0023
13691,29,21.56,21.56,460,572,0.72618,,,
13752,29,21.28,21.28,462,576,0.72496,,,
13839,29,20.94,20.94,462,580,0.72322,6528,0.5129707314772531,0.0023
13954,29,21.38,21.38,465,584,0.7209200000000002,,,
14028,29,20.99,20.99,468,588,0.7194399999999999,,,
14114,30,21.0,21.0,467,592,0.7177199999999999,6656,0.4975915194081608,0.0023
14182,30,20.65,20.65,469,596,0.7163600000000003,,,
14288,30,21.18,21.18,473,600,0.7142399999999998,,,
14407,30,21.53,21.53,468,604,0.7118600000000002,6784,0.5597223529475741,0.0023
14487,30,21.48,21.48,471,608,0.7102600000000003,,,
14580,30,21.67,21.67,474,612,0.7084000000000001,,,
14635,31,21.53,21.53,468,616,0.7073000000000003,6912,0.4716882260690909,0.0023
14747,31,21.67,21.67,471,620,0.7050600000000002,,,
14856,31,21.89,21.89,471,624,0.70288,7040,0.5080820424773265,0.0023
14960,31,22.39,22.39,475,628,0.7008000000000003,,,
15042,31,22.52,22.52,477,632,0.6991600000000002,,,
15188,31,23.24,23.24,479,636,0.6962399999999997,7168,0.5812085355282761,0.0023
15278,31,23.58,23.58,481,640,0.69444,,,
15340,31,23.51,23.51,483,644,0.6931999999999998,,,
15405,31,23.45,23.45,482,648,0.6919,7296,0.5755048893624917,0.0023
15483,31,23.56,23.56,484,652,0.6903399999999997,,,
15567,31,23.3,23.3,487,656,0.68866,,,
15660,32,23.1,23.1,487,660,0.6867999999999999,7424,0.4807456692215055,0.0023
15716,32,22.53,22.53,488,664,0.6856799999999998,,,
15796,32,22.1,22.1,491,668,0.68408,,,
15905,32,22.14,22.14,491,672,0.6818999999999997,7552,0.4725775573460851,0.0023
16038,32,22.86,22.86,495,676,0.6792400000000003,,,
16114,32,22.75,22.75,497,680,0.6777200000000003,,,
16166,32,22.12,22.12,496,684,0.6766800000000002,7680,0.5982535968651064,0.0023
16240,32,22.12,22.12,498,688,0.6751999999999998,,,
16298,32,21.84,21.84,500,692,0.6740400000000002,,,
16404,33,22.22,22.22,493,696,0.6719200000000003,7808,0.6044571827515028,0.0023
16471,33,21.83,21.83,494,700,0.6705800000000002,,,
16534,33,21.27,21.27,496,704,0.6693199999999999,,,
16593,33,21.06,21.06,498,708,0.6681400000000002,,,
16674,33,20.94,20.94,490,712,0.6665200000000002,7936,0.6195222416135948,0.0023
16738,33,21.03,21.03,492,716,0.6652399999999998,,,
16799,34,20.52,20.52,493,720,0.6640199999999998,,,
16862,34,20.06,20.06,495,724,0.6627600000000002,,,
16945,34,19.85,19.85,490,728,0.6611,8064,0.628771191870328,0.0023
17007,34,19.65,19.65,492,732,0.6598599999999999,,,
17082,34,18.94,18.94,494,736,0.6583600000000001,,,
17146,34,18.68,18.68,495,740,0.6570799999999997,,,
17255,35,19.15,19.15,491,744,0.6549,8192,0.5327794906916097,0.0023
17328,35,19.23,19.23,493,748,0.6534399999999998,,,
17440,35,19.57,19.57,489,752,0.6511999999999998,8320,0.5967519749538042,0.0023
17562,35,19.95,19.95,492,756,0.6487599999999998,,,
17624,35,19.64,19.64,494,760,0.6475199999999997,,,
17770,36,20.54,20.54,490,764,0.6445999999999998,8448,0.6541936535504647,0.0023
17884,36,20.88,20.88,493,768,0.6423200000000002,,,
18013,36,21.08,21.08,489,772,0.63974,8576,0.6376289745676331,0.0023
18126,36,20.88,20.88,492,776,0.6374799999999998,,,
18270,37,21.56,21.56,489,780,0.6346000000000003,8704,0.7259658428956755,0.0023
18379,37,22.13,22.13,492,784,0.63242,,,
18501,37,22.61,22.61,488,788,0.62998,8832,0.7009636876173317,0.0023
18583,37,22.85,22.85,490,792,0.6283399999999999,,,
18698,38,22.94,22.94,486,796,0.6260400000000002,8960,0.7922731092257891,0.0023
18765,38,22.94,22.94,488,800,0.6247,,,
18847,38,23.13,23.13,490,804,0.62306,,,
18920,38,23.27,23.27,492,808,0.6216000000000004,,,
18970,38,22.96,22.96,486,812,0.6205999999999998,9088,0.672252673713956,0.0023
19052,38,23.14,23.14,488,816,0.6189599999999997,,,
19171,39,23.72,23.72,491,820,0.6165800000000001,,,
19246,39,23.84,23.84,490,824,0.6150800000000003,9216,0.7647031871601939,0.0023
19311,39,23.66,23.66,492,828,0.6137799999999998,,,
19466,39,24.59,24.59,493,832,0.6106800000000001,9344,0.6738096611225046,0.0023
19551,39,24.69,24.69,495,836,0.6089800000000003,,,
19627,39,24.81,24.81,497,840,0.6074599999999997,,,
19719,39,24.64,24.64,497,844,0.6056200000000003,9472,0.9004006719915196,0.0023
19780,39,24.52,24.52,498,848,0.6044000000000003,,,
19839,39,23.99,23.99,500,852,0.6032199999999999,,,
19928,39,23.66,23.66,502,856,0.6014400000000002,,,
20047,39,24.23,24.23,502,860,0.5990599999999999,9600,0.7106392906862311,0.0023
20202,39,24.32,24.32,506,864,0.5959600000000003,,,
20290,40,24.06,24.06,505,868,0.5942000000000001,9728,0.8046846765791997,0.0023
20482,40,24.69,24.69,508,872,0.5903600000000002,9856,0.8699466121615842,0.0023
20535,40,24.09,24.09,509,876,0.5892999999999999,,,
20597,40,23.27,23.27,510,880,0.5880599999999998,,,
20651,40,22.72,22.72,511,884,0.5869800000000001,,,
20728,40,22.27,22.27,513,888,0.58544,,,
20925,40,23.42,23.42,515,892,0.5815000000000001,9984,0.9156726285582408,0.0023
20993,41,22.95,22.95,509,896,0.5801399999999999,10112,0.9339861724292859,0.0023
21078,41,23.13,23.13,510,900,0.5784400000000001,,,
21171,41,23.24,23.24,513,904,0.5765799999999999,,,
21225,41,23.05,23.05,514,908,0.5755000000000001,,,
21302,41,23.32,23.32,513,912,0.57396,10240,0.8724053732585162,0.0023
21386,41,23.34,23.34,515,916,0.5722799999999997,,,
21501,41,23.3,23.3,517,920,0.5699799999999999,,,
21581,41,23.35,23.35,517,924,0.5683800000000001,10368,0.7863779893959872,0.0023
21646,41,23.35,23.35,518,928,0.5670800000000003,,,
21707,41,22.41,22.41,520,932,0.5658600000000003,,,
21783,41,22.32,22.32,519,936,0.5643400000000003,10496,0.9263742382172495,0.0023
21858,41,22.31,22.31,521,940,0.5628399999999998,,,
22105,42,23.86,23.86,524,944,0.5579000000000001,10624,0.8565126388566568,0.0023
22163,42,23.83,23.83,525,948,0.5567399999999998,,,
22270,42,24.31,24.31,527,952,0.5545999999999998,,,
22553,42,26.25,26.25,529,956,0.54894,10880,1.0211708798306063,0.0023
22720,42,26.73,26.73,532,960,0.5456000000000001,,,
22886,43,26.84,26.84,527,964,0.5422800000000003,11008,0.8967875140951946,0.0023
22964,43,26.74,26.74,529,968,0.5407200000000001,,,
23030,43,25.48,25.48,530,972,0.5394000000000001,,,
23153,43,26.18,26.18,530,976,0.53694,11136,1.043252195988316,0.0023
23230,43,26.33,26.33,532,980,0.5353999999999999,,,
23303,43,26.52,26.52,531,984,0.5339400000000003,11264,0.954522134969011,0.0023
23363,43,26.35,26.35,532,988,0.5327399999999998,,,
23455,43,25.3,25.3,534,992,0.5309000000000004,,,
23522,43,25.29,25.29,535,996,0.5295600000000003,,,
23609,44,25.31,25.31,529,1000,0.5278200000000002,11392,0.961072132573463,0.0023
23758,44,25.87,25.87,532,1004,0.52484,,,
23818,45,25.93,25.93,526,1008,0.5236400000000001,11520,1.0100129548227414,0.0023
23882,45,25.8,25.8,528,1012,0.5223599999999997,,,
23958,45,25.72,25.72,529,1016,0.5208399999999997,,,
24077,45,25.76,25.76,526,1020,0.5184600000000001,11648,1.0640727443387732,0.0023
24150,45,25.69,25.69,527,1024,0.5169999999999999,,,
24213,45,25.67,25.67,528,1028,0.5157399999999996,,,
24291,45,25.84,25.84,530,1032,0.5141800000000001,,,
24352,45,25.69,25.69,529,1036,0.5129600000000001,11776,1.0078668973292224,0.0023
24418,46,25.6,25.6,530,1040,0.5116400000000001,,,
24490,46,23.85,23.85,532,1044,0.5102,,,
24549,46,23.86,23.86,533,1048,0.5090200000000003,,,
24625,46,23.55,23.55,532,1052,0.5075000000000003,11904,1.0841068032896146,0.0023
24761,46,22.08,22.08,535,1056,0.5047799999999998,,,
24930,46,22.1,22.1,536,1060,0.5014000000000003,12032,1.03022409445839,0.0023
25012,46,21.26,21.26,538,1064,0.4997600000000002,,,
25074,46,21.1,21.1,539,1068,0.4985200000000001,,,
25180,46,21.5,21.5,539,1072,0.4964000000000002,12160,1.0325733802746981,0.0023
25276,46,21.23,21.23,541,1076,0.49448000000000025,,,
25369,46,21.39,21.39,540,1080,0.49262000000000017,12288,1.3528541211271659,0.0023
25561,46,22.58,22.58,544,1084,0.4887800000000003,,,
25715,47,23.52,23.52,545,1088,0.4857,12416,1.1915833922103047,0.0023
25827,47,23.72,23.72,547,1092,0.48346,,,
25960,47,24.38,24.38,547,1096,0.4808,12544,1.242525000241585,0.0023
26023,47,24.14,24.14,549,1100,0.47953999999999963,,,
26076,47,23.18,23.18,550,1104,0.47848,,,
26133,47,23.15,23.15,549,1108,0.4773399999999999,12672,1.3074814706924371,0.0023
26193,47,23.11,23.11,550,1112,0.47614,,,
26237,47,22.79,22.79,551,1116,0.47526000000000024,,,
26340,47,22.63,22.63,552,1120,0.47320000000000007,,,
26527,48,23.77,23.77,548,1124,0.4694600000000003,12800,1.0644166732672602,0.0023
26672,49,24.59,24.59,543,1128,0.46655999999999986,12928,1.4946415573358536,0.0023
26750,49,24.59,24.59,544,1132,0.4650000000000003,,,
26802,49,24.5,24.5,545,1136,0.46396000000000015,,,
26861,49,24.43,24.43,546,1140,0.46277999999999975,,,
26935,49,24.45,24.45,546,1144,0.46130000000000004,13056,1.1402060232358053,0.0023
27095,49,25.46,25.46,549,1148,0.45809999999999973,,,
27163,49,25.38,25.38,547,1152,0.45674000000000015,13184,1.3822558475658298,0.0023
27231,49,24.7,24.7,549,1156,0.4553799999999999,,,
27289,49,23.59,23.59,550,1160,0.4542200000000003,,,
27398,50,23.86,23.86,546,1164,0.4520400000000001,13312,1.2503643517848104,0.0023
27457,50,23.83,23.83,547,1168,0.45086000000000026,,,
27512,50,23.32,23.32,548,1172,0.4497599999999997,,,
27582,50,23.06,23.06,549,1176,0.44835999999999987,,,
27634,50,22.65,22.65,550,1180,0.4473199999999997,,,
27721,50,21.6,21.6,544,1184,0.44557999999999964,13440,1.2980536579852924,0.0023
27808,50,20.93,20.93,545,1188,0.44384000000000023,,,
27878,50,20.51,20.51,547,1192,0.4424399999999997,,,
27956,51,19.96,19.96,541,1196,0.44088000000000016,13568,1.0448005822254345,0.0023
28034,51,20.11,20.11,542,1200,0.43931999999999993,,,
28211,51,21.35,21.35,543,1204,0.43578000000000006,13696,1.2429109069053084,0.0023
28294,51,21.61,21.61,544,1208,0.43411999999999995,,,
28349,51,21.56,21.56,545,1212,0.43301999999999996,,,
28570,52,23.33,23.33,542,1216,0.4286000000000003,13824,1.2364635161357,0.0023
28649,52,23.09,23.09,543,1220,0.42701999999999996,,,
28710,53,21.83,21.83,537,1224,0.42579999999999996,13952,1.241519697883632,0.0023
28778,53,21.06,21.06,538,1228,0.4244399999999997,,,
28896,53,21.46,21.46,540,1232,0.42208000000000023,,,
29065,54,22.63,22.63,536,1236,0.4187000000000002,14080,1.2184817428933457,0.0023
29207,54,23.46,23.46,532,1240,0.41586000000000023,14208,1.2876953645027243,0.0023
29269,54,23.34,23.34,533,1244,0.41462,,,
29374,54,22.79,22.79,534,1248,0.4125200000000002,,,
29441,55,22.78,22.78,529,1252,0.4111800000000001,14336,1.6541479660663754,0.0023
29498,55,22.67,22.67,530,1256,0.41003999999999996,,,
29558,55,22.69,22.69,531,1260,0.4088400000000002,,,
29629,55,22.31,22.31,532,1264,0.4074200000000001,,,
29729,56,22.72,22.72,527,1268,0.40542000000000034,14464,1.245595822809264,0.0023
29846,56,23.34,23.34,529,1272,0.40307999999999966,,,
30094,57,25.12,25.12,526,1276,0.3981199999999998,14592,1.3436799852061085,0.0023
30271,57,26.37,26.37,523,1280,0.39457999999999993,14720,1.2038224382558838,0.0023
30360,57,26.39,26.39,524,1284,0.39280000000000026,,,
30471,58,26.63,26.63,519,1288,0.3905800000000005,14848,1.3685431407066062,0.0023
30528,58,26.5,26.5,520,1292,0.38944000000000023,,,
30673,58,27.17,27.17,522,1296,0.3865399999999999,,,
30768,59,27.34,27.34,518,1300,0.3846400000000001,14976,1.3121535303071141,0.0023
30853,59,26.42,26.42,519,1304,0.3829400000000004,,,
30955,59,26.61,26.61,520,1308,0.38090000000000024,,,
31009,60,26.6,26.6,515,1312,0.37981999999999994,15104,1.452501904917881,0.0023
31072,60,25.02,25.02,516,1316,0.37856000000000023,,,
31142,60,24.93,24.93,517,1320,0.3771599999999997,,,
31227,60,25.17,25.17,519,1324,0.3754599999999999,,,
31536,60,27.58,27.58,520,1328,0.36928000000000016,15360,1.3393429103307426,0.0023
31720,60,28.24,28.24,523,1332,0.3655999999999999,,,
31826,60,27.61,27.61,523,1336,0.36348,15488,1.5885196125600487,0.0023
31876,60,26.69,26.69,524,1340,0.36248000000000014,,,
31971,60,27.02,27.02,525,1344,0.3605799999999998,,,
32039,61,26.65,26.65,524,1348,0.3592200000000001,15616,1.3132503528613597,0.0023
32150,61,27.09,27.09,526,1352,0.3570000000000003,,,
32260,61,27.62,27.62,526,1356,0.3547999999999998,15744,1.4627045096131042,0.0023
32332,61,27.74,27.74,527,1360,0.35336000000000034,,,
32480,61,28.51,28.51,529,1364,0.35040000000000027,,,
32623,61,28.94,28.94,530,1368,0.3475400000000003,15872,1.6809260236332193,0.0023
32692,61,28.46,28.46,531,1372,0.3461599999999999,,,
32790,61,26.96,26.96,531,1376,0.3442000000000003,16000,1.8771793071646243,0.0023
32931,61,26.6,26.6,533,1380,0.3413799999999998,,,
33106,61,27.46,27.46,534,1384,0.3378800000000002,16128,1.5586531416047364,0.0023
33171,61,27.0,27.0,535,1388,0.33657999999999966,,,
33327,62,27.99,27.99,535,1392,0.33345999999999987,16256,1.8962024711072445,0.0023
33393,62,27.2,27.2,536,1396,0.33214,,,
33524,62,27.56,27.56,538,1400,0.32952000000000004,,,
33669,62,28.16,28.16,539,1404,0.3266199999999998,16384,1.688114940887317,0.0023
33801,62,28.46,28.46,539,1408,0.3239799999999997,16512,1.82273893232923,0.0023
33983,62,29.74,29.74,542,1412,0.32033999999999985,,,
34329,63,32.57,32.57,544,1416,0.3134199999999998,16768,2.0865820811595768,0.0023
34441,63,32.99,32.99,545,1420,0.3111799999999999,,,
34589,63,33.62,33.62,546,1424,0.3082199999999997,16896,1.9676409715320915,0.0023
34734,63,31.98,31.98,548,1428,0.30532000000000004,,,
34790,63,30.7,30.7,549,1432,0.3042,,,
35110,63,32.84,32.84,550,1436,0.2978000000000002,17152,1.9878967478871346,0.0023
35208,63,33.32,33.32,551,1440,0.2958399999999999,,,
35477,64,35.06,35.06,554,1444,0.29046000000000005,17280,2.1038242543581873,0.0023
35795,64,37.56,37.56,556,1448,0.28410000000000035,17408,2.0734726663213223,0.0023
35993,64,38.43,38.43,558,1452,0.2801400000000003,17536,2.0674933686386794,0.0023
36298,64,40.38,40.38,560,1456,0.2740400000000003,17664,1.9662384742405266,0.0023
36624,65,42.92,42.92,561,1460,0.2675200000000002,17920,2.019531465601176,0.0023
36754,65,42.74,42.74,563,1464,0.26491999999999993,,,
36886,65,42.63,42.63,563,1468,0.26227999999999985,18048,1.8437045484315604,0.0023
37072,65,43.8,43.8,566,1472,0.25856000000000023,,,
37322,65,45.32,45.32,568,1476,0.2535600000000001,18176,2.0190439133439213,0.0023
37623,65,46.92,46.92,570,1480,0.24753999999999987,18304,1.9447808538097888,0.0023
37685,66,45.79,45.79,569,1484,0.24629999999999985,18432,1.95464261691086,0.0023
37854,66,46.83,46.83,571,1488,0.24292000000000025,,,
38133,66,48.06,48.06,569,1492,0.23733999999999966,18560,2.1782583326566964,0.0023
38482,68,50.89,50.89,562,1496,0.2303599999999999,18816,2.422030780930072,0.0023
38643,68,51.19,51.19,563,1500,0.22714000000000012,,,
38799,69,51.3,51.3,560,1504,0.22402000000000033,18944,1.9570907820016146,0.0023
38872,69,50.71,50.71,561,1508,0.2225600000000001,,,
39052,69,50.69,50.69,561,1512,0.21895999999999993,19072,2.108574250014499,0.0023
39117,69,47.88,47.88,562,1516,0.21766000000000008,,,
39295,69,48.54,48.54,563,1520,0.21410000000000007,19200,2.3947863816283643,0.0023
39380,69,47.91,47.91,564,1524,0.21240000000000026,,,
39661,69,49.27,49.27,566,1528,0.20677999999999996,19328,2.328685207525268,0.0023
39880,70,50.9,50.9,567,1532,0.20240000000000002,19456,2.159632547525689,0.0023
39990,70,48.8,48.8,567,1536,0.20020000000000016,19584,2.266143745277077,0.0023
40060,70,48.52,48.52,568,1540,0.1988000000000003,,,
40133,70,46.56,46.56,569,1544,0.19734000000000018,,,
40369,70,45.74,45.74,571,1548,0.1926199999999998,19712,2.5035226533655077,0.0023
40475,70,44.82,44.82,570,1552,0.1904999999999999,19840,2.53277442115359,0.0023
40582,70,42.84,42.84,572,1556,0.18835999999999986,,,
40797,71,41.73,41.73,573,1560,0.18405999999999978,19968,2.424963557161391,0.0023
40895,71,41.41,41.41,574,1564,0.18210000000000015,,,
41041,71,41.55,41.55,575,1568,0.17917999999999978,20096,2.4067524892743677,0.0023
41266,71,41.94,41.94,576,1572,0.17468000000000017,20224,2.636531025636941,0.0023
41371,71,40.49,40.49,577,1576,0.1725800000000005,,,
41473,71,38.5,38.5,577,1580,0.17054000000000047,20352,2.580807303544134,0.0023
41550,71,38.65,38.65,578,1584,0.1689999999999997,,,
41645,71,37.91,37.91,579,1588,0.16709999999999992,,,
41752,72,36.19,36.19,579,1592,0.16495999999999977,20480,3.138197732390836,0.0023
41860,72,33.78,33.78,580,1596,0.16280000000000028,,,
41979,72,33.36,33.36,582,1600,0.16042,,,
42159,72,33.6,33.6,578,1604,0.15681999999999974,20608,2.6124780969694257,0.0023
42280,73,34.08,34.08,574,1608,0.15439999999999987,20736,3.025675169657916,0.0023
42470,73,34.18,34.18,576,1612,0.1506000000000004,,,
42588,74,34.71,34.71,572,1616,0.14824000000000015,20864,2.66179101774469,0.0023
42831,75,35.36,35.36,569,1620,0.14337999999999973,20992,2.233633921481669,0.0023
43054,75,36.74,36.74,567,1624,0.13891999999999982,21120,2.6445460512768477,0.0023
43430,76,37.69,37.69,565,1628,0.13139999999999974,21248,2.8163665087195113,0.0023
43628,76,37.48,37.48,566,1632,0.1274399999999999,21376,2.2298916077706963,0.0023
44044,77,40.54,40.54,568,1636,0.11912,21632,3.021255339612253,0.0023
44289,77,42.29,42.29,570,1640,0.11421999999999977,21760,2.4727093406254426,0.0023
44425,77,42.92,42.92,571,1644,0.11149999999999993,,,
44572,77,42.03,42.03,572,1648,0.1085600000000001,21888,2.8574505005963147,0.0023
44862,78,43.87,43.87,574,1652,0.10275999999999996,22016,2.611376252374612,0.0023
45088,78,45.06,45.06,575,1656,0.09823999999999977,22144,2.7032094572205096,0.0023
45187,78,43.9,43.9,576,1660,0.09626000000000012,,,
45279,78,43.84,43.84,577,1664,0.09441999999999995,,,
45588,78,45.47,45.47,578,1668,0.08824000000000021,22400,3.0103140480350703,0.0023
45747,78,44.81,44.81,580,1672,0.08506000000000002,,,
45906,79,45.35,45.35,580,1676,0.08188000000000051,22528,3.1516799565870315,0.0023
46139,79,46.66,46.66,581,1680,0.07721999999999984,22656,3.06658330722712,0.0023
46244,79,46.94,46.94,582,1684,0.07512000000000008,,,
46321,79,46.76,46.76,583,1688,0.07357999999999998,,,
46602,80,48.5,48.5,578,1692,0.06795999999999991,22912,3.253937654895708,0.0023
46893,81,50.33,50.33,577,1696,0.062140000000000306,23040,3.7515819096006453,0.0023
47105,81,51.26,51.26,575,1700,0.05789999999999995,23168,2.9488985696807504,0.0023
47239,81,50.8,50.8,577,1704,0.05522000000000027,,,
47466,82,51.86,51.86,578,1708,0.050679999999999836,23296,2.7911203005351126,0.0023
47660,82,51.9,51.9,579,1712,0.04679999999999984,23424,3.5220998793374747,0.0023
47772,82,51.84,51.84,580,1716,0.04455999999999971,,,
48010,82,51.79,51.79,581,1720,0.04,23552,3.5035330101381987,0.0023
48338,83,52.84,52.84,580,1724,0.04,23680,2.93153984635137,0.0023
48575,84,51.45,51.45,577,1728,0.04,23808,3.4427175645250827,0.0023
48875,84,52.47,52.47,575,1732,0.04,23936,3.219416829990223,0.0023
49155,85,51.11,51.11,575,1736,0.04,24192,3.9940837835893035,0.0023
49355,85,50.66,50.66,577,1740,0.04,,,
49650,85,52.25,52.25,579,1744,0.04,24320,3.5756921749562025,0.0023
50012,86,54.4,54.4,580,1748,0.04,24576,4.031610673991963,0.0023
50183,86,53.21,53.21,581,1752,0.04,24704,4.081912728026509,0.0023
50543,86,54.55,54.55,583,1756,0.04,24832,3.8330852314829826,0.0023
50836,86,56.49,56.49,585,1760,0.04,24960,3.978759156540036,0.0023
51066,87,57.87,57.87,586,1764,0.04,25088,4.037397130858153,0.0023
51293,87,57.05,57.05,587,1768,0.04,25216,4.2778949700295925,0.0023
51551,87,58.04,58.04,588,1772,0.04,25344,4.0345058920793235,0.0023
51742,87,58.36,58.36,589,1776,0.04,25472,4.025966794230044,0.0023
51899,87,57.6,57.6,590,1780,0.04,,,
52157,88,59.13,59.13,592,1784,0.04,25600,3.8495978405699134,0.0023
52422,88,61.01,61.01,593,1788,0.04,25728,4.230474412906915,0.0023
52722,88,61.2,61.2,595,1792,0.04,25856,3.7094178083352745,0.0023
52872,88,59.79,59.79,595,1796,0.04,25984,3.9657881364692003,0.0023
53119,88,60.14,60.14,596,1800,0.04,26112,5.028747966280207,0.0023
53321,89,60.82,60.82,597,1804,0.04,26240,4.417657156707719,0.0023
53617,89,61.51,61.51,599,1808,0.04,26368,4.386649278458208,0.0023
53833,89,61.73,61.73,600,1812,0.04,26496,3.79468952678144,0.0023
54005,89,62.33,62.33,601,1816,0.04,,,
54278,90,62.68,62.68,601,1820,0.04,26752,4.017074878094718,0.0023
54529,90,61.91,61.91,603,1824,0.04,26880,4.43743804981932,0.0023
54801,90,62.26,62.26,604,1828,0.04,27008,4.227682551834732,0.0023
54964,90,60.89,60.89,606,1832,0.04,,,
55101,90,59.46,59.46,606,1836,0.04,27136,4.36766584822908,0.0023
55301,91,59.46,59.46,606,1840,0.04,27264,4.751426619011909,0.0023
55560,91,59.1,59.1,608,1844,0.04,27392,4.741837803740054,0.0023
55807,91,57.95,57.95,610,1848,0.04,,,
56041,91,58.58,58.58,611,1852,0.04,27520,4.455935265868902,0.0023
56340,92,57.97,57.97,611,1856,0.04,27776,4.855177243473008,0.0023
56672,92,58.36,58.36,613,1860,0.04,27904,4.727503202855587,0.0023
56944,92,58.78,58.78,615,1864,0.04,28032,4.950453608296812,0.0023
57076,92,57.83,57.83,616,1868,0.04,,,
57259,92,57.08,57.08,616,1872,0.04,28160,5.031468078959733,0.0023
57577,93,58.35,58.35,618,1876,0.04,28288,5.135834546759725,0.0023
57828,93,59.29,59.29,619,1880,0.04,28416,5.549941753037274,0.0023
58081,93,59.24,59.24,620,1884,0.04,28544,4.637887590331957,0.0023
58379,94,59.57,59.57,621,1888,0.04,28800,5.430254468694329,0.0023
58654,94,59.32,59.32,622,1892,0.04,28928,5.0275241243653,0.0023
58888,94,60.16,60.16,623,1896,0.04,29056,4.978910432197154,0.0023
59189,94,60.7,60.7,624,1900,0.04,29184,5.063369331415743,0.0023
59422,94,61.01,61.01,625,1904,0.04,29312,4.6204497122671455,0.0023
59660,95,60.43,60.43,626,1908,0.04,29440,4.585273641627282,0.0023
59818,95,59.85,59.85,627,1912,0.04,,,
59921,95,59.16,59.16,627,1916,0.04,29568,4.522655795328319,0.0023
60021,95,57.43,57.43,628,1920,0.04,,,
60138,95,56.09,56.09,629,1924,0.04,,,
60354,95,55.53,55.53,630,1928,0.04,29696,5.605795277282596,0.0023
60617,95,56.53,56.53,631,1932,0.04,29824,5.053394483402371,0.0023
60988,96,58.87,58.87,632,1936,0.04,30080,5.744030008558184,0.0023
61374,96,60.73,60.73,634,1940,0.04,30208,5.054413147736341,0.0023
61641,96,60.81,60.81,635,1944,0.04,30336,5.286242430098355,0.0023
61893,97,60.86,60.86,636,1948,0.04,30464,4.615257870871574,0.0023
62086,97,60.45,60.45,637,1952,0.04,30592,5.131919576320797,0.0023
62271,97,59.31,59.31,637,1956,0.04,30720,5.648522926028818,0.0023
62398,97,57.26,57.26,638,1960,0.04,,,
62615,97,56.71,56.71,639,1964,0.04,30848,4.839088501408696,0.0023
62913,98,58.37,58.37,640,1968,0.04,30976,5.273924585431814,0.0023
63143,98,58.84,58.84,641,1972,0.04,31104,5.531859763897955,0.0023
63318,99,57.41,57.41,639,1976,0.04,31232,5.617866390384734,0.0023
63689,99,58.61,58.61,639,1980,0.04,31360,5.870371031109244,0.0023
63978,99,58.97,58.97,640,1984,0.04,31488,5.556842337362468,0.0023
64293,100,59.14,59.14,640,1988,0.04,31744,5.152153397910297,0.0023
64537,100,58.83,58.83,641,1992,0.04,31872,5.745981074869633,0.0023
64672,100,57.84,57.84,642,1996,0.04,,,
64809,100,56.2,56.2,642,2000,0.04,32000,5.333901394391432,0.0023
64995,100,55.73,55.73,644,2004,0.04,,,
65332,102,56.72,56.72,638,2008,0.04,32256,5.998070569476113,0.0023
65570,103,57.52,57.52,635,2012,0.04,32384,5.490781644824892,0.0023
65840,103,59.19,59.19,633,2016,0.04,32512,6.125706912949681,0.0023
66089,104,60.68,60.68,630,2020,0.04,32640,6.584660093765706,0.0023
66296,104,61.58,61.58,632,2024,0.04,,,
66502,105,61.48,61.48,629,2028,0.04,32768,6.047581847757101,0.0023
66811,105,61.94,61.94,631,2032,0.04,32896,6.147556588053703,0.0023
66907,106,59.19,59.19,630,2036,0.04,33024,5.26104085566476,0.0023
67042,106,56.68,56.68,631,2040,0.04,,,
67327,106,56.86,56.86,632,2044,0.04,33152,5.320520147215575,0.0023
67598,106,57.05,57.05,632,2048,0.04,33408,4.9835458574816585,0.0023
67867,107,57.81,57.81,634,2052,0.04,33536,5.654892997117713,0.0023
68264,107,59.93,59.93,636,2056,0.04,33664,5.798325119540095,0.0023
68442,107,60.44,60.44,636,2060,0.04,33792,5.63721474353224,0.0023
68590,107,59.75,59.75,637,2064,0.04,,,
68802,107,58.89,58.89,638,2068,0.04,33920,5.23907185299322,0.0023
69067,108,59.24,59.24,639,2072,0.04,34048,5.710758684901521,0.0023
69303,108,59.85,59.85,640,2076,0.04,34176,5.828434589784592,0.0023
69538,108,58.49,58.49,640,2080,0.04,34304,5.826973301824182,0.0023
69843,108,58.65,58.65,642,2084,0.04,34432,6.039076096378267,0.0023
70132,109,58.39,58.39,643,2088,0.04,34560,5.775997713441029,0.0023
70358,109,58.21,58.21,644,2092,0.04,34688,6.283629220444709,0.0023
70685,109,60.13,60.13,644,2096,0.04,34944,5.799190500983968,0.0023
70987,109,61.78,61.78,645,2100,0.04,35072,6.114532626466826,0.0023
71160,109,61.65,61.65,646,2104,0.04,,,
71382,110,60.5,60.5,644,2108,0.04,35200,5.978204493410885,0.0023
71761,112,61.91,61.91,638,2112,0.04,35456,5.518189146183431,0.0023
71979,113,61.39,61.39,636,2116,0.04,35584,5.029731309739873,0.0023
72218,113,61.29,61.29,634,2120,0.04,35712,5.325632816646248,0.0023
72294,113,59.98,59.98,634,2124,0.04,,,
72454,114,59.52,59.52,631,2128,0.04,35840,5.2725650139618665,0.0023
72626,114,58.15,58.15,633,2132,0.04,,,
72692,114,57.85,57.85,633,2136,0.04,,,
72997,116,59.55,59.55,629,2140,0.04,36096,6.217631869483739,0.0023
73329,116,60.02,60.02,630,2144,0.04,36224,5.656203556573018,0.0023
73434,116,58.36,58.36,631,2148,0.04,,,
73636,116,57.69,57.69,631,2152,0.04,36352,4.963673130609095,0.0023
73802,116,55.38,55.38,632,2156,0.04,36480,4.8232501745224,0.0023
74017,117,55.75,55.75,632,2160,0.04,36608,5.463562153046951,0.0023
74314,117,57.24,57.24,631,2164,0.04,36736,5.24616344133392,0.0023
74499,118,56.97,56.97,630,2168,0.04,36864,5.136478807544336,0.0023
74860,118,57.93,57.93,629,2172,0.04,36992,5.466398018877953,0.0023
75242,119,59.39,59.39,629,2176,0.04,37120,5.919788292143494,0.0023
75555,120,60.17,60.17,625,2180,0.04,37376,5.462216625688598,0.0023
75673,120,58.3,58.3,626,2184,0.04,,,
75749,120,56.17,56.17,627,2188,0.04,,,
75933,121,55.75,55.75,624,2192,0.04,37504,5.036808604374528,0.0023
76233,122,55.48,55.48,623,2196,0.04,37632,5.370524859521538,0.0023
76447,123,54.6,54.6,620,2200,0.04,37760,5.552940392866731,0.0023
76713,123,55.53,55.53,619,2204,0.04,37888,5.4254179135896266,0.0023
77126,124,57.44,57.44,620,2208,0.04,38144,5.938869427423924,0.0023
77307,124,55.46,55.46,621,2212,0.04,,,
77537,124,55.58,55.58,621,2216,0.04,38272,5.6061032875441015,0.0023
77914,125,56.96,56.96,622,2220,0.04,38528,5.123702393844724,0.0023
78128,125,58.34,58.34,623,2224,0.04,38656,5.257919523399323,0.0023
78321,125,58.67,58.67,624,2228,0.04,,,
78472,125,58.46,58.46,624,2232,0.04,38784,5.4082351985853165,0.0023
78665,125,59.73,59.73,625,2236,0.04,38912,5.127999068237841,0.0023
79033,126,60.36,60.36,626,2240,0.04,39040,4.85951627837494,0.0023
79221,126,58.92,58.92,627,2244,0.04,39168,5.019777349429205,0.0023
79567,126,61.33,61.33,628,2248,0.04,39296,5.094442984787747,0.0023
79951,127,63.15,63.15,629,2252,0.04,39552,4.994513040874153,0.0023
80505,127,67.03,67.03,631,2256,0.04,39808,4.536129938671365,0.0023
80907,128,68.9,68.9,632,2260,0.04,40064,4.336210149107501,0.0023
81098,128,67.84,67.84,633,2264,0.04,,,
81612,129,71.13,71.13,631,2268,0.04,40320,4.950608699116856,0.0023
81915,130,70.55,70.55,629,2272,0.04,40448,5.47671433002688,0.0023
82096,130,68.54,68.54,627,2276,0.04,40576,5.2804905897937715,0.0023
82312,131,67.57,67.57,625,2280,0.04,40704,4.980610058642924,0.0023
82653,132,69.8,69.8,623,2284,0.04,40832,5.326216767774895,0.0023
82787,133,70.38,70.38,621,2288,0.04,40960,4.373046739026904,0.0023
82901,133,69.68,69.68,621,2292,0.04,,,
83213,134,69.8,69.8,617,2296,0.04,41216,5.159283519955352,0.0023
83464,135,70.17,70.17,615,2300,0.04,41344,5.081250581424683,0.0023
83865,136,71.52,71.52,614,2304,0.04,41472,5.591127615654841,0.0023
84109,137,69.83,69.83,612,2308,0.04,41600,4.960002661915496,0.0023
84329,137,70.22,70.22,612,2312,0.04,41728,5.049978178692982,0.0023
84518,137,69.81,69.81,612,2316,0.04,41856,4.906747111584991,0.0023
84701,137,67.87,67.87,614,2320,0.04,,,
84960,138,68.32,68.32,614,2324,0.04,41984,5.007000358775258,0.0023
85265,138,69.44,69.44,615,2328,0.04,42240,4.638625538209453,0.0023
85593,138,71.21,71.21,616,2332,0.04,42368,4.9943758472800255,0.0023
86012,139,73.47,73.47,618,2336,0.04,42496,4.851031333906576,0.0023
86314,139,72.81,72.81,618,2340,0.04,42752,4.567141306353733,0.0023
86514,139,72.93,72.93,619,2344,0.04,,,
87059,142,74.92,74.92,613,2348,0.04,43136,4.2942726004403085,0.0023
87360,142,74.09,74.09,612,2352,0.04,43264,4.459649644326419,0.0023
87560,143,70.55,70.55,611,2356,0.04,43392,4.0456392941996455,0.0023
87925,143,70.18,70.18,610,2360,0.04,43520,4.56925088702701,0.0023
88388,145,72.9,72.9,608,2364,0.04,43776,4.415263711242005,0.0023
88654,145,70.42,70.42,608,2368,0.04,43904,4.287565605249256,0.0023
88968,146,70.53,70.53,607,2372,0.04,44032,4.4999777232296765,0.0023
89536,148,74.4,74.4,604,2376,0.04,44288,4.232432808494195,0.0023
90329,150,80.17,80.17,600,2380,0.04,44672,4.135789579944685,0.0023
90536,151,78.83,78.83,598,2384,0.04,44800,3.772638676222414,0.0023
90629,151,78.42,78.42,598,2388,0.04,44928,4.06925841816701,0.0023
90717,151,78.16,78.16,599,2392,0.04,,,
90791,151,75.78,75.78,599,2396,0.04,,,
90956,151,74.92,74.92,599,2400,0.04,45056,4.262719386490062,0.0023
91296,152,74.31,74.31,600,2404,0.04,45184,3.9323621487710625,0.0023
91465,152,73.56,73.56,600,2408,0.04,45312,3.5312027076724917,0.0023
91784,152,74.55,74.55,601,2412,0.04,45440,3.8187506671529263,0.0023
92135,152,76.17,76.17,602,2416,0.04,45568,3.9640732931438833,0.0023
92773,153,80.72,80.72,603,2420,0.04,45952,3.508150923065841,0.0023
93123,153,81.63,81.63,605,2424,0.04,46080,3.916532297618687,0.0023
93537,154,82.72,82.72,605,2428,0.04,46336,3.881377005716786,0.0023
93760,154,81.67,81.67,606,2432,0.04,46464,3.615220937412232,0.0023
93893,154,78.81,78.81,606,2436,0.04,,,
95041,156,87.27,87.27,609,2440,0.04,47104,3.9704523608088493,0.0023
95937,156,94.23,94.23,611,2444,0.04,47488,3.766879402566701,0.0023
96109,157,90.5,90.5,611,2448,0.04,47616,3.945991245098412,0.0023
96343,157,89.83,89.83,612,2452,0.04,47744,3.4186356775462627,0.0023
96728,157,91.68,91.68,613,2456,0.04,47872,4.118644938804209,0.0023
97026,158,91.01,91.01,613,2460,0.04,48128,3.6539607979357243,0.0023
97278,158,88.9,88.9,614,2464,0.04,,,
98319,162,96.65,96.65,606,2468,0.04,48768,3.4117081684526056,0.0023
98688,163,97.2,97.2,605,2472,0.04,48896,3.7438988108187914,0.0023
99620,164,100.84,100.84,607,2476,0.04,49408,3.436372560216114,0.0023
99731,164,94.02,94.02,607,2480,0.04,,,
99843,164,93.07,93.07,606,2484,0.04,49536,4.239675740944222,0.0023
100754,167,101.25,101.25,602,2488,0.04,49920,3.658148914342746,0.0023
101612,168,108.95,108.95,604,2492,0.04,50304,4.18200804060325,0.0023
103176,170,123.85,123.85,606,2496,0.04,51200,3.351562584983185,0.0023
104496,171,135.4,135.4,609,2500,0.04,51840,4.357260901015252,0.0023
104884,172,135.88,135.88,608,2504,0.04,51968,3.629979129647836,0.0023
105369,173,139.04,139.04,606,2508,0.04,52224,4.372725044609979,0.0023
106127,174,143.43,143.43,607,2512,0.04,52608,3.663346281275153,0.0023
106486,174,143.51,143.51,608,2516,0.04,52736,3.3737450062762946,0.0023
106930,176,141.57,141.57,606,2520,0.04,52992,3.7362084065098315,0.0023
107238,176,141.15,141.15,606,2524,0.04,53120,4.592610148014501,0.0023
107577,178,140.4,140.4,603,2528,0.04,53376,4.001358999405056,0.0023
107862,178,141.02,141.02,603,2532,0.04,53504,4.21241511637345,0.0023
108111,179,142.18,142.18,602,2536,0.04,53632,4.0729126571677625,0.0023
108217,179,131.76,131.76,602,2540,0.04,,,
108388,180,124.51,124.51,601,2544,0.04,53760,4.170652917353436,0.0023
108600,180,124.91,124.91,600,2548,0.04,53888,3.943943172460422,0.0023
108694,180,123.51,123.51,600,2552,0.04,,,
108797,180,120.69,120.69,601,2556,0.04,,,
109113,181,120.87,120.87,601,2560,0.04,54144,4.4099055647384375,0.0023
109374,181,120.96,120.96,601,2564,0.04,54272,4.096774966455996,0.0023
109584,182,112.65,112.65,601,2568,0.04,54400,3.883959476137534,0.0023
109972,182,112.84,112.84,602,2572,0.04,54528,4.7280160575173795,0.0023
110434,183,108.14,108.14,603,2576,0.04,54784,4.032719454495236,0.0023
110746,183,110.15,110.15,604,2580,0.04,54912,3.63431388954632,0.0023
111060,183,112.17,112.17,604,2584,0.04,55040,3.944591825362295,0.0023
111327,183,105.73,105.73,605,2588,0.04,55168,3.923494072398171,0.0023
111595,184,99.83,99.83,605,2592,0.04,55296,3.894790541380644,0.0023
111982,184,88.06,88.06,605,2596,0.04,55552,3.808239364530891,0.0023
112436,185,79.4,79.4,606,2600,0.04,55808,4.264028440695256,0.0023
113031,185,81.47,81.47,607,2604,0.04,56064,3.6021663867868483,0.0023
113452,187,80.83,80.83,604,2608,0.04,56320,4.550604077288881,0.0023
113836,188,77.09,77.09,603,2612,0.04,56448,3.4548962833359838,0.0023
114137,189,76.51,76.51,602,2616,0.04,56576,4.428382048383355,0.0023
114782,191,78.52,78.52,597,2620,0.04,56960,3.665509006008506,0.0023
115295,192,80.57,80.57,598,2624,0.04,57216,4.015397266717628,0.0023
115606,192,80.29,80.29,599,2628,0.04,57344,3.654253331478685,0.0023
115986,193,81.24,81.24,599,2632,0.04,57600,3.932926716050133,0.0023
116342,193,82.31,82.31,600,2636,0.04,57728,3.7969545950181782,0.0023
116685,194,84.68,84.68,601,2640,0.04,57856,3.7232224959880114,0.0023
117157,194,87.69,87.69,601,2644,0.04,58112,3.3989690515445545,0.0023
117470,194,88.7,88.7,602,2648,0.04,58240,3.8877177282702178,0.0023
117835,195,91.41,91.41,602,2652,0.04,58496,3.4219702226109803,0.0023
117978,195,91.81,91.81,603,2656,0.04,,,
118234,195,91.21,91.21,603,2660,0.04,58624,3.8517223270609975,0.0023
118455,196,90.81,90.81,604,2664,0.04,58752,4.254679004079662,0.0023
118779,196,91.95,91.95,603,2668,0.04,58880,3.6983599732629955,0.0023
119220,198,92.48,92.48,600,2672,0.04,59136,4.18035100819543,0.0023
119561,200,91.27,91.27,596,2676,0.04,59392,3.537073946557939,0.0023
119687,200,89.41,89.41,597,2680,0.04,,,
119957,201,88.97,88.97,596,2684,0.04,59520,3.7173321740701795,0.0023
120184,202,88.57,88.57,594,2688,0.04,59648,3.89752154215239,0.0023
120269,202,86.74,86.74,594,2692,0.04,,,
120663,203,86.81,86.81,591,2696,0.04,59904,4.061048745526932,0.0023
121072,204,86.36,86.36,591,2700,0.04,60032,3.922375744674355,0.0023
121296,205,82.65,82.65,589,2704,0.04,60160,3.6964592860313132,0.0023
121705,207,82.53,82.53,586,2708,0.04,60416,3.5552498997421935,0.0023
122030,208,81.94,81.94,585,2712,0.04,60544,3.4676836549770087,0.0023
122397,210,82.6,82.6,582,2716,0.04,60800,4.19217450323049,0.0023
122654,210,78.72,78.72,583,2720,0.04,60928,4.362909888033755,0.0023
122947,210,76.52,76.52,583,2724,0.04,61056,4.1017180144554,0.0023
123137,210,75.31,75.31,583,2728,0.04,61184,3.8097030393546447,0.0023
123220,210,72.34,72.34,584,2732,0.04,,,
123358,210,70.16,70.16,584,2736,0.04,,,
123773,211,70.88,70.88,585,2740,0.04,61440,3.9513387334300205,0.0023
124099,211,69.42,69.42,585,2744,0.04,61568,4.4945017928257585,0.0023
124494,212,70.24,70.24,586,2748,0.04,61824,4.108000935171731,0.0023
124842,212,70.07,70.07,587,2752,0.04,61952,3.982341103022918,0.0023
125003,212,70.25,70.25,587,2756,0.04,62080,4.302261417033151,0.0023
125178,212,69.44,69.44,587,2760,0.04,,,
125328,213,68.73,68.73,586,2764,0.04,62208,3.9042713177623227,0.0023
125493,214,67.14,67.14,584,2768,0.04,62336,4.059799483278766,0.0023
125675,214,64.55,64.55,585,2772,0.04,,,
125969,216,64.08,64.08,582,2776,0.04,62592,3.232086150557734,0.0023
126052,216,63.65,63.65,582,2780,0.04,,,
126123,216,61.66,61.66,582,2784,0.04,,,
126184,216,60.0,60.0,582,2788,0.04,,,
126323,217,60.54,60.54,581,2792,0.04,62720,4.636028805165552,0.0023
126417,217,57.54,57.54,581,2796,0.04,,,
126695,218,56.23,56.23,580,2800,0.04,62848,3.5950089705875143,0.0023
126922,219,56.26,56.26,578,2804,0.04,62976,3.912822118261829,0.0023
127313,221,56.08,56.08,575,2808,0.04,63232,4.096822907915339,0.0023
127584,221,55.54,55.54,574,2812,0.04,63360,3.891719533945434,0.0023
127816,222,54.19,54.19,573,2816,0.04,63488,4.1445454536005855,0.0023
128122,223,54.68,54.68,573,2820,0.04,63616,4.393138547893614,0.0023
128525,223,55.78,55.78,574,2824,0.04,63872,4.078889342374168,0.0023
128694,223,55.57,55.57,574,2828,0.04,,,
128934,224,57.14,57.14,575,2832,0.04,64000,3.863842750317417,0.0023
129145,224,57.87,57.87,575,2836,0.04,64128,4.228029832360335,0.0023
129314,225,55.41,55.41,573,2840,0.04,64256,4.214730341511313,0.0023
129454,225,53.55,53.55,574,2844,0.04,,,
129740,226,52.46,52.46,573,2848,0.04,64384,4.2297792315948755,0.0023
130065,227,52.23,52.23,571,2852,0.04,64640,4.723371503408998,0.0023
130290,227,52.87,52.87,572,2856,0.04,,,
130606,228,54.28,54.28,571,2860,0.04,64896,3.629426822415553,0.0023
130813,228,54.85,54.85,572,2864,0.04,,,
130955,228,54.62,54.62,572,2868,0.04,65024,4.243392388569191,0.0023
131062,228,53.87,53.87,572,2872,0.04,,,
131439,229,54.7,54.7,573,2876,0.04,65280,4.388373510795645,0.0023
131821,229,57.69,57.69,574,2880,0.04,65408,3.4794576435815543,0.0023
132217,230,60.94,60.94,574,2884,0.04,65664,4.578202529461123,0.0023
132612,232,64.28,64.28,571,2888,0.04,65920,4.16336648457218,0.0023
132938,233,66.15,66.15,570,2892,0.04,66048,4.382482695044018,0.0023
133261,234,68.44,68.44,569,2896,0.04,66176,3.76437531481497,0.0023
133563,235,68.68,68.68,567,2900,0.04,66304,4.516067506978288,0.0023
133970,237,70.48,70.48,564,2904,0.04,66560,3.4742537232814357,0.0023
134266,238,69.53,69.53,563,2908,0.04,66688,3.8313471366418526,0.0023
134510,238,69.26,69.26,564,2912,0.04,66816,4.112448394589592,0.0023
134711,238,68.95,68.95,564,2916,0.04,66944,4.296988306916319,0.0023
134803,238,66.81,66.81,564,2920,0.04,,,
134978,239,64.53,64.53,564,2924,0.04,67072,4.08644474146422,0.0023
135110,239,64.16,64.16,565,2928,0.04,,,
135375,239,64.41,64.41,565,2932,0.04,67200,4.094134763814509,0.0023
135725,239,65.8,65.8,565,2936,0.04,67456,4.613333271234296,0.0023
135985,240,66.71,66.71,565,2940,0.04,67584,4.04384831036441,0.0023
136128,240,66.74,66.74,566,2944,0.04,,,
136434,240,66.94,66.94,566,2948,0.04,67712,3.94435611134395,0.0023
136673,240,66.08,66.08,567,2952,0.04,67840,4.730546557693742,0.0023
136892,241,66.02,66.02,567,2956,0.04,67968,4.300162018276751,0.0023
137178,241,65.72,65.72,567,2960,0.04,68096,5.076548368902877,0.0023
137660,242,68.47,68.47,568,2964,0.04,68352,4.285687595140189,0.0023
137970,242,70.15,70.15,569,2968,0.04,68480,4.29980579088442,0.0023
138225,243,71.63,71.63,567,2972,0.04,68608,4.559071649215184,0.0023
138542,244,71.03,71.03,567,2976,0.04,68864,4.791909033549018,0.0023
138691,244,68.7,68.7,567,2980,0.04,,,
138942,244,67.25,67.25,568,2984,0.04,68992,4.1570531179895625,0.0023
139254,244,66.42,66.42,568,2988,0.04,69120,3.627534769300837,0.0023
139680,245,67.42,67.42,569,2992,0.04,69376,4.4811536581255496,0.0023
139863,245,66.02,66.02,569,2996,0.04,69504,4.41463265416678,0.0023
140067,245,65.04,65.04,569,3000,0.04,69632,3.8441636627539992,0.0023
140195,245,62.25,62.25,570,3004,0.04,,,
140255,245,59.89,59.89,570,3008,0.04,,,
140577,247,60.67,60.67,567,3012,0.04,69888,3.8606927109649405,0.0023
140735,247,60.24,60.24,568,3016,0.04,,,
141021,248,62.18,62.18,567,3020,0.04,70016,4.458711856859736,0.0023
141333,250,63.55,63.55,565,3024,0.04,70272,3.636502861045301,0.0023
141552,250,64.42,64.42,565,3028,0.04,,,
141650,250,62.75,62.75,564,3032,0.04,70400,4.228631802252494,0.0023
141721,250,59.96,59.96,564,3036,0.04,,,
141811,251,58.26,58.26,564,3040,0.04,,,
142070,251,59.42,59.42,564,3044,0.04,70528,4.140947291627526,0.0023
142200,252,57.66,57.66,562,3048,0.04,70656,3.8377321209409274,0.0023
142411,253,57.38,57.38,561,3052,0.04,70784,4.565851309278514,0.0023
142538,253,56.46,56.46,562,3056,0.04,,,
142699,254,55.21,55.21,561,3060,0.04,70912,4.112622457672842,0.0023
142969,255,53.09,53.09,560,3064,0.04,71040,4.006323050474748,0.0023
143124,255,51.54,51.54,559,3068,0.04,71168,3.8347860009525903,0.0023
143281,255,50.56,50.56,559,3072,0.04,,,
143687,257,51.45,51.45,557,3076,0.04,71424,4.314830001676455,0.0023
143951,258,52.6,52.6,556,3080,0.04,71552,3.9824675078270957,0.0023
144034,258,50.92,50.92,557,3084,0.04,,,
144225,259,49.71,49.71,555,3088,0.04,71680,4.172371298074722,0.0023
144519,260,48.39,48.39,555,3092,0.04,71808,4.01299621880753,0.0023
144810,261,49.47,49.47,554,3096,0.04,71936,3.861569957167376,0.0023
145231,262,51.64,51.64,552,3100,0.04,72192,3.5084817762835883,0.0023
145748,264,55.53,55.53,551,3104,0.04,72448,4.057228889665566,0.0023
146055,265,58.0,58.0,550,3108,0.04,72576,3.568996176123619,0.0023
146176,265,55.99,55.99,550,3112,0.04,,,
146410,266,56.75,56.75,549,3116,0.04,72704,3.4272380194161087,0.0023
146687,267,56.66,56.66,548,3120,0.04,72832,4.2976422312203795,0.0023
146899,268,55.66,55.66,547,3124,0.04,72960,3.10836101078894,0.0023
147199,268,56.47,56.47,547,3128,0.04,73088,3.7617443205672316,0.0023
147510,269,58.6,58.6,547,3132,0.04,73344,3.6439549713977613,0.0023
147981,269,62.6,62.6,548,3136,0.04,73600,3.2616929203504696,0.0023
148248,270,64.37,64.37,548,3140,0.04,73728,3.5045331752626225,0.0023
148390,270,63.2,63.2,549,3144,0.04,,,
148519,270,63.19,63.19,549,3148,0.04,73856,3.848584244493395,0.0023
148650,270,62.39,62.39,549,3152,0.04,,,
149012,270,64.74,64.74,550,3156,0.04,74112,3.57090458041057,0.0023
149086,270,63.87,63.87,550,3160,0.04,,,
149565,271,65.96,65.96,550,3164,0.04,74368,3.8109248236287385,0.0023
149864,271,67.4,67.4,551,3168,0.04,74496,3.740201760898344,0.0023
150115,272,68.34,68.34,551,3172,0.04,74624,3.21050078200642,0.0023
150627,272,69.4,69.4,552,3176,0.04,74880,3.9103499930351973,0.0023
150866,272,69.15,69.15,552,3180,0.04,75008,3.81902756303316,0.0023
151005,272,69.71,69.71,553,3184,0.04,,,
151247,273,70.22,70.22,552,3188,0.04,75136,3.8575048863422126,0.0023
151502,274,69.83,69.83,551,3192,0.04,75264,3.892248972784728,0.0023
151756,275,69.46,69.46,549,3196,0.04,75392,3.438985340530053,0.0023
151867,276,66.36,66.36,548,3200,0.04,75520,3.531461691833101,0.0023
151946,276,61.98,61.98,548,3204,0.04,,,
152041,276,59.86,59.86,548,3208,0.04,,,
152330,278,61.54,61.54,546,3212,0.04,75776,3.3299751047161408,0.0023
152451,279,60.41,60.41,546,3216,0.04,,,
152556,279,58.69,58.69,546,3220,0.04,,,
152847,279,59.48,59.48,546,3224,0.04,76032,4.282345251645893,0.0023
153084,279,58.85,58.85,547,3228,0.04,,,
153439,280,59.29,59.29,547,3232,0.04,76288,3.302385570888873,0.0023
153564,280,55.83,55.83,548,3236,0.04,,,
153876,282,56.28,56.28,545,3240,0.04,76544,3.501705080852844,0.0023
154109,282,57.19,57.19,545,3244,0.04,,,
154534,284,60.15,60.15,543,3248,0.04,76800,3.293557515833527,0.0023
154811,285,61.61,61.61,542,3252,0.04,76928,3.9747461460647173,0.0023
155004,286,59.92,59.92,541,3256,0.04,77056,3.397261297563091,0.0023
155232,287,61.46,61.46,540,3260,0.04,77184,3.313945027330192,0.0023
155474,288,59.09,59.09,538,3264,0.04,77312,3.635179679200519,0.0023
155576,288,57.12,57.12,539,3268,0.04,,,
155747,289,56.32,56.32,538,3272,0.04,77440,3.668146904092282,0.0023
156120,290,54.93,54.93,537,3276,0.04,77568,2.7776099308393896,0.0023
156526,291,56.6,56.6,537,3280,0.04,77824,2.8004713591653854,0.0023
156870,291,58.65,58.65,538,3284,0.04,77952,3.8861829627421685,0.0023
157096,291,58.49,58.49,538,3288,0.04,78080,3.9005784927867353,0.0023
157468,292,59.66,59.66,538,3292,0.04,78336,3.3366579663124867,0.0023
157768,292,60.12,60.12,539,3296,0.04,78464,3.6113465694361366,0.0023
158041,292,61.74,61.74,539,3300,0.04,78592,2.854568745184224,0.0023
158225,293,62.79,62.79,539,3304,0.04,78720,3.4872403429471888,0.0023
158664,293,66.23,66.23,540,3308,0.04,78848,2.7644133323337883,0.0023
158857,293,65.27,65.27,540,3312,0.04,78976,3.4304214069852605,0.0023
159699,294,72.48,72.48,542,3316,0.04,79360,3.1836586840217933,0.0023
160405,295,78.49,78.49,543,3320,0.04,79744,3.1721398316149134,0.0023
160600,295,77.53,77.53,543,3324,0.04,79872,2.6758960279403254,0.0023
160678,295,75.94,75.94,543,3328,0.04,,,
160763,295,73.24,73.24,543,3332,0.04,,,
161061,296,74.97,74.97,544,3336,0.04,80128,3.01836167863803,0.0023
161177,296,73.01,73.01,544,3340,0.04,,,
161387,296,72.78,72.78,544,3344,0.04,80256,3.27293069800362,0.0023
161666,296,71.32,71.32,545,3348,0.04,80384,2.922122804855462,0.0023
161959,296,71.48,71.48,545,3352,0.04,80512,3.483946509542875,0.0023
162615,297,76.11,76.11,546,3356,0.04,80896,3.165007093339227,0.0023
162898,297,76.66,76.66,546,3360,0.04,81024,2.8022556530777365,0.0023
163045,298,75.71,75.71,547,3364,0.04,,,
163265,298,76.89,76.89,547,3368,0.04,81152,3.111547947046347,0.0023
163427,299,76.8,76.8,546,3372,0.04,81280,2.9567318235640414,0.0023
163511,299,73.91,73.91,546,3376,0.04,,,
163676,299,71.5,71.5,545,3380,0.04,81408,3.2493656361475587,0.0023
163786,299,69.16,69.16,545,3384,0.04,,,
164051,300,69.55,69.55,545,3388,0.04,81536,2.7969080913753714,0.0023
164446,302,69.78,69.78,543,3392,0.04,81792,3.1983541448717006,0.0023
164515,302,67.47,67.47,543,3396,0.04,,,
164601,302,65.6,65.6,543,3400,0.04,,,
165181,305,69.56,69.56,541,3404,0.04,82176,2.856795081170276,0.0023
165630,306,69.66,69.66,540,3408,0.04,82304,3.080819699272979,0.0023
166252,309,73.95,73.95,537,3412,0.04,82688,3.1105484860308934,0.0023
166488,310,67.89,67.89,536,3416,0.04,82816,2.991262129857205,0.0023
166701,311,62.96,62.96,535,3420,0.04,82944,2.676781692483928,0.0023
166781,311,61.81,61.81,535,3424,0.04,,,
166874,311,61.96,61.96,535,3428,0.04,,,
167096,311,63.33,63.33,535,3432,0.04,83072,2.97551991493674,0.0023
167463,312,64.02,64.02,536,3436,0.04,83328,3.089303713175468,0.0023
167778,312,66.01,66.01,536,3440,0.04,83456,2.9539670633967035,0.0023
167918,312,65.31,65.31,537,3444,0.04,,,
168111,312,64.45,64.45,537,3448,0.04,83584,2.9071501851431094,0.0023
168426,313,64.67,64.67,537,3452,0.04,83712,2.495253975968808,0.0023
168792,313,61.77,61.77,538,3456,0.04,83968,2.383751924848184,0.0023
169044,313,61.46,61.46,538,3460,0.04,84096,3.026824637548998,0.0023
169239,314,61.94,61.94,538,3464,0.04,84224,2.725440730690025,0.0023
169538,314,62.73,62.73,539,3468,0.04,84352,3.248006271896884,0.0023
169589,314,61.62,61.62,539,3472,0.04,,,
169646,314,61.35,61.35,539,3476,0.04,,,
169698,314,60.22,60.22,539,3480,0.04,,,
169777,314,59.91,59.91,539,3484,0.04,84480,2.6852938996162266,0.0023
169855,314,58.04,58.04,539,3488,0.04,,,
169930,314,54.84,54.84,539,3492,0.04,,,
170001,315,54.86,54.86,539,3496,0.04,84608,3.1664582100347616,0.0023
170066,315,54.65,54.65,539,3500,0.04,,,
170129,315,49.48,49.48,539,3504,0.04,,,
170191,315,45.61,45.61,540,3508,0.04,,,
170259,315,40.07,40.07,539,3512,0.04,84736,2.834837473288644,0.0023
170324,315,38.36,38.36,540,3516,0.04,,,
170387,315,36.86,36.86,540,3520,0.04,,,
170450,315,36.69,36.69,540,3524,0.04,,,
170513,315,36.39,36.39,540,3528,0.04,84864,2.7952327360399067,0.0023
170575,315,34.79,34.79,540,3532,0.04,,,
170638,315,31.75,31.75,540,3536,0.04,,,
170695,315,29.17,29.17,540,3540,0.04,,,
170753,315,28.35,28.35,540,3544,0.04,84992,3.0972826522774994,0.0023
170819,315,27.08,27.08,540,3548,0.04,,,
170883,315,24.57,24.57,540,3552,0.04,,,
170942,315,21.5,21.5,541,3556,0.04,,,
171004,315,19.6,19.6,541,3560,0.04,,,
171068,316,18.29,18.29,540,3564,0.04,85120,3.090407757787034,0.0023
171135,316,15.97,15.97,541,3568,0.04,,,
171209,316,16.2,16.2,541,3572,0.04,,,
171280,316,16.34,16.34,541,3576,0.04,85248,3.0583636631490663,0.0023
171354,316,16.56,16.56,541,3580,0.04,,,
171427,316,16.5,16.5,541,3584,0.04,,,
171503,316,16.48,16.48,541,3588,0.04,,,
171580,316,16.5,16.5,541,3592,0.04,85376,3.416667972342111,0.0023
171654,316,16.53,16.53,541,3596,0.04,,,
171729,316,16.63,16.63,542,3600,0.04,,,
171847,317,17.18,17.18,541,3604,0.04,85504,3.5050809180829674,0.0023
172013,317,18.22,18.22,542,3608,0.04,,,
172323,317,20.64,20.64,542,3612,0.04,85760,3.460162621573545,0.0023
172456,317,21.32,21.32,542,3616,0.04,,,
172666,317,22.79,22.79,543,3620,0.04,85888,3.0807096948847175,0.0023
173048,318,25.98,25.98,543,3624,0.04,86016,3.026480349129997,0.0023
173512,318,29.99,29.99,544,3628,0.04,86272,3.0277645422611386,0.0023
174415,322,38.4,38.4,540,3632,0.04,86784,3.694820773904212,0.0023
175745,328,51.07,51.07,535,3636,0.04,87424,2.78111420373898,0.0023
177127,329,64.32,64.32,537,3640,0.04,88064,3.5255283368751407,0.0023
178193,330,74.4,74.4,538,3644,0.04,88704,3.2014245267491788,0.0023
178985,331,81.66,81.66,539,3648,0.04,89088,3.542911697877571,0.0023
179744,332,88.61,88.61,540,3652,0.04,89472,3.601587414217647,0.0023
180270,333,93.28,93.28,541,3656,0.04,89728,2.98337910824921,0.0023
180325,333,93.21,93.21,541,3660,0.04,,,
180473,333,94.05,94.05,541,3664,0.04,,,
180535,333,94.0,94.0,541,3668,0.04,89856,3.243095960293431,0.0023
180589,333,93.8,93.8,541,3672,0.04,,,
180653,333,93.73,93.73,541,3676,0.04,,,
180721,333,93.67,93.67,541,3680,0.04,,,
181019,334,95.92,95.92,541,3684,0.04,90112,3.0252418807940558,0.0023
181078,334,95.75,95.75,542,3688,0.04,,,
181140,334,95.6,95.6,542,3692,0.04,,,
181213,334,95.59,95.59,542,3696,0.04,,,
181466,334,97.37,97.37,542,3700,0.04,90240,3.331214514444582,0.0023
181550,335,97.03,97.03,541,3704,0.04,90368,3.6978067584568635,0.0023
181634,335,96.21,96.21,541,3708,0.04,,,
181729,335,94.06,94.06,542,3712,0.04,,,
182176,337,97.2,97.2,540,3716,0.04,90624,3.5539769070455804,0.0023
182737,337,100.71,100.71,540,3720,0.04,90880,3.3598719217116013,0.0023
183216,339,101.68,101.68,538,3724,0.04,91136,2.8649058629525825,0.0023
183684,342,101.72,101.72,536,3728,0.04,91392,3.116171201108955,0.0023
183983,343,95.68,95.68,536,3732,0.04,91520,3.6130481944419444,0.0023
184178,344,84.33,84.33,535,3736,0.04,91648,3.5813416886376217,0.0023
184711,346,75.84,75.84,533,3740,0.04,91904,3.3001190681243315,0.0023
185215,348,70.22,70.22,531,3744,0.04,92160,2.914465503068641,0.0023
185295,348,63.1,63.1,531,3748,0.04,,,
185365,349,56.21,56.21,530,3752,0.04,92288,2.8786124436883256,0.0023
185521,349,52.51,52.51,530,3756,0.04,,,
185925,351,56.0,56.0,528,3760,0.04,92544,3.5337906532222405,0.0023
186254,351,57.81,57.81,529,3764,0.04,92672,2.6968926179688424,0.0023
186479,352,59.44,59.44,529,3768,0.04,92800,2.9792879208689556,0.0023
186769,352,61.8,61.8,529,3772,0.04,92928,2.988702629227191,0.0023
186973,352,63.2,63.2,530,3776,0.04,93056,2.9064858263591304,0.0023
187137,353,64.16,64.16,529,3780,0.04,93184,3.0195878107333556,0.0023
187453,354,64.34,64.34,528,3784,0.04,93312,2.9382132136961445,0.0023
187811,355,67.33,67.33,527,3788,0.04,93440,2.8344045971171,0.0023
188456,359,73.16,73.16,524,3792,0.04,93824,3.354449203470722,0.0023
188729,360,75.16,75.16,524,3796,0.04,93952,3.290001481655054,0.0023
188852,360,73.86,73.86,524,3800,0.04,,,
189104,360,75.54,75.54,524,3804,0.04,94080,3.112221397459507,0.0023
189284,361,76.5,76.5,523,3808,0.04,94208,3.530250730109401,0.0023
189613,362,78.84,78.84,522,3812,0.04,94336,3.964601223007776,0.0023
190030,364,78.54,78.54,521,3816,0.04,94592,3.0168515002005734,0.0023
190433,365,76.96,76.96,520,3820,0.04,94720,3.3315327940508723,0.0023
190566,366,73.5,73.5,519,3824,0.04,94848,3.287488101515919,0.0023
190734,367,70.5,70.5,518,3828,0.04,94976,3.3905493679339997,0.0023
190829,367,68.46,68.46,518,3832,0.04,,,
190925,367,67.47,67.47,518,3836,0.04,,,
191402,369,66.91,66.91,517,3840,0.04,95232,3.070522222085856,0.0023
191698,371,64.83,64.83,516,3844,0.04,95360,3.287609445047565,0.0023
192035,373,67.4,67.4,514,3848,0.04,95616,3.053727080579847,0.0023
192305,374,69.4,69.4,514,3852,0.04,95744,2.9557078442303464,0.0023
192483,374,69.62,69.62,514,3856,0.04,,,
192883,374,69.58,69.58,514,3860,0.04,96000,2.9896405092440546,0.0023
193106,375,68.52,68.52,513,3864,0.04,96128,2.7906311428523622,0.0023
193186,375,67.07,67.07,513,3868,0.04,,,
193445,376,66.76,66.76,513,3872,0.04,96256,3.037433418096043,0.0023
193803,378,68.3,68.3,511,3876,0.04,96512,2.7282667965628207,0.0023
193898,378,67.61,67.61,511,3880,0.04,,,
194131,379,66.78,66.78,510,3884,0.04,96640,2.50934071658412,0.0023
194735,380,69.24,69.24,511,3888,0.04,96896,2.657367532956414,0.0023
195123,382,66.67,66.67,510,3892,0.04,97152,2.557914382137824,0.0023
195214,382,64.85,64.85,510,3896,0.04,,,
195289,382,64.37,64.37,510,3900,0.04,,,
195676,384,65.72,65.72,509,3904,0.04,97408,3.247790592140518,0.0023
196231,385,69.47,69.47,508,3908,0.04,97664,2.95033051725477,0.0023
197304,389,76.91,76.91,506,3912,0.04,98176,2.6317430930794217,0.0023
197556,390,75.26,75.26,505,3916,0.04,98304,2.503171774209477,0.0023
197984,391,75.51,75.51,505,3920,0.04,98560,2.715589454222936,0.0023
198587,392,80.21,80.21,505,3924,0.04,98816,2.729824461217504,0.0023
198949,393,82.15,82.15,506,3928,0.04,99072,3.304016713052988,0.0023
199189,394,83.6,83.6,505,3932,0.04,99200,2.7510992758907378,0.0023
199402,394,84.77,84.77,505,3936,0.04,,,
199704,396,83.02,83.02,504,3940,0.04,99456,2.6064790952659678,0.0023
199904,396,82.06,82.06,504,3944,0.04,,,
200322,396,82.87,82.87,504,3948,0.04,99712,2.8067203001119196,0.0023
200597,397,82.92,82.92,505,3952,0.04,99840,2.361247723456472,0.0023
200677,397,81.94,81.94,505,3956,0.04,,,
200758,397,78.75,78.75,505,3960,0.04,99968,2.875836474762764,0.0023
201078,397,79.72,79.72,505,3964,0.04,100096,2.803474964457564,0.0023
201556,398,83.7,83.7,506,3968,0.04,100352,2.7271854387945496,0.0023
201918,398,84.73,84.73,506,3972,0.04,100480,2.210819379426539,0.0023
202257,399,84.54,84.54,506,3976,0.04,100736,2.6585048614651896,0.0023
202321,399,84.23,84.23,507,3980,0.04,,,
202409,399,82.78,82.78,507,3984,0.04,,,
202623,399,78.88,78.88,507,3988,0.04,100864,2.435612403671257,0.0023
202966,399,78.43,78.43,507,3992,0.04,100992,2.5936937753576785,0.0023
203311,400,80.97,80.97,508,3996,0.04,101248,2.77963785052998,0.0023
203792,400,85.03,85.03,508,4000,0.04,101504,2.5739946152898483,0.0023
204330,401,86.54,86.54,509,4004,0.04,101760,2.4471199901308864,0.0023
205142,402,89.11,89.11,510,4008,0.04,102144,2.575832669477677,0.0023
206231,403,89.27,89.27,511,4012,0.04,102656,2.4505069154547527,0.0023
207011,404,94.55,94.55,512,4016,0.04,103040,2.537730655312771,0.0023
207160,404,91.76,91.76,512,4020,0.04,103168,2.207212212088052,0.0023
208043,405,94.56,94.56,513,4024,0.04,103552,2.340568454237655,0.0023
208194,405,92.45,92.45,513,4028,0.04,103680,2.601278393936809,0.0023
208267,405,90.78,90.78,513,4032,0.04,,,
209354,406,99.52,99.52,514,4036,0.04,104192,2.337669290136546,0.0023
210015,407,103.11,103.11,515,4040,0.04,104576,2.3123708072234876,0.0023
210613,408,107.09,107.09,515,4044,0.04,104832,1.9840957355918363,0.0023
210845,408,105.23,105.23,516,4048,0.04,104960,2.3090281159384176,0.0023
211537,409,109.4,109.4,516,4052,0.04,105344,2.2123317969962955,0.0023
211631,409,109.54,109.54,517,4056,0.04,,,
211707,409,109.49,109.49,517,4060,0.04,,,
211827,409,107.49,107.49,517,4064,0.04,105472,2.139662451343611,0.0023
212189,410,106.33,106.33,516,4068,0.04,105600,2.437424890056718,0.0023
212920,413,110.02,110.02,514,4072,0.04,105984,2.5197039103950374,0.0023
213348,415,110.91,110.91,513,4076,0.04,106240,2.8221464378293604,0.0023
213783,415,114.62,114.62,514,4080,0.04,106496,2.63280549866613,0.0023
214251,416,118.42,118.42,514,4084,0.04,106624,2.2738403773400933,0.0023
214771,416,121.48,121.48,515,4088,0.04,106880,2.354030048009008,0.0023
214974,416,120.08,120.08,515,4092,0.04,107008,2.460837165825069,0.0023
215202,417,118.91,118.91,515,4096,0.04,107136,2.0342577411793172,0.0023
215390,417,115.98,115.98,515,4100,0.04,107264,2.5153384461300448,0.0023
215696,417,113.66,113.66,516,4104,0.04,107392,2.1954827169538476,0.0023
215868,418,107.26,107.26,515,4108,0.04,107520,2.32289319508709,0.0023
215958,418,97.27,97.27,515,4112,0.04,,,
216280,419,92.69,92.69,515,4116,0.04,107648,2.333687623438891,0.0023
216729,420,95.69,95.69,515,4120,0.04,107904,1.92353133688448,0.0023
216959,420,89.16,89.16,515,4124,0.04,108032,2.0131670103874058,0.0023
217207,421,90.13,90.13,515,4128,0.04,108160,2.3010838343179785,0.0023
217504,421,92.37,92.37,516,4132,0.04,108288,2.0533784645376727,0.0023
218033,421,86.79,86.79,516,4136,0.04,108544,2.4352879270445555,0.0023
218305,422,82.9,82.9,517,4140,0.04,108672,2.177975612867158,0.0023
218557,422,79.44,79.44,517,4144,0.04,108800,2.123621860926505,0.0023
218782,422,79.37,79.37,517,4148,0.04,108928,2.1133060809224844,0.0023
218865,422,73.28,73.28,517,4152,0.04,,,
219394,423,77.63,77.63,518,4156,0.04,109312,2.2219494028249756,0.0023
219870,423,81.63,81.63,518,4160,0.04,109440,2.3144299525301903,0.0023
220527,424,87.0,87.0,519,4164,0.04,109824,2.0881451695458964,0.0023
221085,425,88.96,88.96,519,4168,0.04,110080,2.2013769118348137,0.0023
221773,425,88.53,88.53,520,4172,0.04,110464,2.2233449451159686,0.0023
222052,426,87.04,87.04,520,4176,0.04,110592,1.9913641727762297,0.0023
222922,427,91.39,91.39,521,4180,0.04,110976,2.2311154359485954,0.0023
223269,427,90.18,90.18,522,4184,0.04,111232,2.092185712477658,0.0023
224164,428,93.93,93.93,523,4188,0.04,111616,1.966382131096907,0.0023
224787,429,98.13,98.13,523,4192,0.04,112000,1.6861754861893132,0.0023
225157,429,99.55,99.55,524,4196,0.04,112128,1.8532231313874945,0.0023
225619,430,102.29,102.29,524,4200,0.04,112384,2.355508534121327,0.0023
225975,430,102.79,102.79,524,4204,0.04,112512,2.007783471781295,0.0023
226321,430,104.53,104.53,525,4208,0.04,112768,1.9525249187718146,0.0023
227085,431,111.27,111.27,525,4212,0.04,113152,2.1557959094061516,0.0023
228445,436,121.65,121.65,523,4216,0.04,113792,2.1570646233740263,0.0023
228741,437,120.12,120.12,523,4220,0.04,113920,1.8770173409720883,0.0023
229260,438,123.01,123.01,522,4224,0.04,114176,2.0260839862166904,0.0023
229606,438,123.99,123.99,523,4228,0.04,114304,1.9831469697528519,0.0023
229886,440,123.82,123.82,522,4232,0.04,114432,2.107319875038229,0.0023
230445,443,124.12,124.12,519,4236,0.04,114816,1.9583688156562857,0.0023
230907,443,126.02,126.02,520,4240,0.04,114944,1.9022084778407589,0.0023
231586,444,130.29,130.29,520,4244,0.04,115328,1.9654405759065412,0.0023
232012,445,132.3,132.3,521,4248,0.04,115584,1.8438352094381116,0.0023
232152,445,132.87,132.87,521,4252,0.04,,,
232302,445,129.08,129.08,521,4256,0.04,115712,2.2134270326350816,0.0023
232466,445,125.96,125.96,521,4260,0.04,115840,2.359380792477168,0.0023
232846,446,123.19,123.19,522,4264,0.04,115968,2.003479611943476,0.0023
233231,446,121.46,121.46,522,4268,0.04,116224,2.13773200311698,0.0023
233300,446,115.27,115.27,522,4272,0.04,,,
233371,446,113.19,113.19,522,4276,0.04,,,
233459,446,105.37,105.37,522,4280,0.04,,,
233758,448,104.89,104.89,521,4284,0.04,116480,2.287749725219328,0.0023
233821,448,96.57,96.57,521,4288,0.04,,,
233900,448,91.13,91.13,521,4292,0.04,,,
233954,448,87.97,87.97,521,4296,0.04,,,
234180,449,85.61,85.61,521,4300,0.04,116608,2.187982723931782,0.0023
234495,450,85.2,85.2,520,4304,0.04,116736,2.2397979662637226,0.0023
234591,450,82.7,82.7,520,4308,0.04,116864,1.6729037671466358,0.0023
234687,450,76.02,76.02,520,4312,0.04,,,
234732,450,62.87,62.87,521,4316,0.04,,,
235329,451,65.88,65.88,521,4320,0.04,117248,2.1046844394295476,0.0023
235853,451,65.93,65.93,521,4324,0.04,117504,1.780964498699177,0.0023
236380,452,67.74,67.74,522,4328,0.04,117760,1.9167810444487259,0.0023
236472,452,65.86,65.86,522,4332,0.04,,,
236758,452,63.13,63.13,522,4336,0.04,117888,1.736905020661652,0.0023
237365,453,64.58,64.58,523,4340,0.04,118272,1.8902555163949728,0.0023
237699,453,61.13,61.13,523,4344,0.04,118400,1.8982935112144332,0.0023
238148,454,61.36,61.36,524,4348,0.04,118656,1.9509686672245152,0.0023
238254,454,61.02,61.02,524,4352,0.04,,,
238678,456,63.76,63.76,522,4356,0.04,118912,1.9298387498711236,0.0023
239023,457,65.57,65.57,522,4360,0.04,119040,2.1100415784167126,0.0023
239366,459,65.2,65.2,520,4364,0.04,119296,2.2052879851544276,0.0023
240164,461,69.33,69.33,520,4368,0.04,119680,2.027325173956342,0.0023
240421,461,71.21,71.21,520,4372,0.04,119808,2.07498621288687,0.0023
240739,462,73.68,73.68,520,4376,0.04,119936,2.0896299445885234,0.0023
241059,462,76.0,76.0,521,4380,0.04,120064,2.210833472374361,0.0023
241817,463,80.59,80.59,522,4384,0.04,120448,2.2078379783197306,0.0023
241993,463,81.72,81.72,522,4388,0.04,120576,2.0277073294855654,0.0023
242344,463,84.44,84.44,522,4392,0.04,120704,2.1350322366924956,0.0023
243111,464,91.57,91.57,523,4396,0.04,121088,2.0784395541995764,0.0023
243610,465,94.3,94.3,523,4400,0.04,121344,2.1002010287484154,0.0023
243935,465,94.4,94.4,524,4404,0.04,121472,2.253541518235579,0.0023
244251,465,96.6,96.6,524,4408,0.04,121728,2.3688428013119847,0.0023
244535,466,98.48,98.48,523,4412,0.04,121856,1.8504445077269338,0.0023
245106,467,103.74,103.74,524,4416,0.04,122112,2.1693665985949337,0.0023
245364,467,100.35,100.35,524,4420,0.04,122240,1.9503205625223927,0.0023
245804,468,99.51,99.51,524,4424,0.04,122496,1.7890318676363677,0.0023
246409,468,100.29,100.29,525,4428,0.04,122752,1.7773452720139176,0.0023
247480,470,110.08,110.08,526,4432,0.04,123264,1.7459229215746745,0.0023
248145,470,113.87,113.87,526,4436,0.04,123648,1.7484490745700896,0.0023
248459,471,110.94,110.94,527,4440,0.04,123776,1.8362351238029078,0.0023
248990,471,112.91,112.91,527,4444,0.04,124032,1.984652139537502,0.0023
249339,472,111.91,111.91,528,4448,0.04,124160,1.7122112283250317,0.0023
249907,472,116.53,116.53,528,4452,0.04,124544,1.8240591128123924,0.0023
250396,474,117.18,117.18,527,4456,0.04,124800,1.9524517369573005,0.0023
250810,476,117.87,117.87,526,4460,0.04,124928,1.7564031738438644,0.0023
251199,478,118.33,118.33,525,4464,0.04,125184,1.7558487417991273,0.0023
251465,478,113.01,113.01,525,4468,0.04,125312,1.736322572658537,0.0023
251764,478,113.43,113.43,525,4472,0.04,125440,1.623620217142161,0.0023
252615,479,118.76,118.76,526,4476,0.04,125824,1.8855810438399203,0.0023
254615,481,135.56,135.56,528,4480,0.04,126848,1.6050514948437922,0.0023
256615,484,147.98,147.98,529,4484,0.04,127872,1.6410556672490202,0.0023
258289,486,162.96,162.96,531,4488,0.04,128640,1.437590129673481,0.0023
259803,487,174.59,174.59,532,4492,0.04,129408,1.3106069253990427,0.0023
261347,489,182.36,182.36,533,4496,0.04,130176,1.5842022708966397,0.0023
262151,490,185.41,185.41,534,4500,0.04,130688,1.3902428389410488,0.0023
263277,491,193.42,193.42,535,4504,0.04,131200,1.5623295705299824,0.0023
263370,491,191.19,191.19,535,4508,0.04,,,
264118,492,195.83,195.83,536,4512,0.04,131584,1.421526012942195,0.0023
264658,494,195.52,195.52,535,4516,0.04,131840,1.5994704756885767,0.0023
264898,495,195.34,195.34,534,4520,0.04,131968,1.528636102215387,0.0023
265222,497,194.18,194.18,533,4524,0.04,132224,1.4916765063535422,0.0023
265517,498,191.08,191.08,533,4528,0.04,132352,1.541233799944166,0.0023
266562,502,190.82,190.82,530,4532,0.04,132864,1.184407812426798,0.0023
267672,506,195.27,195.27,528,4536,0.04,133376,1.18217418435961,0.0023
267990,507,195.31,195.31,527,4540,0.04,133504,1.5393311297520995,0.0023
268522,509,195.32,195.32,526,4544,0.04,133760,1.598033910326194,0.0023
269103,513,197.64,197.64,524,4548,0.04,134144,1.6099823980475776,0.0023
270342,514,204.35,204.35,525,4552,0.04,134784,1.433499435253907,0.0023
271939,516,215.43,215.43,526,4556,0.04,135552,1.4538222198025323,0.0023
272729,517,219.19,219.19,527,4560,0.04,135936,1.23117856902536,0.0023
273727,518,225.28,225.28,527,4564,0.04,136448,1.1325931808096357,0.0023
273944,518,224.79,224.79,528,4568,0.04,136576,1.2725953759509139,0.0023
274287,519,225.23,225.23,528,4572,0.04,136704,1.333894009992946,0.0023
274721,519,221.06,221.06,528,4576,0.04,136960,1.071977643034188,0.0023
274861,519,202.46,202.46,528,4580,0.04,,,
275601,520,189.86,189.86,529,4584,0.04,137344,1.2542645776411518,0.0023
276180,521,178.91,178.91,530,4588,0.04,137600,1.4021695288538467,0.0023
277206,522,174.03,174.03,530,4592,0.04,138112,1.3179130466887727,0.0023
278270,524,169.23,169.23,530,4596,0.04,138624,1.298993219708791,0.0023
279144,525,169.93,169.93,531,4600,0.04,139136,1.4995204127044417,0.0023
279838,526,165.61,165.61,531,4604,0.04,139520,1.2769405698927585,0.0023
279908,526,165.38,165.38,531,4608,0.04,,,
279983,526,158.65,158.65,531,4612,0.04,,,
280054,526,153.96,153.96,531,4616,0.04,,,
280644,529,157.46,157.46,529,4620,0.04,139904,1.3198856648814399,0.0023
281515,531,162.93,162.93,529,4624,0.04,140288,1.3381460910313763,0.0023
282781,532,172.64,172.64,530,4628,0.04,140928,1.4109335186949465,0.0023
283355,535,167.93,167.93,529,4632,0.04,141184,1.1328456503106281,0.0023
283940,538,162.68,162.68,527,4636,0.04,141568,1.0404072934179567,0.0023
284964,542,169.74,169.74,524,4640,0.04,142080,0.9993719237972982,0.0023
285520,545,169.98,169.98,523,4644,0.04,142336,1.0666807492088992,0.0023
285883,546,167.8,167.8,523,4648,0.04,142464,1.1950166183523834,0.0023
287253,552,169.11,169.11,519,4652,0.04,143232,1.0776404444186483,0.0023
287410,552,154.71,154.71,519,4656,0.04,,,
288663,554,159.34,159.34,520,4660,0.04,143872,1.1456999735091813,0.0023
289580,555,158.53,158.53,521,4664,0.04,144384,1.2255985843366943,0.0023
289735,555,157.91,157.91,521,4668,0.04,,,
290127,557,158.4,158.4,520,4672,0.04,144640,1.0409940391255077,0.0023
290289,557,155.68,155.68,520,4676,0.04,,,
291080,561,162.19,162.19,517,4680,0.04,145152,1.1479242023197003,0.0023
292255,563,166.54,166.54,518,4684,0.04,145664,1.0620036572217941,0.0023
292872,566,166.92,166.92,516,4688,0.04,146048,1.2072421060147462,0.0023
292999,566,157.93,157.93,517,4692,0.04,,,
293122,566,148.52,148.52,517,4696,0.04,146176,1.2858336369681638,0.0023
293217,566,140.73,140.73,517,4700,0.04,,,
293336,566,134.98,134.98,517,4704,0.04,,,
293713,567,138.05,138.05,517,4708,0.04,146432,1.1232982074143365,0.0023
294281,568,142.98,142.98,518,4712,0.04,146688,0.9376408181997249,0.0023
294969,568,149.15,149.15,518,4716,0.04,147072,0.9187303125363542,0.0023
295460,569,148.16,148.16,518,4720,0.04,147328,1.2748093144764425,0.0023
295551,569,140.36,140.36,518,4724,0.04,,,
295632,569,128.51,128.51,519,4728,0.04,,,
295973,570,126.18,126.18,519,4732,0.04,147584,1.1388321231206646,0.0023
296396,570,124.56,124.56,519,4736,0.04,147712,1.0558028394298162,0.0023
296506,570,115.42,115.42,519,4740,0.04,147840,1.0308633254171582,0.0023
296668,570,111.48,111.48,519,4744,0.04,,,
296777,571,108.94,108.94,519,4748,0.04,147968,0.9935375531204045,0.0023
296881,571,96.28,96.28,519,4752,0.04,,,
297072,572,96.62,96.62,519,4756,0.04,148096,0.8003485493682092,0.0023
297418,572,87.55,87.55,519,4760,0.04,148224,1.0878563396981917,0.0023
297819,572,82.39,82.39,519,4764,0.04,148480,1.1088911657134304,0.0023
298119,573,83.84,83.84,520,4768,0.04,148608,1.2053149957428104,0.0023
298309,573,81.82,81.82,520,4772,0.04,148736,1.0178872693213634,0.0023
298372,573,80.83,80.83,520,4776,0.04,,,
298438,573,73.58,73.58,520,4780,0.04,,,
298823,574,65.68,65.68,520,4784,0.04,148992,1.1001176233839942,0.0023
299294,574,64.22,64.22,520,4788,0.04,149248,1.0031548960396321,0.0023
299360,574,63.61,63.61,520,4792,0.04,,,
299434,574,63.12,63.12,521,4796,0.04,,,
299518,574,63.01,63.01,521,4800,0.04,,,
299584,575,62.48,62.48,520,4804,0.04,149376,1.1644747377504245,0.0023
299660,575,59.47,59.47,520,4808,0.04,,,
299718,575,54.37,54.37,520,4812,0.04,,,
