time/time_elapsed,rollout/exploration_rate,time/total_timesteps,time/episodes,time/fps,rollout/ep_rew_mean,rollout/ep_len_mean,train/n_updates,train/learning_rate,train/loss
0,0.9942400000000002,96,4,9831,24.0,24.0,,,
0,0.9893799999999997,177,8,10436,22.125,22.125,,,
0,0.9825999999999999,290,12,11431,24.166666666666668,24.166666666666668,,,
0,0.9794800000000001,342,16,11830,21.375,21.375,,,
0,0.97264,456,20,12806,22.8,22.8,,,
0,0.9685000000000001,525,24,13175,21.875,21.875,,,
0,0.96136,644,28,14024,23.0,23.0,,,
0,0.9511599999999998,814,32,14835,25.4375,25.4375,,,
0,0.9472600000000002,879,36,14986,24.416666666666668,24.416666666666668,,,
0,0.9402999999999999,995,40,15390,24.875,24.875,,,
0,0.9353800000000003,1077,44,6204,24.477272727272727,24.477272727272727,128,0.0023,0.014376094192186883
0,0.9298600000000001,1169,48,6526,24.354166666666668,24.354166666666668,,,
0,0.9259000000000002,1235,52,6735,23.75,23.75,,,
0,0.9211599999999998,1314,56,4381,23.464285714285715,23.464285714285715,256,0.0023,0.03167179699266853
0,0.9173199999999999,1378,60,4532,22.966666666666665,22.966666666666665,,,
0,0.9125800000000002,1457,64,4709,22.765625,22.765625,,,
0,0.9068199999999997,1553,68,3721,22.83823529411765,22.83823529411765,384,0.0023,0.0532409337174613
0,0.9032200000000001,1613,72,3823,22.40277777777778,22.40277777777778,,,
0,0.8971,1715,76,4006,22.56578947368421,22.56578947368421,,,
0,0.8918200000000001,1803,80,3347,22.5375,22.5375,512,0.0023,0.062467529151035706
0,0.88672,1888,84,3469,22.476190476190474,22.476190476190474,,,
0,0.8800600000000003,1999,88,3625,22.71590909090909,22.71590909090909,,,
0,0.87412,2098,92,3176,22.804347826086957,22.804347826086957,640,0.0023,0.06958794673118973
0,0.8657200000000003,2238,96,3341,23.3125,23.3125,,,
0,0.8591200000000003,2348,100,3022,23.48,23.48,768,0.0023,0.06547658274212154
0,0.8543799999999999,2427,104,3102,23.31,23.31,,,
0,0.8489200000000001,2518,108,3193,23.41,23.41,,,
0,0.8420799999999999,2632,112,2949,23.42,23.42,896,0.0023,0.07656173755094642
0,0.8369799999999998,2717,116,3023,23.75,23.75,,,
0,0.83182,2803,120,3097,23.47,23.47,,,
1,0.8276199999999998,2873,124,2846,23.48,23.48,1024,0.0023,0.0729343988095934
1,0.8192799999999998,3012,128,2954,23.68,23.68,,,
1,0.8133999999999999,3110,132,2750,22.96,22.96,1152,0.0023,0.07386278696139925
1,0.8083600000000002,3194,136,2809,23.15,23.15,,,
1,0.8005599999999997,3324,140,2901,23.29,23.29,,,
1,0.7940799999999999,3432,144,2725,23.55,23.55,1280,0.0023,0.08116895723651396
1,0.7899400000000001,3501,148,2769,23.32,23.32,,,
1,0.7835799999999997,3607,152,2625,23.72,23.72,1408,0.0023,0.09835484719224041
1,0.7752399999999997,3746,156,2707,24.32,24.32,,,
1,0.7718800000000003,3802,160,2738,24.24,24.24,,,
1,0.7653999999999999,3910,164,2602,24.53,24.53,1536,0.0023,0.10412005503167165
1,0.7533400000000001,4111,168,2544,25.58,25.58,1664,0.0023,0.1231797919535893
1,0.7497399999999999,4171,172,2573,25.58,25.58,,,
1,0.7393000000000001,4345,176,2660,26.3,26.3,,,
1,0.7317399999999998,4471,180,2562,26.68,26.68,1792,0.0023,0.13334361926536076
1,0.7244199999999998,4593,184,2618,27.05,27.05,,,
1,0.7178800000000003,4702,188,2513,27.03,27.03,1920,0.0023,0.15286823550559347
1,0.7133800000000001,4777,192,2545,26.79,26.79,,,
1,0.70564,4906,196,2466,26.68,26.68,2048,0.0023,0.14861021131946472
1,0.69892,5018,200,2512,26.7,26.7,,,
2,0.6919,5135,204,2431,27.08,27.08,2176,0.0023,0.1435183439971297
2,0.6856,5240,208,2470,27.22,27.22,,,
2,0.68032,5328,212,2503,26.96,26.96,,,
2,0.6764800000000002,5392,216,2410,26.75,26.75,2304,0.0023,0.16652752241498092
2,0.6711399999999998,5481,220,2442,26.78,26.78,,,
2,0.66526,5579,224,2478,27.06,27.06,,,
2,0.6594399999999998,5676,228,2403,26.64,26.64,2432,0.0023,0.213808247630368
2,0.65368,5772,232,2435,26.62,26.62,,,
2,0.6439600000000003,5934,236,2389,27.4,27.4,2560,0.0023,0.21258900300017558
2,0.6398800000000002,6002,240,2410,26.78,26.78,,,
2,0.6353800000000001,6077,244,2434,26.45,26.45,,,
2,0.6312400000000002,6146,248,2357,26.45,26.45,2688,0.0023,0.24234546854859218
2,0.62764,6206,252,2375,25.99,25.99,,,
2,0.6207999999999998,6320,256,2409,25.74,25.74,,,
2,0.6167199999999997,6388,260,2430,25.86,25.86,,,
2,0.6092800000000003,6512,264,2373,26.02,26.02,2816,0.0023,0.2087691887645633
2,0.5985399999999998,6691,268,2318,25.8,25.8,2944,0.0023,0.25816383834171575
2,0.595,6750,272,2333,25.79,25.79,,,
2,0.5864199999999997,6893,276,2371,25.48,25.48,,,
3,0.5782600000000002,7029,280,2315,25.58,25.58,3072,0.0023,0.23470828935387544
3,0.5692599999999999,7179,284,2280,25.86,25.86,3200,0.0023,0.27129462589800823
3,0.5566599999999999,7389,288,2334,26.87,26.87,,,
3,0.5506000000000002,7490,292,2280,27.13,27.13,3328,0.0023,0.2986497978999978
3,0.5463400000000003,7561,296,2296,26.55,26.55,,,
3,0.5374000000000003,7710,300,2211,26.92,26.92,3456,0.0023,0.2996250594005687
3,0.52942,7843,304,2242,27.08,27.08,,,
3,0.5234799999999997,7942,308,2197,27.02,27.02,3584,0.0023,0.3345171287219273
3,0.51448,8092,312,2230,27.64,27.64,,,
3,0.50116,8314,316,2199,29.22,29.22,3712,0.0023,0.3160038358037127
4,0.4766199999999998,8723,320,2167,32.42,32.42,3968,0.0023,0.319989576790249
4,0.46810000000000007,8865,324,2195,32.86,32.86,,,
4,0.4589199999999998,9018,328,2165,33.42,33.42,4096,0.0023,0.32198935601627454
4,0.4375,9375,332,2179,36.03,36.03,4224,0.0023,0.3014245611266233
4,0.41986000000000034,9669,336,2184,37.35,37.35,4352,0.0023,0.40331581075588474
4,0.4162600000000002,9729,340,2145,37.27,37.27,4480,0.0023,0.4691999515343923
4,0.4126000000000001,9790,344,2155,37.13,37.13,,,
4,0.4029999999999999,9950,348,2183,38.04,38.04,,,
4,0.3944200000000002,10093,352,2160,38.87,38.87,4608,0.0023,0.4252230569254607
4,0.39052,10158,356,2170,38.38,38.38,,,
4,0.38716000000000006,10214,360,2180,38.26,38.26,,,
4,0.3750399999999998,10416,364,2167,39.04,39.04,4736,0.0023,0.5011695828288794
4,0.3571000000000002,10715,368,2170,40.24,40.24,4864,0.0023,0.5331212116288953
5,0.3353200000000002,11078,372,2143,43.28,43.28,5120,0.0023,0.5562863177037798
5,0.32524,11246,376,2169,43.53,43.53,,,
5,0.28834000000000015,11861,380,2138,48.32,48.32,5504,0.0023,0.4754866915754974
5,0.2757999999999998,12070,384,2128,48.91,48.91,5632,0.0023,0.5453702885424718
5,0.2671000000000001,12215,388,2148,48.26,48.26,,,
5,0.2623599999999997,12294,392,2121,48.04,48.04,5760,0.0023,0.4972434964729473
5,0.25851999999999997,12358,396,2130,47.97,47.97,,,
5,0.25264,12456,400,2142,47.46,47.46,,,
5,0.2485599999999999,12524,404,2151,46.81,46.81,,,
6,0.22630000000000006,12895,408,2128,49.53,49.53,6016,0.0023,0.5778565687069204
6,0.21958,13007,412,2142,49.15,49.15,,,
6,0.21502,13083,416,2115,47.69,47.69,6144,0.0023,0.5631732584006386
6,0.20235999999999965,13294,420,2141,45.71,45.71,,,
6,0.18628000000000033,13562,424,2140,46.97,46.97,6272,0.0023,0.5180983655154705
6,0.16858000000000029,13857,428,2110,48.39,48.39,6528,0.0023,0.5669487068953458
6,0.1533399999999997,14111,432,2108,47.36,47.36,6656,0.0023,0.6206747531541623
6,0.14824000000000015,14196,436,2117,45.27,45.27,,,
6,0.1405599999999998,14324,440,2132,45.95,45.95,,,
6,0.13480000000000003,14420,444,2111,46.3,46.3,6784,0.0023,0.7130114852625411
6,0.12850000000000017,14525,448,2123,45.75,45.75,,,
6,0.11968000000000034,14672,452,2109,45.79,45.79,6912,0.0023,0.5787241725047352
7,0.10504000000000036,14916,456,2105,47.58,47.58,7040,0.0023,0.67286733086803
7,0.08931999999999984,15178,460,2104,49.64,49.64,7168,0.0023,0.642279223568039
7,0.07240000000000024,15460,464,2104,50.44,50.44,7296,0.0023,0.7493215436115861
7,0.05775999999999959,15704,468,2101,49.89,49.89,7424,0.0023,0.6904986889567226
7,0.04293999999999987,15951,472,2099,48.73,48.73,7552,0.0023,0.7875947149295826
7,0.04,16293,476,2107,50.47,50.47,7680,0.0023,0.7702688445860986
7,0.04,16651,480,2088,47.9,47.9,7936,0.0023,0.7200839454308152
8,0.04,17066,484,2102,49.96,49.96,8064,0.0023,0.835239057225408
8,0.04,17418,488,2081,52.03,52.03,8320,0.0023,0.7152690857765265
8,0.04,17578,492,2095,52.84,52.84,,,
8,0.04,17783,496,2086,54.25,54.25,8448,0.0023,0.6946114528691396
8,0.04,18044,500,2085,55.88,55.88,8576,0.0023,0.8042137777956668
8,0.04,18352,504,2088,58.28,58.28,8704,0.0023,0.7789172172633698
9,0.04,18722,508,2065,58.27,58.27,8960,0.0023,0.8140210440033115
9,0.04,18988,512,2064,59.81,59.81,9088,0.0023,0.7111131486890372
9,0.04,19270,516,2063,61.87,61.87,9216,0.0023,0.810161051194882
9,0.04,19401,520,2074,61.07,61.07,,,
9,0.04,19755,524,2054,61.93,61.93,9472,0.0023,0.8559658353915438
9,0.04,20026,528,2054,61.69,61.69,9600,0.0023,0.7525507178943371
9,0.04,20166,532,2065,60.55,60.55,,,
10,0.04,20496,536,2046,63.0,63.0,9856,0.0023,0.798974257602822
10,0.04,20911,540,2055,65.87,65.87,9984,0.0023,0.8363941212592181
10,0.04,21368,544,2047,69.48,69.48,10240,0.0023,0.8430253801634535
10,0.04,21764,548,2021,72.39,72.39,10496,0.0023,0.8832834072527476
10,0.04,22093,552,2025,74.21,74.21,10624,0.0023,0.7270364202558994
11,0.04,22505,556,2035,75.89,75.89,10752,0.0023,0.8852111914893612
11,0.04,23218,560,2031,80.4,80.4,11136,0.0023,0.9180425522499718
11,0.04,24082,564,2019,86.22,86.22,11648,0.0023,0.8536252656049328
12,0.04,24832,568,2034,91.28,91.28,11904,0.0023,0.8487943004001863
12,0.04,25004,572,2027,90.53,90.53,12032,0.0023,0.8676611639093608
12,0.04,25815,576,2029,95.22,95.22,12416,0.0023,0.8326581196160987
12,0.04,26022,580,2026,93.71,93.71,12544,0.0023,0.8654212980763987
12,0.04,26333,584,2029,92.67,92.67,12672,0.0023,0.8816762696369551
13,0.04,26681,588,2019,92.63,92.63,12928,0.0023,0.742469647229882
13,0.04,26918,592,2016,93.4,93.4,13056,0.0023,0.811050003831042
13,0.04,27280,596,2019,94.97,94.97,13184,0.0023,0.7646079398982693
13,0.04,27619,600,2021,95.75,95.75,13312,0.0023,0.9055801145150326
14,0.04,28423,604,1999,100.71,100.71,13824,0.0023,0.8221556132484693
14,0.04,28580,608,2007,98.58,98.58,,,
14,0.04,28694,612,1996,97.06,97.06,13952,0.0023,0.9692349277320318
14,0.04,28875,616,2006,96.05,96.05,,,
14,0.04,29775,620,1998,103.74,103.74,14464,0.0023,0.8077393791172653
14,0.04,29875,624,2003,101.2,101.2,,,
15,0.04,30104,628,2002,100.78,100.78,14592,0.0023,0.9031664239300881
15,0.04,30303,632,1999,101.37,101.37,14720,0.0023,1.1148983592283912
15,0.04,30546,636,1997,100.5,100.5,14848,0.0023,0.9946087012940552
15,0.04,30683,640,2004,97.72,97.72,,,
15,0.04,30942,644,2003,95.74,95.74,14976,0.0023,0.8224746366322506
15,0.04,31138,648,2000,93.74,93.74,15104,0.0023,1.223773866717238
15,0.04,31457,652,2003,93.64,93.64,15232,0.0023,1.1162590314634144
15,0.04,31619,656,1996,91.14,91.14,15360,0.0023,1.0303709977306426
15,0.04,31996,660,2002,87.78,87.78,15488,0.0023,0.9919952827040106
16,0.04,32410,664,1995,83.28,83.28,15744,0.0023,1.02035012235865
16,0.04,32720,668,1994,78.88,78.88,15872,0.0023,1.1866781217977405
16,0.04,33116,672,1986,81.12,81.12,16128,0.0023,1.2278111120103858
16,0.04,33393,676,1987,75.78,75.78,16256,0.0023,1.1601709678652696
16,0.04,33671,680,1988,76.49,76.49,16384,0.0023,1.158414831821574
17,0.04,34028,684,1993,76.95,76.95,16512,0.0023,1.2486560308607295
17,0.04,34504,688,1991,78.23,78.23,16768,0.0023,1.1747760526486672
17,0.04,34680,692,1987,77.62,77.62,16896,0.0023,1.042429066466866
17,0.04,34864,696,1983,75.84,75.84,17024,0.0023,1.2603519092663191
17,0.04,34976,700,1987,73.57,73.57,,,
17,0.04,35071,704,1991,66.48,66.48,,,
17,0.04,35432,708,1981,68.52,68.52,17280,0.0023,1.3283584973250981
18,0.04,35728,712,1983,70.34,70.34,17408,0.0023,1.403738790366333
18,0.04,35964,716,1980,70.89,70.89,17536,0.0023,1.3066896268283017
18,0.04,36122,720,1973,63.47,63.47,17664,0.0023,1.3674461489426903
18,0.04,36208,724,1976,63.33,63.33,,,
18,0.04,36288,728,1980,61.84,61.84,,,
18,0.04,36448,732,1967,61.45,61.45,17792,0.0023,1.400510229927022
18,0.04,36646,736,1962,61.0,61.0,17920,0.0023,1.4875517428154126
18,0.04,36843,740,1970,61.6,61.6,,,
18,0.04,37144,744,1960,62.02,62.02,18176,0.0023,1.4229107834980823
19,0.04,37413,748,1959,62.75,62.75,18304,0.0023,1.5861721635446884
19,0.04,37537,752,1963,60.8,60.8,,,
19,0.04,37756,756,1959,61.37,61.37,18432,0.0023,1.6247668892028742
19,0.04,38075,760,1960,60.79,60.79,18560,0.0023,1.40760848892387
19,0.04,38430,764,1954,60.2,60.2,18816,0.0023,1.667683222272899
19,0.04,38830,768,1960,61.1,61.1,18944,0.0023,1.2115520135848783
19,0.04,39023,772,1958,59.07,59.07,19072,0.0023,1.8172562206164002
19,0.04,39136,776,1962,57.43,57.43,,,
20,0.04,39238,780,1955,55.67,55.67,19200,0.0023,1.5891383876441978
20,0.04,39332,784,1959,53.04,53.04,,,
20,0.04,39425,788,1953,49.21,49.21,19328,0.0023,1.5286484618554823
20,0.04,39657,792,1962,49.77,49.77,,,
20,0.04,39825,796,1958,49.61,49.61,19456,0.0023,1.6958038080483675
20,0.04,39947,800,1952,49.71,49.71,19584,0.0023,1.3877524351992179
20,0.04,40010,804,1954,49.39,49.39,,,
20,0.04,40079,808,1957,46.47,46.47,,,
20,0.04,40143,812,1959,44.15,44.15,,,
20,0.04,40353,816,1957,43.89,43.89,19712,0.0023,1.6240145610063337
20,0.04,40584,820,1956,44.62,44.62,19840,0.0023,1.5950617592025083
20,0.04,40852,824,1957,46.44,46.44,19968,0.0023,1.576466089260066
21,0.04,41211,828,1961,49.23,49.23,20096,0.0023,1.6771447018254548
21,0.04,41603,832,1957,51.55,51.55,20352,0.0023,1.6026910977379885
21,0.04,41761,836,1954,51.15,51.15,20480,0.0023,1.6851446735672653
21,0.04,41823,840,1956,49.8,49.8,,,
21,0.04,41889,844,1958,47.45,47.45,,,
21,0.04,41949,848,1960,45.36,45.36,,,
21,0.04,42193,852,1959,46.56,46.56,20608,0.0023,1.7108372155344114
21,0.04,42308,856,1954,45.52,45.52,20736,0.0023,1.66182786016725
21,0.04,42424,860,1958,43.49,43.49,,,
21,0.04,42671,864,1958,42.41,42.41,20864,0.0023,1.9530685417121276
22,0.04,43025,868,1953,41.95,41.95,21120,0.0023,1.975998416019138
22,0.04,43120,872,1956,40.97,40.97,,,
22,0.04,43214,876,1959,40.78,40.78,,,
22,0.04,43307,880,1954,40.69,40.69,21248,0.0023,1.7586056003056
22,0.04,43376,884,1956,40.44,40.44,,,
22,0.04,43450,888,1958,40.25,40.25,,,
22,0.04,43519,892,1961,38.62,38.62,,,
22,0.04,43924,896,1952,40.99,40.99,21504,0.0023,1.9266058033390436
22,0.04,44169,900,1952,42.22,42.22,21632,0.0023,1.8448718539439142
22,0.04,44332,904,1949,43.22,43.22,21760,0.0023,1.8409634986892343
22,0.04,44396,908,1951,43.17,43.17,,,
22,0.04,44477,912,1953,43.34,43.34,,,
22,0.04,44642,916,1951,42.89,42.89,21888,0.0023,1.8233888283721171
23,0.04,44885,920,1950,43.01,43.01,22016,0.0023,2.0097553119121585
23,0.04,44998,924,1954,41.46,41.46,,,
23,0.04,45231,928,1953,40.2,40.2,22144,0.0023,1.8668031635170337
23,0.04,45547,932,1955,39.44,39.44,22272,0.0023,1.8432501434581354
23,0.04,45821,936,1956,40.6,40.6,22400,0.0023,1.7963681345863733
23,0.04,46108,940,1949,42.85,42.85,22656,0.0023,1.8662252684007399
23,0.04,46410,944,1950,45.21,45.21,22784,0.0023,1.8023089171620086
23,0.04,46608,948,1948,46.59,46.59,22912,0.0023,1.8035359809873626
24,0.04,46954,952,1951,47.61,47.61,23040,0.0023,2.2872056050691754
24,0.04,47290,956,1954,49.82,49.82,23168,0.0023,1.958918493881356
24,0.04,47571,960,1955,51.47,51.47,23296,0.0023,1.9554170347983018
24,0.04,47992,964,1952,53.21,53.21,23552,0.0023,2.0075964446295984
24,0.04,48419,968,1949,53.94,53.94,23808,0.0023,1.903917666291818
24,0.04,48552,972,1953,54.32,54.32,,,
24,0.04,48786,976,1953,55.72,55.72,23936,0.0023,1.8179750521085225
25,0.04,48967,980,1950,56.6,56.6,24064,0.0023,1.8661405682796612
25,0.04,49240,984,1951,58.64,58.64,24192,0.0023,2.219846030813642
25,0.04,49487,988,1951,60.37,60.37,24320,0.0023,2.0913861073204316
25,0.04,49714,992,1949,61.95,61.95,24448,0.0023,2.057132911606459
25,0.04,49799,996,1951,58.75,58.75,,,
25,0.04,49869,1000,1953,57.0,57.0,,,
25,0.04,50007,1004,1949,56.75,56.75,24576,0.0023,2.2104086407925934
25,0.04,50253,1008,1949,58.57,58.57,24704,0.0023,1.8964842349523678
25,0.04,50477,1012,1948,60.0,60.0,24832,0.0023,2.1065624406328425
25,0.04,50555,1016,1951,59.13,59.13,,,
25,0.04,50682,1020,1954,57.97,57.97,,,
26,0.04,51024,1024,1950,60.26,60.26,25088,0.0023,2.013420357252471
26,0.04,51276,1028,1951,60.45,60.45,25216,0.0023,1.9433101325994357
26,0.04,51433,1032,1955,58.86,58.86,,,
26,0.04,51631,1036,1953,58.1,58.1,25344,0.0023,2.0037174746976234
26,0.04,51845,1040,1952,57.37,57.37,25472,0.0023,1.7880755329679232
26,0.04,52154,1044,1951,57.44,57.44,25600,0.0023,1.5843055748264305
26,0.04,52291,1048,1948,56.83,56.83,25728,0.0023,2.0365068585670087
26,0.04,52357,1052,1950,54.03,54.03,,,
26,0.04,52434,1056,1952,51.44,51.44,,,
26,0.04,52519,1060,1947,49.48,49.48,25856,0.0023,2.08558726820047
26,0.04,52588,1064,1949,45.96,45.96,,,
26,0.04,52651,1068,1950,42.32,42.32,,,
27,0.04,52715,1072,1952,41.63,41.63,,,
27,0.04,53030,1076,1947,42.44,42.44,26112,0.0023,1.9532922517391853
27,0.04,53276,1080,1947,43.09,43.09,26240,0.0023,1.9147011353634298
27,0.04,53367,1084,1949,41.27,41.27,,,
27,0.04,53434,1088,1951,39.47,39.47,,,
27,0.04,53560,1092,1947,38.46,38.46,26368,0.0023,2.0401753216865472
27,0.04,53684,1096,1951,38.85,38.85,,,
27,0.04,53918,1100,1951,40.49,40.49,26496,0.0023,2.027346582413884
27,0.04,54373,1104,1949,43.66,43.66,26752,0.0023,2.068413316621445
28,0.04,54709,1108,1952,44.56,44.56,26880,0.0023,2.039031954249367
28,0.04,54877,1112,1950,44.0,44.0,27008,0.0023,2.1741096550249495
28,0.04,55238,1116,1953,46.83,46.83,27136,0.0023,2.10914389899699
28,0.04,55446,1120,1951,47.64,47.64,27264,0.0023,2.42025009583449
28,0.04,55834,1124,1948,48.1,48.1,27520,0.0023,2.0036579798324965
28,0.04,56293,1128,1953,50.17,50.17,27648,0.0023,1.8775417635042686
28,0.04,56440,1132,1950,50.07,50.07,27776,0.0023,1.9019262236543
28,0.04,56526,1136,1952,48.95,48.95,,,
29,0.04,56592,1140,1947,47.47,47.47,27904,0.0023,2.158226713829208
29,0.04,56669,1144,1949,45.15,45.15,,,
29,0.04,56770,1148,1952,44.79,44.79,,,
29,0.04,56910,1152,1948,45.53,45.53,28032,0.0023,2.19208511011675
29,0.04,57292,1156,1951,48.58,48.58,28160,0.0023,2.0511676853056997
29,0.04,57744,1160,1950,52.25,52.25,28416,0.0023,1.7800906375632621
29,0.04,58276,1164,1952,56.88,56.88,28672,0.0023,1.8432516597094946
30,0.04,58828,1168,1953,61.77,61.77,28928,0.0023,2.305468295060564
30,0.04,59296,1172,1952,65.81,65.81,29184,0.0023,2.1390852440090384
30,0.04,59906,1176,1949,68.76,68.76,29568,0.0023,1.8257907760562375
30,0.04,60259,1180,1952,69.83,69.83,29696,0.0023,2.2538274900289252
31,0.04,60570,1184,1950,72.03,72.03,29824,0.0023,2.22449999829405
31,0.04,60969,1188,1947,75.35,75.35,30080,0.0023,1.7968513674568385
31,0.04,61204,1192,1946,76.44,76.44,30208,0.0023,1.941456127911806
31,0.04,61286,1196,1948,76.02,76.02,,,
31,0.04,61358,1200,1950,74.4,74.4,,,
31,0.04,61430,1204,1951,70.57,70.57,,,
31,0.04,61686,1208,1951,69.77,69.77,30336,0.0023,2.2156022830167785
31,0.04,62064,1212,1948,71.87,71.87,30592,0.0023,1.8002852400531992
32,0.04,62521,1216,1947,72.83,72.83,30848,0.0023,1.9986129178432748
32,0.04,62744,1220,1947,72.98,72.98,30976,0.0023,2.0042660503822844
32,0.04,63091,1224,1949,72.57,72.57,31104,0.0023,2.1801184279611334
32,0.04,63748,1228,1947,74.55,74.55,31488,0.0023,1.8186336601502262
32,0.04,64325,1232,1949,78.85,78.85,31744,0.0023,2.193166906479746
33,0.04,64608,1236,1950,80.82,80.82,31872,0.0023,1.921341852081241
33,0.04,64947,1240,1952,83.55,83.55,32000,0.0023,2.282373125257436
33,0.04,65492,1244,1953,88.23,88.23,32256,0.0023,2.069710020790808
33,0.04,65732,1248,1953,89.62,89.62,32384,0.0023,1.8651769778807648
33,0.04,66096,1252,1950,91.86,91.86,32640,0.0023,1.6893823174759746
34,0.04,66933,1256,1952,96.41,96.41,33024,0.0023,2.205265812459402
34,0.04,67903,1260,1950,101.59,101.59,33536,0.0023,1.8907053552102298
35,0.04,68447,1264,1951,101.71,101.71,33792,0.0023,1.835622229380533
35,0.04,68843,1268,1954,100.15,100.15,33920,0.0023,1.7263631115783937
35,0.04,68948,1272,1951,96.52,96.52,34048,0.0023,1.915381703467574
35,0.04,69162,1276,1950,92.56,92.56,34176,0.0023,1.7686331871664152
35,0.04,69908,1280,1950,96.49,96.49,34560,0.0023,1.5778339642565697
35,0.04,70264,1284,1953,96.94,96.94,34688,0.0023,1.6089135970105417
36,0.04,70497,1288,1952,95.28,95.28,34816,0.0023,1.8382760355598293
36,0.04,70893,1292,1956,96.89,96.89,34944,0.0023,1.518153612385504
36,0.04,71118,1296,1955,98.32,98.32,35072,0.0023,1.7427189694717526
37,0.04,72981,1300,1953,116.23,116.23,36096,0.0023,1.6446084227063693
38,0.04,74605,1304,1954,131.75,131.75,36864,0.0023,1.749208500754321
38,0.04,75035,1308,1953,133.49,133.49,37120,0.0023,1.983961985213682
38,0.04,75474,1312,1957,134.1,134.1,37248,0.0023,1.6750341902661603
39,0.04,77447,1316,1956,149.26,149.26,38272,0.0023,1.643646917596925
40,0.04,78883,1320,1953,161.39,161.39,39040,0.0023,1.7739697539946064
40,0.04,79559,1324,1957,164.68,164.68,39296,0.0023,1.786152247193968
41,0.04,80862,1328,1958,171.14,171.14,39936,0.0023,1.5672670353669673
41,0.04,81374,1332,1959,170.49,170.49,40192,0.0023,1.5948633953812532
41,0.04,81840,1336,1958,172.32,172.32,40448,0.0023,1.7269712926645298
41,0.04,81989,1340,1956,170.42,170.42,40576,0.0023,1.987008965399582
41,0.04,82069,1344,1958,165.77,165.77,,,
41,0.04,82144,1348,1959,164.12,164.12,,,
42,0.04,82509,1352,1956,164.13,164.13,40832,0.0023,1.6578796406975016
42,0.04,82576,1356,1957,156.43,156.43,,,
42,0.04,82638,1360,1958,147.35,147.35,,,
42,0.04,83236,1364,1956,147.89,147.89,41216,0.0023,2.1963513594237156
42,0.04,83755,1368,1956,149.12,149.12,41472,0.0023,1.6918531465926208
42,0.04,83836,1372,1958,148.88,148.88,,,
42,0.04,83904,1376,1959,147.42,147.42,,,
42,0.04,83993,1380,1955,140.85,140.85,41600,0.0023,1.8859861399396323
42,0.04,84072,1384,1957,138.08,138.08,,,
42,0.04,84130,1388,1958,136.33,136.33,,,
42,0.04,84188,1392,1959,132.95,132.95,,,
43,0.04,84283,1396,1956,131.65,131.65,41728,0.0023,1.7304037950234488
43,0.04,84495,1400,1955,115.14,115.14,41856,0.0023,1.905680926865898
43,0.04,85029,1404,1953,104.24,104.24,42112,0.0023,2.0567171977018006
43,0.04,85201,1408,1956,101.66,101.66,,,
43,0.04,85292,1412,1953,98.18,98.18,42240,0.0023,1.7263524347217754
43,0.04,85433,1416,1955,79.86,79.86,,,
43,0.04,85513,1420,1952,66.3,66.3,42368,0.0023,1.8468108845991082
43,0.04,85673,1424,1955,61.14,61.14,,,
43,0.04,85899,1428,1954,50.37,50.37,42496,0.0023,1.7695639464072883
44,0.04,86061,1432,1953,46.87,46.87,42624,0.0023,1.898309771611821
44,0.04,86408,1436,1955,45.68,45.68,42752,0.0023,2.0369893228053115
44,0.04,86663,1440,1955,46.74,46.74,42880,0.0023,2.0889223078265786
44,0.04,86898,1444,1954,48.29,48.29,43008,0.0023,2.0144177943002433
44,0.04,87454,1448,1955,53.1,53.1,43264,0.0023,2.0427219373523258
45,0.04,88133,1452,1954,56.24,56.24,43648,0.0023,2.128896646841895
45,0.04,88282,1456,1956,57.06,57.06,,,
45,0.04,88691,1460,1955,60.53,60.53,43904,0.0023,1.7340632457635365
45,0.04,89177,1464,1954,59.41,59.41,44160,0.0023,2.1115327414590865
45,0.04,89575,1468,1957,58.2,58.2,44288,0.0023,1.7674059725832194
45,0.04,89834,1472,1957,59.98,59.98,44416,0.0023,1.845890927594155
46,0.04,90016,1476,1955,61.12,61.12,44544,0.0023,1.770992382953409
46,0.04,90142,1480,1953,61.49,61.49,44672,0.0023,1.869655872520525
46,0.04,90227,1484,1955,61.55,61.55,,,
46,0.04,90308,1488,1956,61.78,61.78,,,
46,0.04,90470,1492,1954,62.82,62.82,44800,0.0023,2.3413690373126883
46,0.04,90678,1496,1953,63.95,63.95,44928,0.0023,2.0719910913612694
46,0.04,90799,1500,1955,63.04,63.04,,,
46,0.04,91039,1504,1955,60.1,60.1,45056,0.0023,1.8407976599992253
46,0.04,91403,1508,1952,62.02,62.02,45312,0.0023,1.6882288587512448
46,0.04,91678,1512,1953,63.86,63.86,45440,0.0023,1.6087430904153734
46,0.04,91826,1516,1955,63.93,63.93,,,
47,0.04,92492,1520,1953,69.79,69.79,45824,0.0023,1.8143496744451113
47,0.04,92599,1524,1955,69.26,69.26,,,
47,0.04,92716,1528,1953,68.17,68.17,45952,0.0023,1.6528297348850174
47,0.04,92836,1532,1955,67.75,67.75,,,
47,0.04,92976,1536,1952,65.68,65.68,46080,0.0023,2.0712612790521234
47,0.04,93045,1540,1953,63.82,63.82,,,
47,0.04,93107,1544,1954,62.09,62.09,,,
47,0.04,93168,1548,1955,57.14,57.14,,,
47,0.04,93516,1552,1953,53.83,53.83,46336,0.0023,1.8460823631612584
48,0.04,93831,1556,1954,55.49,55.49,46464,0.0023,2.0319445413770154
48,0.04,94037,1560,1953,53.46,53.46,46592,0.0023,1.8641934035695158
48,0.04,94157,1564,1955,49.8,49.8,,,
48,0.04,94403,1568,1955,48.28,48.28,46720,0.0023,1.9233020364772528
48,0.04,94771,1572,1953,49.37,49.37,46976,0.0023,1.8748434569861274
48,0.04,94833,1576,1953,48.17,48.17,,,
48,0.04,94938,1580,1955,47.96,47.96,,,
48,0.04,95259,1584,1952,50.32,50.32,47232,0.0023,1.9619384274701588
48,0.04,95432,1588,1954,51.24,51.24,,,
49,0.04,95751,1592,1951,52.81,52.81,47488,0.0023,1.9462040801299736
49,0.04,96025,1596,1952,53.47,53.47,47616,0.0023,1.923444991640281
49,0.04,96198,1600,1954,53.99,53.99,,,
49,0.04,96539,1604,1952,55.0,55.0,47872,0.0023,2.0064241107320413
49,0.04,96840,1608,1953,54.37,54.37,48000,0.0023,2.047662458207924
49,0.04,97197,1612,1954,55.19,55.19,48128,0.0023,1.839506312913727
49,0.04,97353,1616,1953,55.27,55.27,48256,0.0023,1.95973769511329
49,0.04,97475,1620,1955,49.83,49.83,,,
49,0.04,97709,1624,1954,51.1,51.1,48384,0.0023,1.9285951688652858
50,0.04,98202,1628,1954,54.86,54.86,48640,0.0023,2.249141732638236
50,0.04,98602,1632,1953,57.66,57.66,48896,0.0023,2.0100790817523375
50,0.04,99090,1636,1953,61.14,61.14,49152,0.0023,2.0442317389533855
50,0.04,99221,1640,1955,61.76,61.76,,,
50,0.04,99309,1644,1956,62.02,62.02,,,
50,0.04,99605,1648,1953,64.37,64.37,49408,0.0023,1.8928026494395453
51,0.04,99731,1652,1955,62.15,62.15,,,
51,0.04,99897,1656,1953,60.66,60.66,49536,0.0023,2.033008623693604
